0 verbose cli /usr/bin/node /usr/bin/npm
1 info using npm@10.8.2
2 info using node@v18.20.8
3 silly config load:file:/usr/lib/node_modules/npm/npmrc
4 silly config load:file:/home/ubuntu/infra_sprint1/frontend/.npmrc
5 silly config load:file:/home/ubuntu/.npmrc
6 silly config load:file:/usr/etc/npmrc
7 verbose title npm install
8 verbose argv "install"
9 verbose logfile logs-max:10 dir:/home/ubuntu/.npm/_logs/2026-05-11T08_39_53_187Z-
10 verbose logfile /home/ubuntu/.npm/_logs/2026-05-11T08_39_53_187Z-debug-0.log
11 silly packumentCache heap:2102919168 maxSize:525729792 maxEntrySize:262864896
12 silly logfile done cleaning log files
13 silly idealTree buildDeps
14 silly reify moves {}
15 silly audit bulk request {
15 silly audit   '@babel/code-frame': [ '7.16.7' ],
15 silly audit   '@babel/compat-data': [ '7.16.4' ],
15 silly audit   '@babel/core': [ '7.16.7' ],
15 silly audit   semver: [ '6.3.0', '7.0.0', '7.3.5' ],
15 silly audit   '@babel/eslint-parser': [ '7.16.5' ],
15 silly audit   'eslint-scope': [ '5.1.1', '7.1.0' ],
15 silly audit   'eslint-visitor-keys': [ '2.1.0', '3.1.0' ],
15 silly audit   estraverse: [ '4.3.0', '5.3.0' ],
15 silly audit   '@babel/generator': [ '7.16.7' ],
15 silly audit   '@babel/helper-annotate-as-pure': [ '7.16.7' ],
15 silly audit   '@babel/helper-builder-binary-assignment-operator-visitor': [ '7.16.7' ],
15 silly audit   '@babel/helper-compilation-targets': [ '7.16.7' ],
15 silly audit   '@babel/helper-create-class-features-plugin': [ '7.16.7' ],
15 silly audit   '@babel/helper-create-regexp-features-plugin': [ '7.16.7' ],
15 silly audit   '@babel/helper-define-polyfill-provider': [ '0.3.0' ],
15 silly audit   '@babel/helper-environment-visitor': [ '7.16.7' ],
15 silly audit   '@babel/helper-explode-assignable-expression': [ '7.16.7' ],
15 silly audit   '@babel/helper-function-name': [ '7.16.7' ],
15 silly audit   '@babel/helper-get-function-arity': [ '7.16.7' ],
15 silly audit   '@babel/helper-hoist-variables': [ '7.16.7' ],
15 silly audit   '@babel/helper-member-expression-to-functions': [ '7.16.7' ],
15 silly audit   '@babel/helper-module-imports': [ '7.16.7' ],
15 silly audit   '@babel/helper-module-transforms': [ '7.16.7' ],
15 silly audit   '@babel/helper-optimise-call-expression': [ '7.16.7' ],
15 silly audit   '@babel/helper-plugin-utils': [ '7.16.7' ],
15 silly audit   '@babel/helper-remap-async-to-generator': [ '7.16.7' ],
15 silly audit   '@babel/helper-replace-supers': [ '7.16.7' ],
15 silly audit   '@babel/helper-simple-access': [ '7.16.7' ],
15 silly audit   '@babel/helper-skip-transparent-expression-wrappers': [ '7.16.0' ],
15 silly audit   '@babel/helper-split-export-declaration': [ '7.16.7' ],
15 silly audit   '@babel/helper-validator-identifier': [ '7.16.7' ],
15 silly audit   '@babel/helper-validator-option': [ '7.16.7' ],
15 silly audit   '@babel/helper-wrap-function': [ '7.16.7' ],
15 silly audit   '@babel/helpers': [ '7.16.7' ],
15 silly audit   '@babel/highlight': [ '7.16.7' ],
15 silly audit   '@babel/parser': [ '7.16.7' ],
15 silly audit   '@babel/plugin-bugfix-safari-id-destructuring-collision-in-function-expression': [ '7.16.7' ],
15 silly audit   '@babel/plugin-bugfix-v8-spread-parameters-in-optional-chaining': [ '7.16.7' ],
15 silly audit   '@babel/plugin-proposal-async-generator-functions': [ '7.16.7' ],
15 silly audit   '@babel/plugin-proposal-class-properties': [ '7.16.7' ],
15 silly audit   '@babel/plugin-proposal-class-static-block': [ '7.16.7' ],
15 silly audit   '@babel/plugin-proposal-decorators': [ '7.16.7' ],
15 silly audit   '@babel/plugin-proposal-dynamic-import': [ '7.16.7' ],
15 silly audit   '@babel/plugin-proposal-export-namespace-from': [ '7.16.7' ],
15 silly audit   '@babel/plugin-proposal-json-strings': [ '7.16.7' ],
15 silly audit   '@babel/plugin-proposal-logical-assignment-operators': [ '7.16.7' ],
15 silly audit   '@babel/plugin-proposal-nullish-coalescing-operator': [ '7.16.7' ],
15 silly audit   '@babel/plugin-proposal-numeric-separator': [ '7.16.7' ],
15 silly audit   '@babel/plugin-proposal-object-rest-spread': [ '7.16.7' ],
15 silly audit   '@babel/plugin-proposal-optional-catch-binding': [ '7.16.7' ],
15 silly audit   '@babel/plugin-proposal-optional-chaining': [ '7.16.7' ],
15 silly audit   '@babel/plugin-proposal-private-methods': [ '7.16.7' ],
15 silly audit   '@babel/plugin-proposal-private-property-in-object': [ '7.16.7' ],
15 silly audit   '@babel/plugin-proposal-unicode-property-regex': [ '7.16.7' ],
15 silly audit   '@babel/plugin-syntax-async-generators': [ '7.8.4' ],
15 silly audit   '@babel/plugin-syntax-bigint': [ '7.8.3' ],
15 silly audit   '@babel/plugin-syntax-class-properties': [ '7.12.13' ],
15 silly audit   '@babel/plugin-syntax-class-static-block': [ '7.14.5' ],
15 silly audit   '@babel/plugin-syntax-decorators': [ '7.16.7' ],
15 silly audit   '@babel/plugin-syntax-dynamic-import': [ '7.8.3' ],
15 silly audit   '@babel/plugin-syntax-export-namespace-from': [ '7.8.3' ],
15 silly audit   '@babel/plugin-syntax-flow': [ '7.16.7' ],
15 silly audit   '@babel/plugin-syntax-import-meta': [ '7.10.4' ],
15 silly audit   '@babel/plugin-syntax-json-strings': [ '7.8.3' ],
15 silly audit   '@babel/plugin-syntax-jsx': [ '7.16.7' ],
15 silly audit   '@babel/plugin-syntax-logical-assignment-operators': [ '7.10.4' ],
15 silly audit   '@babel/plugin-syntax-nullish-coalescing-operator': [ '7.8.3' ],
15 silly audit   '@babel/plugin-syntax-numeric-separator': [ '7.10.4' ],
15 silly audit   '@babel/plugin-syntax-object-rest-spread': [ '7.8.3' ],
15 silly audit   '@babel/plugin-syntax-optional-catch-binding': [ '7.8.3' ],
15 silly audit   '@babel/plugin-syntax-optional-chaining': [ '7.8.3' ],
15 silly audit   '@babel/plugin-syntax-private-property-in-object': [ '7.14.5' ],
15 silly audit   '@babel/plugin-syntax-top-level-await': [ '7.14.5' ],
15 silly audit   '@babel/plugin-syntax-typescript': [ '7.16.7' ],
15 silly audit   '@babel/plugin-transform-arrow-functions': [ '7.16.7' ],
15 silly audit   '@babel/plugin-transform-async-to-generator': [ '7.16.7' ],
15 silly audit   '@babel/plugin-transform-block-scoped-functions': [ '7.16.7' ],
15 silly audit   '@babel/plugin-transform-block-scoping': [ '7.16.7' ],
15 silly audit   '@babel/plugin-transform-classes': [ '7.16.7' ],
15 silly audit   '@babel/plugin-transform-computed-properties': [ '7.16.7' ],
15 silly audit   '@babel/plugin-transform-destructuring': [ '7.16.7' ],
15 silly audit   '@babel/plugin-transform-dotall-regex': [ '7.16.7' ],
15 silly audit   '@babel/plugin-transform-duplicate-keys': [ '7.16.7' ],
15 silly audit   '@babel/plugin-transform-exponentiation-operator': [ '7.16.7' ],
15 silly audit   '@babel/plugin-transform-flow-strip-types': [ '7.16.7' ],
15 silly audit   '@babel/plugin-transform-for-of': [ '7.16.7' ],
15 silly audit   '@babel/plugin-transform-function-name': [ '7.16.7' ],
15 silly audit   '@babel/plugin-transform-literals': [ '7.16.7' ],
15 silly audit   '@babel/plugin-transform-member-expression-literals': [ '7.16.7' ],
15 silly audit   '@babel/plugin-transform-modules-amd': [ '7.16.7' ],
15 silly audit   '@babel/plugin-transform-modules-commonjs': [ '7.16.7' ],
15 silly audit   '@babel/plugin-transform-modules-systemjs': [ '7.16.7' ],
15 silly audit   '@babel/plugin-transform-modules-umd': [ '7.16.7' ],
15 silly audit   '@babel/plugin-transform-named-capturing-groups-regex': [ '7.16.7' ],
15 silly audit   '@babel/plugin-transform-new-target': [ '7.16.7' ],
15 silly audit   '@babel/plugin-transform-object-super': [ '7.16.7' ],
15 silly audit   '@babel/plugin-transform-parameters': [ '7.16.7' ],
15 silly audit   '@babel/plugin-transform-property-literals': [ '7.16.7' ],
15 silly audit   '@babel/plugin-transform-react-constant-elements': [ '7.16.7' ],
15 silly audit   '@babel/plugin-transform-react-display-name': [ '7.16.7' ],
15 silly audit   '@babel/plugin-transform-react-jsx': [ '7.16.7' ],
15 silly audit   '@babel/plugin-transform-react-jsx-development': [ '7.16.7' ],
15 silly audit   '@babel/plugin-transform-react-pure-annotations': [ '7.16.7' ],
15 silly audit   '@babel/plugin-transform-regenerator': [ '7.16.7' ],
15 silly audit   '@babel/plugin-transform-reserved-words': [ '7.16.7' ],
15 silly audit   '@babel/plugin-transform-runtime': [ '7.16.7' ],
15 silly audit   '@babel/plugin-transform-shorthand-properties': [ '7.16.7' ],
15 silly audit   '@babel/plugin-transform-spread': [ '7.16.7' ],
15 silly audit   '@babel/plugin-transform-sticky-regex': [ '7.16.7' ],
15 silly audit   '@babel/plugin-transform-template-literals': [ '7.16.7' ],
15 silly audit   '@babel/plugin-transform-typeof-symbol': [ '7.16.7' ],
15 silly audit   '@babel/plugin-transform-typescript': [ '7.16.7' ],
15 silly audit   '@babel/plugin-transform-unicode-escapes': [ '7.16.7' ],
15 silly audit   '@babel/plugin-transform-unicode-regex': [ '7.16.7' ],
15 silly audit   '@babel/preset-env': [ '7.16.7' ],
15 silly audit   '@babel/preset-modules': [ '0.1.5' ],
15 silly audit   '@babel/preset-react': [ '7.16.7' ],
15 silly audit   '@babel/preset-typescript': [ '7.16.7' ],
15 silly audit   '@babel/runtime': [ '7.16.7' ],
15 silly audit   '@babel/runtime-corejs3': [ '7.16.7' ],
15 silly audit   '@babel/template': [ '7.16.7' ],
15 silly audit   '@babel/traverse': [ '7.16.7' ],
15 silly audit   '@babel/types': [ '7.16.7' ],
15 silly audit   '@bcoe/v8-coverage': [ '0.2.3' ],
15 silly audit   '@csstools/normalize.css': [ '12.0.0' ],
15 silly audit   '@eslint/eslintrc': [ '1.0.5' ],
15 silly audit   argparse: [ '2.0.1', '1.0.10' ],
15 silly audit   globals: [ '13.12.0', '11.12.0' ],
15 silly audit   'js-yaml': [ '4.1.0', '3.14.1' ],
15 silly audit   'type-fest': [ '0.20.2', '0.16.0', '0.21.3' ],
15 silly audit   '@humanwhocodes/config-array': [ '0.9.2' ],
15 silly audit   '@humanwhocodes/object-schema': [ '1.2.1' ],
15 silly audit   '@istanbuljs/load-nyc-config': [ '1.1.0' ],
15 silly audit   camelcase: [ '5.3.1', '6.3.0' ],
15 silly audit   'find-up': [ '4.1.0', '2.1.0', '5.0.0', '3.0.0' ],
15 silly audit   'locate-path': [ '5.0.0', '2.0.0', '6.0.0', '3.0.0' ],
15 silly audit   'p-limit': [ '2.3.0', '1.3.0', '3.1.0' ],
15 silly audit   'p-locate': [ '4.1.0', '2.0.0', '5.0.0', '3.0.0' ],
15 silly audit   '@istanbuljs/schema': [ '0.1.3' ],
15 silly audit   '@jest/console': [ '27.4.6' ],
15 silly audit   'ansi-styles': [ '4.3.0', '3.2.1', '5.2.0' ],
15 silly audit   chalk: [ '4.1.2', '3.0.0', '2.4.2' ],
15 silly audit   'color-convert': [ '2.0.1', '1.9.3' ],
15 silly audit   'color-name': [ '1.1.4', '1.1.3' ],
15 silly audit   'has-flag': [ '4.0.0', '3.0.0' ],
15 silly audit   'supports-color': [ '7.2.0', '8.1.1', '5.5.0' ],
15 silly audit   '@jest/core': [ '27.4.7' ],
15 silly audit   '@jest/environment': [ '27.4.6' ],
15 silly audit   '@jest/fake-timers': [ '27.4.6' ],
15 silly audit   '@jest/globals': [ '27.4.6' ],
15 silly audit   '@jest/reporters': [ '27.4.6' ],
15 silly audit   'source-map': [ '0.6.1', '0.7.3', '0.5.7', '0.8.0-beta.0' ],
15 silly audit   '@jest/source-map': [ '27.4.0' ],
15 silly audit   '@jest/test-result': [ '27.4.6' ],
15 silly audit   '@jest/test-sequencer': [ '27.4.6' ],
15 silly audit   '@jest/transform': [ '27.4.6' ],
15 silly audit   '@jest/types': [ '27.4.2' ],
15 silly audit   '@nodelib/fs.scandir': [ '2.1.5' ],
15 silly audit   '@nodelib/fs.stat': [ '2.0.5' ],
15 silly audit   '@nodelib/fs.walk': [ '1.2.8' ],
15 silly audit   '@pmmmwh/react-refresh-webpack-plugin': [ '0.5.4' ],
15 silly audit   '@rollup/plugin-babel': [ '5.3.0' ],
15 silly audit   '@rollup/plugin-node-resolve': [ '11.2.1' ],
15 silly audit   '@rollup/plugin-replace': [ '2.4.2' ],
15 silly audit   '@rollup/pluginutils': [ '3.1.0' ],
15 silly audit   '@types/estree': [ '0.0.39', '0.0.50' ],
15 silly audit   '@rushstack/eslint-patch': [ '1.1.0' ],
15 silly audit   '@sinonjs/commons': [ '1.8.3' ],
15 silly audit   '@sinonjs/fake-timers': [ '8.1.0' ],
15 silly audit   '@surma/rollup-plugin-off-main-thread': [ '2.2.3' ],
15 silly audit   '@svgr/babel-plugin-add-jsx-attribute': [ '5.4.0' ],
15 silly audit   '@svgr/babel-plugin-remove-jsx-attribute': [ '5.4.0' ],
15 silly audit   '@svgr/babel-plugin-remove-jsx-empty-expression': [ '5.0.1' ],
15 silly audit   '@svgr/babel-plugin-replace-jsx-attribute-value': [ '5.0.1' ],
15 silly audit   '@svgr/babel-plugin-svg-dynamic-title': [ '5.4.0' ],
15 silly audit   '@svgr/babel-plugin-svg-em-dimensions': [ '5.4.0' ],
15 silly audit   '@svgr/babel-plugin-transform-react-native-svg': [ '5.4.0' ],
15 silly audit   '@svgr/babel-plugin-transform-svg-component': [ '5.5.0' ],
15 silly audit   '@svgr/babel-preset': [ '5.5.0' ],
15 silly audit   '@svgr/core': [ '5.5.0' ],
15 silly audit   '@svgr/hast-util-to-babel-ast': [ '5.5.0' ],
15 silly audit   '@svgr/plugin-jsx': [ '5.5.0' ],
15 silly audit   '@svgr/plugin-svgo': [ '5.5.0' ],
15 silly audit   '@svgr/webpack': [ '5.5.0' ],
15 silly audit   '@testing-library/dom': [ '8.11.1' ],
15 silly audit   'aria-query': [ '5.0.0', '4.2.2' ],
15 silly audit   '@testing-library/jest-dom': [ '5.16.1' ],
15 silly audit   '@testing-library/react': [ '12.1.2' ],
15 silly audit   '@testing-library/user-event': [ '13.5.0' ],
15 silly audit   '@tootallnate/once': [ '1.1.2' ],
15 silly audit   '@trysound/sax': [ '0.2.0' ],
15 silly audit   '@types/aria-query': [ '4.2.2' ],
15 silly audit   '@types/babel__core': [ '7.1.18' ],
15 silly audit   '@types/babel__generator': [ '7.6.4' ],
15 silly audit   '@types/babel__template': [ '7.4.1' ],
15 silly audit   '@types/babel__traverse': [ '7.14.2' ],
15 silly audit   '@types/body-parser': [ '1.19.2' ],
15 silly audit   '@types/bonjour': [ '3.5.10' ],
15 silly audit   '@types/connect': [ '3.4.35' ],
15 silly audit   '@types/connect-history-api-fallback': [ '1.3.5' ],
15 silly audit   '@types/eslint': [ '7.29.0' ],
15 silly audit   '@types/eslint-scope': [ '3.7.2' ],
15 silly audit   '@types/express': [ '4.17.13' ],
15 silly audit   '@types/express-serve-static-core': [ '4.17.27' ],
15 silly audit   '@types/graceful-fs': [ '4.1.5' ],
15 silly audit   '@types/html-minifier-terser': [ '6.1.0' ],
15 silly audit   '@types/http-proxy': [ '1.17.8' ],
15 silly audit   '@types/istanbul-lib-coverage': [ '2.0.4' ],
15 silly audit   '@types/istanbul-lib-report': [ '3.0.0' ],
15 silly audit   '@types/istanbul-reports': [ '3.0.1' ],
15 silly audit   '@types/jest': [ '27.4.0' ],
15 silly audit   '@types/json-schema': [ '7.0.9' ],
15 silly audit   '@types/json5': [ '0.0.29' ],
15 silly audit   '@types/mime': [ '1.3.2' ],
15 silly audit   '@types/node': [ '17.0.8' ],
15 silly audit   '@types/parse-json': [ '4.0.0' ],
15 silly audit   '@types/prettier': [ '2.4.2' ],
15 silly audit   '@types/q': [ '1.5.5' ],
15 silly audit   '@types/qs': [ '6.9.7' ],
15 silly audit   '@types/range-parser': [ '1.2.4' ],
15 silly audit   '@types/resolve': [ '1.17.1' ],
15 silly audit   '@types/retry': [ '0.12.1' ],
15 silly audit   '@types/serve-index': [ '1.9.1' ],
15 silly audit   '@types/serve-static': [ '1.13.10' ],
15 silly audit   '@types/sockjs': [ '0.3.33' ],
15 silly audit   '@types/stack-utils': [ '2.0.1' ],
15 silly audit   '@types/testing-library__jest-dom': [ '5.14.2' ],
15 silly audit   '@types/trusted-types': [ '2.0.2' ],
15 silly audit   '@types/ws': [ '8.2.2' ],
15 silly audit   '@types/yargs': [ '16.0.4' ],
15 silly audit   '@types/yargs-parser': [ '20.2.1' ],
15 silly audit   '@typescript-eslint/eslint-plugin': [ '5.9.0' ],
15 silly audit   ignore: [ '5.2.0', '4.0.6' ],
15 silly audit   '@typescript-eslint/experimental-utils': [ '5.9.0' ],
15 silly audit   '@typescript-eslint/parser': [ '5.9.0' ],
15 silly audit   '@typescript-eslint/scope-manager': [ '5.9.0' ],
15 silly audit   '@typescript-eslint/type-utils': [ '5.9.0' ],
15 silly audit   '@typescript-eslint/types': [ '5.9.0' ],
15 silly audit   '@typescript-eslint/typescript-estree': [ '5.9.0' ],
15 silly audit   '@typescript-eslint/visitor-keys': [ '5.9.0' ],
15 silly audit   '@webassemblyjs/ast': [ '1.11.1' ],
15 silly audit   '@webassemblyjs/floating-point-hex-parser': [ '1.11.1' ],
15 silly audit   '@webassemblyjs/helper-api-error': [ '1.11.1' ],
15 silly audit   '@webassemblyjs/helper-buffer': [ '1.11.1' ],
15 silly audit   '@webassemblyjs/helper-numbers': [ '1.11.1' ],
15 silly audit   '@webassemblyjs/helper-wasm-bytecode': [ '1.11.1' ],
15 silly audit   '@webassemblyjs/helper-wasm-section': [ '1.11.1' ],
15 silly audit   '@webassemblyjs/ieee754': [ '1.11.1' ],
15 silly audit   '@webassemblyjs/leb128': [ '1.11.1' ],
15 silly audit   '@webassemblyjs/utf8': [ '1.11.1' ],
15 silly audit   '@webassemblyjs/wasm-edit': [ '1.11.1' ],
15 silly audit   '@webassemblyjs/wasm-gen': [ '1.11.1' ],
15 silly audit   '@webassemblyjs/wasm-opt': [ '1.11.1' ],
15 silly audit   '@webassemblyjs/wasm-parser': [ '1.11.1' ],
15 silly audit   '@webassemblyjs/wast-printer': [ '1.11.1' ],
15 silly audit   '@xtuc/ieee754': [ '1.2.0' ],
15 silly audit   '@xtuc/long': [ '4.2.2' ],
15 silly audit   abab: [ '2.0.5' ],
15 silly audit   accepts: [ '1.3.7' ],
15 silly audit   acorn: [ '8.7.0', '7.4.1' ],
15 silly audit   'acorn-globals': [ '6.0.0' ],
15 silly audit   'acorn-import-assertions': [ '1.8.0' ],
15 silly audit   'acorn-jsx': [ '5.3.2' ],
15 silly audit   'acorn-node': [ '1.8.2' ],
15 silly audit   'acorn-walk': [ '7.2.0' ],
15 silly audit   address: [ '1.1.2' ],
15 silly audit   'adjust-sourcemap-loader': [ '4.0.0' ],
15 silly audit   'agent-base': [ '6.0.2' ],
15 silly audit   'aggregate-error': [ '3.1.0' ],
15 silly audit   ajv: [ '6.12.6', '8.8.2' ],
15 silly audit   'ajv-formats': [ '2.1.1' ],
15 silly audit   'json-schema-traverse': [ '1.0.0', '0.4.1' ],
15 silly audit   'ajv-keywords': [ '3.5.2', '5.1.0' ],
15 silly audit   'alphanum-sort': [ '1.0.2' ],
15 silly audit   'ansi-colors': [ '4.1.1' ],
15 silly audit   'ansi-escapes': [ '4.3.2' ],
15 silly audit   'ansi-html-community': [ '0.0.8' ],
15 silly audit   'ansi-regex': [ '5.0.1', '6.0.1' ],
15 silly audit   anymatch: [ '3.1.2' ],
15 silly audit   arg: [ '5.0.1' ],
15 silly audit   'array-flatten': [ '2.1.2', '1.1.1' ],
15 silly audit   'array-includes': [ '3.1.4' ],
15 silly audit   'array-union': [ '2.1.0' ],
15 silly audit   'array.prototype.flat': [ '1.2.5' ],
15 silly audit   'array.prototype.flatmap': [ '1.2.5' ],
15 silly audit   asap: [ '2.0.6' ],
15 silly audit   'ast-types-flow': [ '0.0.7' ],
15 silly audit   async: [ '2.6.3', '0.9.2' ],
15 silly audit   asynckit: [ '0.4.0' ],
15 silly audit   'at-least-node': [ '1.0.0' ],
15 silly audit   atob: [ '2.1.2' ],
15 silly audit   autoprefixer: [ '10.4.2' ],
15 silly audit   'axe-core': [ '4.3.5' ],
15 silly audit   'axobject-query': [ '2.2.0' ],
15 silly audit   'babel-jest': [ '27.4.6' ],
15 silly audit   'babel-loader': [ '8.2.3' ],
15 silly audit   json5: [ '1.0.1', '2.2.0' ],
15 silly audit   'loader-utils': [ '1.4.0', '2.0.2', '3.2.0' ],
15 silly audit   'schema-utils': [ '2.7.1', '4.0.0', '2.7.0', '3.1.1' ],
15 silly audit   'babel-plugin-dynamic-import-node': [ '2.3.3' ],
15 silly audit   'babel-plugin-istanbul': [ '6.1.1' ],
15 silly audit   'babel-plugin-jest-hoist': [ '27.4.0' ],
15 silly audit   'babel-plugin-macros': [ '3.1.0' ],
15 silly audit   'babel-plugin-named-asset-import': [ '0.3.8' ],
15 silly audit   'babel-plugin-polyfill-corejs2': [ '0.3.0' ],
15 silly audit   'babel-plugin-polyfill-corejs3': [ '0.4.0' ],
15 silly audit   'babel-plugin-polyfill-regenerator': [ '0.3.0' ],
15 silly audit   'babel-plugin-transform-react-remove-prop-types': [ '0.4.24' ],
15 silly audit   'babel-preset-current-node-syntax': [ '1.0.1' ],
15 silly audit   'babel-preset-jest': [ '27.4.0' ],
15 silly audit   'babel-preset-react-app': [ '10.0.1' ],
15 silly audit   'balanced-match': [ '1.0.2' ],
15 silly audit   batch: [ '0.6.1' ],
15 silly audit   bfj: [ '7.0.2' ],
15 silly audit   'big.js': [ '5.2.2' ],
15 silly audit   'binary-extensions': [ '2.2.0' ],
15 silly audit   bluebird: [ '3.7.2' ],
15 silly audit   'body-parser': [ '1.19.1' ],
15 silly audit   bytes: [ '3.1.1', '3.0.0' ],
15 silly audit   debug: [ '2.6.9', '4.3.3', '3.2.7' ],
15 silly audit   'iconv-lite': [ '0.4.24', '0.6.3' ],
15 silly audit   ms: [ '2.0.0', '2.1.2', '2.1.3' ],
15 silly audit   bonjour: [ '3.5.0' ],
15 silly audit   boolbase: [ '1.0.0' ],
15 silly audit   'brace-expansion': [ '1.1.11' ],
15 silly audit   braces: [ '3.0.2' ],
15 silly audit   'browser-process-hrtime': [ '1.0.0' ],
15 silly audit   browserslist: [ '4.19.1' ],
15 silly audit   bser: [ '2.1.1' ],
15 silly audit   'buffer-from': [ '1.1.2' ],
15 silly audit   'buffer-indexof': [ '1.1.1' ],
15 silly audit   'builtin-modules': [ '3.2.0' ],
15 silly audit   'call-bind': [ '1.0.2' ],
15 silly audit   callsites: [ '3.1.0' ],
15 silly audit   'camel-case': [ '4.1.2' ],
15 silly audit   'camelcase-css': [ '2.0.1' ],
15 silly audit   'caniuse-api': [ '3.0.0' ],
15 silly audit   'caniuse-lite': [ '1.0.30001298' ],
15 silly audit   'case-sensitive-paths-webpack-plugin': [ '2.4.0' ],
15 silly audit   'char-regex': [ '1.0.2', '2.0.0' ],
15 silly audit   'check-types': [ '11.1.2' ],
15 silly audit   chokidar: [ '3.5.2' ],
15 silly audit   'glob-parent': [ '5.1.2', '6.0.2' ],
15 silly audit   'chrome-trace-event': [ '1.0.3' ],
15 silly audit   'ci-info': [ '3.3.0' ],
15 silly audit   'cjs-module-lexer': [ '1.2.2' ],
15 silly audit   'clean-css': [ '5.2.2' ],
15 silly audit   'clean-stack': [ '2.2.0' ],
15 silly audit   cliui: [ '7.0.4' ],
15 silly audit   co: [ '4.6.0' ],
15 silly audit   coa: [ '2.0.2' ],
15 silly audit   'collect-v8-coverage': [ '1.0.1' ],
15 silly audit   colord: [ '2.9.2' ],
15 silly audit   colorette: [ '2.0.16' ],
15 silly audit   'combined-stream': [ '1.0.8' ],
15 silly audit   commander: [ '8.3.0', '7.2.0', '2.20.3' ],
15 silly audit   'common-path-prefix': [ '3.0.0' ],
15 silly audit   'common-tags': [ '1.8.2' ],
15 silly audit   commondir: [ '1.0.1' ],
15 silly audit   compressible: [ '2.0.18' ],
15 silly audit   compression: [ '1.7.4' ],
15 silly audit   'concat-map': [ '0.0.1' ],
15 silly audit   'confusing-browser-globals': [ '1.0.11' ],
15 silly audit   'connect-history-api-fallback': [ '1.6.0' ],
15 silly audit   'content-disposition': [ '0.5.4' ],
15 silly audit   'safe-buffer': [ '5.2.1', '5.1.2' ],
15 silly audit   'content-type': [ '1.0.4' ],
15 silly audit   'convert-source-map': [ '1.8.0' ],
15 silly audit   cookie: [ '0.4.1' ],
15 silly audit   'cookie-signature': [ '1.0.6' ],
15 silly audit   'core-js': [ '3.20.2' ],
15 silly audit   'core-js-compat': [ '3.20.2' ],
15 silly audit   'core-js-pure': [ '3.20.2' ],
15 silly audit   'core-util-is': [ '1.0.3' ],
15 silly audit   cosmiconfig: [ '7.0.1', '6.0.0' ],
15 silly audit   'cross-spawn': [ '7.0.3' ],
15 silly audit   'crypto-random-string': [ '2.0.0' ],
15 silly audit   css: [ '3.0.0' ],
15 silly audit   'css-blank-pseudo': [ '3.0.2' ],
15 silly audit   'css-declaration-sorter': [ '6.1.4' ],
15 silly audit   'css-has-pseudo': [ '3.0.2' ],
15 silly audit   'css-loader': [ '6.5.1' ],
15 silly audit   'css-minimizer-webpack-plugin': [ '3.3.1' ],
15 silly audit   'css-prefers-color-scheme': [ '6.0.2' ],
15 silly audit   'css-select': [ '4.2.1', '2.1.0' ],
15 silly audit   'css-select-base-adapter': [ '0.1.1' ],
15 silly audit   'css-tree': [ '1.0.0-alpha.37', '1.1.3' ],
15 silly audit   'css-what': [ '5.1.0', '3.4.2' ],
15 silly audit   'css.escape': [ '1.5.1' ],
15 silly audit   cssdb: [ '5.1.0' ],
15 silly audit   cssesc: [ '3.0.0' ],
15 silly audit   cssnano: [ '5.0.15' ],
15 silly audit   'cssnano-preset-default': [ '5.1.10' ],
15 silly audit   'cssnano-utils': [ '3.0.0' ],
15 silly audit   csso: [ '4.2.0' ],
15 silly audit   'mdn-data': [ '2.0.14', '2.0.4' ],
15 silly audit   cssom: [ '0.4.4', '0.3.8' ],
15 silly audit   cssstyle: [ '2.3.0' ],
15 silly audit   'damerau-levenshtein': [ '1.0.8' ],
15 silly audit   'data-urls': [ '2.0.0' ],
15 silly audit   'decimal.js': [ '10.3.1' ],
15 silly audit   'decode-uri-component': [ '0.2.0' ],
15 silly audit   dedent: [ '0.7.0' ],
15 silly audit   'deep-equal': [ '1.1.1' ],
15 silly audit   'deep-is': [ '0.1.4' ],
15 silly audit   deepmerge: [ '4.2.2' ],
15 silly audit   'default-gateway': [ '6.0.3' ],
15 silly audit   'define-lazy-prop': [ '2.0.0' ],
15 silly audit   'define-properties': [ '1.1.3' ],
15 silly audit   defined: [ '1.0.0' ],
15 silly audit   del: [ '6.0.0' ],
15 silly audit   'delayed-stream': [ '1.0.0' ],
15 silly audit   depd: [ '1.1.2' ],
15 silly audit   destroy: [ '1.0.4' ],
15 silly audit   'detect-newline': [ '3.1.0' ],
15 silly audit   'detect-node': [ '2.1.0' ],
15 silly audit   'detect-port-alt': [ '1.1.6' ],
15 silly audit   detective: [ '5.2.0' ],
15 silly audit   didyoumean: [ '1.2.2' ],
15 silly audit   'diff-sequences': [ '27.4.0' ],
15 silly audit   'dir-glob': [ '3.0.1' ],
15 silly audit   dlv: [ '1.1.3' ],
15 silly audit   'dns-equal': [ '1.0.0' ],
15 silly audit   'dns-packet': [ '1.3.4' ],
15 silly audit   'dns-txt': [ '2.0.2' ],
15 silly audit   doctrine: [ '3.0.0', '2.1.0' ],
15 silly audit   'dom-accessibility-api': [ '0.5.10' ],
15 silly audit   'dom-converter': [ '0.2.0' ],
15 silly audit   'dom-serializer': [ '1.3.2', '0.2.2' ],
15 silly audit   domelementtype: [ '2.2.0', '1.3.1' ],
15 silly audit   domexception: [ '2.0.1' ],
15 silly audit   'webidl-conversions': [ '5.0.0', '6.1.0', '4.0.2' ],
15 silly audit   domhandler: [ '4.3.0' ],
15 silly audit   domutils: [ '2.8.0', '1.7.0' ],
15 silly audit   'dot-case': [ '3.0.4' ],
15 silly audit   dotenv: [ '10.0.0' ],
15 silly audit   'dotenv-expand': [ '5.1.0' ],
15 silly audit   duplexer: [ '0.1.2' ],
15 silly audit   'ee-first': [ '1.1.1' ],
15 silly audit   ejs: [ '3.1.6' ],
15 silly audit   'electron-to-chromium': [ '1.4.38' ],
15 silly audit   emittery: [ '0.8.1' ],
15 silly audit   'emoji-regex': [ '9.2.2', '8.0.0' ],
15 silly audit   'emojis-list': [ '3.0.0' ],
15 silly audit   encodeurl: [ '1.0.2' ],
15 silly audit   'enhanced-resolve': [ '5.8.3' ],
15 silly audit   enquirer: [ '2.3.6' ],
15 silly audit   entities: [ '2.2.0' ],
15 silly audit   'error-ex': [ '1.3.2' ],
15 silly audit   'error-stack-parser': [ '2.0.6' ],
15 silly audit   'es-abstract': [ '1.19.1' ],
15 silly audit   'es-module-lexer': [ '0.9.3' ],
15 silly audit   'es-to-primitive': [ '1.2.1' ],
15 silly audit   escalade: [ '3.1.1' ],
15 silly audit   'escape-html': [ '1.0.3' ],
15 silly audit   'escape-string-regexp': [ '1.0.5', '4.0.0', '2.0.0' ],
15 silly audit   escodegen: [ '2.0.0' ],
15 silly audit   levn: [ '0.3.0', '0.4.1' ],
15 silly audit   optionator: [ '0.8.3', '0.9.1' ],
15 silly audit   'prelude-ls': [ '1.1.2', '1.2.1' ],
15 silly audit   'type-check': [ '0.3.2', '0.4.0' ],
15 silly audit   eslint: [ '8.6.0' ],
15 silly audit   'eslint-config-react-app': [ '7.0.0' ],
15 silly audit   'eslint-import-resolver-node': [ '0.3.6' ],
15 silly audit   'eslint-module-utils': [ '2.7.2' ],
15 silly audit   'p-try': [ '1.0.0', '2.2.0' ],
15 silly audit   'path-exists': [ '3.0.0', '4.0.0' ],
15 silly audit   'eslint-plugin-flowtype': [ '8.0.3' ],
15 silly audit   'eslint-plugin-import': [ '2.25.4' ],
15 silly audit   'eslint-plugin-jest': [ '25.3.4' ],
15 silly audit   'eslint-plugin-jsx-a11y': [ '6.5.1' ],
15 silly audit   'eslint-plugin-react': [ '7.28.0' ],
15 silly audit   'eslint-plugin-react-hooks': [ '4.3.0' ],
15 silly audit   resolve: [ '2.0.0-next.3', '1.21.0' ],
15 silly audit   'eslint-plugin-testing-library': [ '5.0.3' ],
15 silly audit   'eslint-utils': [ '3.0.0' ],
15 silly audit   'eslint-webpack-plugin': [ '3.1.1' ],
15 silly audit   espree: [ '9.3.0' ],
15 silly audit   esprima: [ '4.0.1' ],
15 silly audit   esquery: [ '1.4.0' ],
15 silly audit   esrecurse: [ '4.3.0' ],
15 silly audit   'estree-walker': [ '1.0.1' ],
15 silly audit   esutils: [ '2.0.3' ],
15 silly audit   etag: [ '1.8.1' ],
15 silly audit   eventemitter3: [ '4.0.7' ],
15 silly audit   events: [ '3.3.0' ],
15 silly audit   execa: [ '5.1.1' ],
15 silly audit   exit: [ '0.1.2' ],
15 silly audit   expect: [ '27.4.6' ],
15 silly audit   express: [ '4.17.2' ],
15 silly audit   'fast-deep-equal': [ '3.1.3' ],
15 silly audit   'fast-glob': [ '3.2.10' ],
15 silly audit   'fast-json-stable-stringify': [ '2.1.0' ],
15 silly audit   'fast-levenshtein': [ '2.0.6' ],
15 silly audit   fastq: [ '1.13.0' ],
15 silly audit   'faye-websocket': [ '0.11.4' ],
15 silly audit   'fb-watchman': [ '2.0.1' ],
15 silly audit   'file-entry-cache': [ '6.0.1' ],
15 silly audit   'file-loader': [ '6.2.0' ],
15 silly audit   filelist: [ '1.0.2' ],
15 silly audit   filesize: [ '8.0.6' ],
15 silly audit   'fill-range': [ '7.0.1' ],
15 silly audit   finalhandler: [ '1.1.2' ],
15 silly audit   'find-cache-dir': [ '3.3.2' ],
15 silly audit   'flat-cache': [ '3.0.4' ],
15 silly audit   flatted: [ '3.2.4' ],
15 silly audit   'follow-redirects': [ '1.14.6' ],
15 silly audit   'fork-ts-checker-webpack-plugin': [ '6.5.0' ],
15 silly audit   'fs-extra': [ '9.1.0', '10.0.0' ],
15 silly audit   tapable: [ '1.1.3', '2.2.1' ],
15 silly audit   'form-data': [ '3.0.1' ],
15 silly audit   forwarded: [ '0.2.0' ],
15 silly audit   'fraction.js': [ '4.1.2' ],
15 silly audit   fresh: [ '0.5.2' ],
15 silly audit   'fs-monkey': [ '1.0.3' ],
15 silly audit   'fs.realpath': [ '1.0.0' ],
15 silly audit   fsevents: [ '2.3.2' ],
15 silly audit   'function-bind': [ '1.1.1' ],
15 silly audit   'functional-red-black-tree': [ '1.0.1' ],
15 silly audit   gensync: [ '1.0.0-beta.2' ],
15 silly audit   'get-caller-file': [ '2.0.5' ],
15 silly audit   'get-intrinsic': [ '1.1.1' ],
15 silly audit   'get-own-enumerable-property-symbols': [ '3.0.2' ],
15 silly audit   'get-package-type': [ '0.1.0' ],
15 silly audit   'get-stream': [ '6.0.1' ],
15 silly audit   'get-symbol-description': [ '1.0.0' ],
15 silly audit   glob: [ '7.2.0' ],
15 silly audit   'glob-to-regexp': [ '0.4.1' ],
15 silly audit   'global-modules': [ '2.0.0' ],
15 silly audit   'global-prefix': [ '3.0.0' ],
15 silly audit   which: [ '1.3.1', '2.0.2' ],
15 silly audit   globby: [ '11.1.0' ],
15 silly audit   'graceful-fs': [ '4.2.9' ],
15 silly audit   'gzip-size': [ '6.0.0' ],
15 silly audit   'handle-thing': [ '2.0.1' ],
15 silly audit   'harmony-reflect': [ '1.6.2' ],
15 silly audit   has: [ '1.0.3' ],
15 silly audit   'has-bigints': [ '1.0.1' ],
15 silly audit   'has-symbols': [ '1.0.2' ],
15 silly audit   'has-tostringtag': [ '1.0.0' ],
15 silly audit   he: [ '1.2.0' ],
15 silly audit   history: [ '4.10.1' ],
15 silly audit   'hoist-non-react-statics': [ '3.3.2' ],
15 silly audit   'react-is': [ '16.13.1', '17.0.2' ],
15 silly audit   hoopy: [ '0.1.4' ],
15 silly audit   'hpack.js': [ '2.1.6' ],
15 silly audit   'readable-stream': [ '2.3.7', '3.6.0' ],
15 silly audit   string_decoder: [ '1.1.1', '1.3.0' ],
15 silly audit   'html-encoding-sniffer': [ '2.0.1' ],
15 silly audit   'html-entities': [ '2.3.2' ],
15 silly audit   'html-escaper': [ '2.0.2' ],
15 silly audit   'html-minifier-terser': [ '6.1.0' ],
15 silly audit   'html-webpack-plugin': [ '5.5.0' ],
15 silly audit   htmlparser2: [ '6.1.0' ],
15 silly audit   'http-deceiver': [ '1.2.7' ],
15 silly audit   'http-errors': [ '1.8.1', '1.6.3' ],
15 silly audit   'http-parser-js': [ '0.5.5' ],
15 silly audit   'http-proxy': [ '1.18.1' ],
15 silly audit   'http-proxy-agent': [ '4.0.1' ],
15 silly audit   'http-proxy-middleware': [ '2.0.1' ],
15 silly audit   'https-proxy-agent': [ '5.0.0' ],
15 silly audit   'human-signals': [ '2.1.0' ],
15 silly audit   'icss-utils': [ '5.1.0' ],
15 silly audit   idb: [ '6.1.5' ],
15 silly audit   'identity-obj-proxy': [ '3.0.0' ],
15 silly audit   immer: [ '9.0.7' ],
15 silly audit   'import-fresh': [ '3.3.0' ],
15 silly audit   'resolve-from': [ '4.0.0', '5.0.0' ],
15 silly audit   'import-local': [ '3.1.0' ],
15 silly audit   imurmurhash: [ '0.1.4' ],
15 silly audit   'indent-string': [ '4.0.0' ],
15 silly audit   inflight: [ '1.0.6' ],
15 silly audit   inherits: [ '2.0.4', '2.0.3' ],
15 silly audit   ini: [ '1.3.8' ],
15 silly audit   'internal-slot': [ '1.0.3' ],
15 silly audit   ip: [ '1.1.5' ],
15 silly audit   'ipaddr.js': [ '2.0.1', '1.9.1' ],
15 silly audit   'is-arguments': [ '1.1.1' ],
15 silly audit   'is-arrayish': [ '0.2.1' ],
15 silly audit   'is-bigint': [ '1.0.4' ],
15 silly audit   'is-binary-path': [ '2.1.0' ],
15 silly audit   'is-boolean-object': [ '1.1.2' ],
15 silly audit   'is-callable': [ '1.2.4' ],
15 silly audit   'is-core-module': [ '2.8.1' ],
15 silly audit   'is-date-object': [ '1.0.5' ],
15 silly audit   'is-docker': [ '2.2.1' ],
15 silly audit   'is-extglob': [ '2.1.1' ],
15 silly audit   'is-fullwidth-code-point': [ '3.0.0' ],
15 silly audit   'is-generator-fn': [ '2.1.0' ],
15 silly audit   'is-glob': [ '4.0.3' ],
15 silly audit   'is-module': [ '1.0.0' ],
15 silly audit   'is-negative-zero': [ '2.0.2' ],
15 silly audit   'is-number': [ '7.0.0' ],
15 silly audit   'is-number-object': [ '1.0.6' ],
15 silly audit   'is-obj': [ '1.0.1' ],
15 silly audit   'is-path-cwd': [ '2.2.0' ],
15 silly audit   'is-path-inside': [ '3.0.3' ],
15 silly audit   'is-plain-obj': [ '3.0.0' ],
15 silly audit   'is-potential-custom-element-name': [ '1.0.1' ],
15 silly audit   'is-regex': [ '1.1.4' ],
15 silly audit   'is-regexp': [ '1.0.0' ],
15 silly audit   'is-root': [ '2.1.0' ],
15 silly audit   'is-shared-array-buffer': [ '1.0.1' ],
15 silly audit   'is-stream': [ '2.0.1' ],
15 silly audit   'is-string': [ '1.0.7' ],
15 silly audit   'is-symbol': [ '1.0.4' ],
15 silly audit   'is-typedarray': [ '1.0.0' ],
15 silly audit   'is-weakref': [ '1.0.2' ],
15 silly audit   'is-wsl': [ '2.2.0' ],
15 silly audit   isarray: [ '1.0.0', '0.0.1' ],
15 silly audit   isexe: [ '2.0.0' ],
15 silly audit   'istanbul-lib-coverage': [ '3.2.0' ],
15 silly audit   'istanbul-lib-instrument': [ '5.1.0' ],
15 silly audit   'istanbul-lib-report': [ '3.0.0' ],
15 silly audit   'istanbul-lib-source-maps': [ '4.0.1' ],
15 silly audit   'istanbul-reports': [ '3.1.3' ],
15 silly audit   jake: [ '10.8.2' ],
15 silly audit   jest: [ '27.4.7' ],
15 silly audit   'jest-changed-files': [ '27.4.2' ],
15 silly audit   'jest-circus': [ '27.4.6' ],
15 silly audit   'jest-cli': [ '27.4.7' ],
15 silly audit   'jest-config': [ '27.4.7' ],
15 silly audit   'jest-diff': [ '27.4.6' ],
15 silly audit   'jest-docblock': [ '27.4.0' ],
15 silly audit   'jest-each': [ '27.4.6' ],
15 silly audit   'jest-environment-jsdom': [ '27.4.6' ],
15 silly audit   'jest-environment-node': [ '27.4.6' ],
15 silly audit   'jest-get-type': [ '27.4.0' ],
15 silly audit   'jest-haste-map': [ '27.4.6' ],
15 silly audit   'jest-jasmine2': [ '27.4.6' ],
15 silly audit   'jest-leak-detector': [ '27.4.6' ],
15 silly audit   'jest-matcher-utils': [ '27.4.6' ],
15 silly audit   'jest-message-util': [ '27.4.6' ],
15 silly audit   'jest-mock': [ '27.4.6' ],
15 silly audit   'jest-pnp-resolver': [ '1.2.2' ],
15 silly audit   'jest-regex-util': [ '27.4.0' ],
15 silly audit   'jest-resolve': [ '27.4.6' ],
15 silly audit   'jest-resolve-dependencies': [ '27.4.6' ],
15 silly audit   'jest-runner': [ '27.4.6' ],
15 silly audit   'jest-runtime': [ '27.4.6' ],
15 silly audit   'jest-serializer': [ '27.4.0' ],
15 silly audit   'jest-snapshot': [ '27.4.6' ],
15 silly audit   'jest-util': [ '27.4.2' ],
15 silly audit   'jest-validate': [ '27.4.6' ],
15 silly audit   'jest-watch-typeahead': [ '1.0.0' ],
15 silly audit   slash: [ '4.0.0', '3.0.0' ],
15 silly audit   'string-length': [ '5.0.1', '4.0.2' ],
15 silly audit   'strip-ansi': [ '7.0.1', '6.0.1' ],
15 silly audit   'jest-watcher': [ '27.4.6' ],
15 silly audit   'jest-worker': [ '27.4.6', '26.6.2' ],
15 silly audit   'js-tokens': [ '4.0.0' ],
15 silly audit   jsdom: [ '16.7.0' ],
15 silly audit   jsesc: [ '2.5.2', '0.5.0' ],
15 silly audit   'json-parse-better-errors': [ '1.0.2' ],
15 silly audit   'json-parse-even-better-errors': [ '2.3.1' ],
15 silly audit   'json-schema': [ '0.4.0' ],
15 silly audit   'json-stable-stringify-without-jsonify': [ '1.0.1' ],
15 silly audit   jsonfile: [ '6.1.0' ],
15 silly audit   jsonpointer: [ '5.0.0' ],
15 silly audit   'jsx-ast-utils': [ '3.2.1' ],
15 silly audit   'kind-of': [ '6.0.3' ],
15 silly audit   kleur: [ '3.0.3' ],
15 silly audit   klona: [ '2.0.5' ],
15 silly audit   'language-subtag-registry': [ '0.3.21' ],
15 silly audit   'language-tags': [ '1.0.5' ],
15 silly audit   leven: [ '3.1.0' ],
15 silly audit   lilconfig: [ '2.0.4' ],
15 silly audit   'lines-and-columns': [ '1.2.4' ],
15 silly audit   'loader-runner': [ '4.2.0' ],
15 silly audit   lodash: [ '4.17.21' ],
15 silly audit   'lodash.debounce': [ '4.0.8' ],
15 silly audit   'lodash.memoize': [ '4.1.2' ],
15 silly audit   'lodash.merge': [ '4.6.2' ],
15 silly audit   'lodash.sortby': [ '4.7.0' ],
15 silly audit   'lodash.uniq': [ '4.5.0' ],
15 silly audit   'loose-envify': [ '1.4.0' ],
15 silly audit   'lower-case': [ '2.0.2' ],
15 silly audit   'lru-cache': [ '6.0.0' ],
15 silly audit   'lz-string': [ '1.4.4' ],
15 silly audit   'magic-string': [ '0.25.7' ],
15 silly audit   'make-dir': [ '3.1.0' ],
15 silly audit   makeerror: [ '1.0.12' ],
15 silly audit   'media-typer': [ '0.3.0' ],
15 silly audit   memfs: [ '3.4.1' ],
15 silly audit   'merge-descriptors': [ '1.0.1' ],
15 silly audit   'merge-stream': [ '2.0.0' ],
15 silly audit   merge2: [ '1.4.1' ],
15 silly audit   methods: [ '1.1.2' ],
15 silly audit   micromatch: [ '4.0.4' ],
15 silly audit   mime: [ '1.6.0' ],
15 silly audit   'mime-db': [ '1.51.0' ],
15 silly audit   'mime-types': [ '2.1.34' ],
15 silly audit   'mimic-fn': [ '2.1.0' ],
15 silly audit   'min-indent': [ '1.0.1' ],
15 silly audit   'mini-create-react-context': [ '0.4.1' ],
15 silly audit   'mini-css-extract-plugin': [ '2.4.6' ],
15 silly audit   'minimalistic-assert': [ '1.0.1' ],
15 silly audit   minimatch: [ '3.0.4' ],
15 silly audit   minimist: [ '1.2.5' ],
15 silly audit   mkdirp: [ '0.5.5' ],
15 silly audit   'multicast-dns': [ '6.2.3' ],
15 silly audit   'multicast-dns-service-types': [ '1.1.0' ],
15 silly audit   nanoid: [ '3.1.30' ],
15 silly audit   'natural-compare': [ '1.4.0' ],
15 silly audit   negotiator: [ '0.6.2' ],
15 silly audit   'neo-async': [ '2.6.2' ],
15 silly audit   'no-case': [ '3.0.4' ],
15 silly audit   'node-forge': [ '0.10.0' ],
15 silly audit   'node-int64': [ '0.4.0' ],
15 silly audit   'node-releases': [ '2.0.1' ],
15 silly audit   'normalize-path': [ '3.0.0' ],
15 silly audit   'normalize-range': [ '0.1.2' ],
15 silly audit   'normalize-url': [ '6.1.0' ],
15 silly audit   'npm-run-path': [ '4.0.1' ],
15 silly audit   'nth-check': [ '2.0.1', '1.0.2' ],
15 silly audit   nwsapi: [ '2.2.0' ],
15 silly audit   'object-assign': [ '4.1.1' ],
15 silly audit   'object-hash': [ '2.2.0' ],
15 silly audit   'object-inspect': [ '1.12.0' ],
15 silly audit   'object-is': [ '1.1.5' ],
15 silly audit   'object-keys': [ '1.1.1' ],
15 silly audit   'object.assign': [ '4.1.2' ],
15 silly audit   'object.entries': [ '1.1.5' ],
15 silly audit   'object.fromentries': [ '2.0.5' ],
15 silly audit   'object.getownpropertydescriptors': [ '2.1.3' ],
15 silly audit   'object.hasown': [ '1.1.0' ],
15 silly audit   'object.values': [ '1.1.5' ],
15 silly audit   obuf: [ '1.1.2' ],
15 silly audit   'on-finished': [ '2.3.0' ],
15 silly audit   'on-headers': [ '1.0.2' ],
15 silly audit   once: [ '1.4.0' ],
15 silly audit   onetime: [ '5.1.2' ],
15 silly audit   open: [ '8.4.0' ],
15 silly audit   'p-map': [ '4.0.0' ],
15 silly audit   'p-retry': [ '4.6.1' ],
15 silly audit   'param-case': [ '3.0.4' ],
15 silly audit   'parent-module': [ '1.0.1' ],
15 silly audit   'parse-json': [ '5.2.0' ],
15 silly audit   parse5: [ '6.0.1' ],
15 silly audit   parseurl: [ '1.3.3' ],
15 silly audit   'pascal-case': [ '3.1.2' ],
15 silly audit   'path-is-absolute': [ '1.0.1' ],
15 silly audit   'path-key': [ '3.1.1' ],
15 silly audit   'path-parse': [ '1.0.7' ],
15 silly audit   'path-to-regexp': [ '0.1.7', '1.8.0' ],
15 silly audit   'path-type': [ '4.0.0' ],
15 silly audit   'performance-now': [ '2.1.0' ],
15 silly audit   picocolors: [ '1.0.0', '0.2.1' ],
15 silly audit   picomatch: [ '2.3.1' ],
15 silly audit   pirates: [ '4.0.4' ],
15 silly audit   'pkg-dir': [ '4.2.0' ],
15 silly audit   'pkg-up': [ '3.1.0' ],
15 silly audit   portfinder: [ '1.0.28' ],
15 silly audit   postcss: [ '8.4.5', '7.0.39' ],
15 silly audit   'postcss-attribute-case-insensitive': [ '5.0.0' ],
15 silly audit   'postcss-browser-comments': [ '4.0.0' ],
15 silly audit   'postcss-calc': [ '8.2.0' ],
15 silly audit   'postcss-color-functional-notation': [ '4.2.1' ],
15 silly audit   'postcss-color-hex-alpha': [ '8.0.2' ],
15 silly audit   'postcss-color-rebeccapurple': [ '7.0.2' ],
15 silly audit   'postcss-colormin': [ '5.2.3' ],
15 silly audit   'postcss-convert-values': [ '5.0.2' ],
15 silly audit   'postcss-custom-media': [ '8.0.0' ],
15 silly audit   'postcss-custom-properties': [ '12.0.4' ],
15 silly audit   'postcss-custom-selectors': [ '6.0.0' ],
15 silly audit   'postcss-dir-pseudo-class': [ '6.0.2' ],
15 silly audit   'postcss-discard-comments': [ '5.0.1' ],
15 silly audit   'postcss-discard-duplicates': [ '5.0.1' ],
15 silly audit   'postcss-discard-empty': [ '5.0.1' ],
15 silly audit   'postcss-discard-overridden': [ '5.0.2' ],
15 silly audit   'postcss-double-position-gradients': [ '3.0.4' ],
15 silly audit   'postcss-env-function': [ '4.0.4' ],
15 silly audit   'postcss-flexbugs-fixes': [ '5.0.2' ],
15 silly audit   'postcss-focus-visible': [ '6.0.3' ],
15 silly audit   'postcss-focus-within': [ '5.0.3' ],
15 silly audit   'postcss-font-variant': [ '5.0.0' ],
15 silly audit   'postcss-gap-properties': [ '3.0.2' ],
15 silly audit   'postcss-image-set-function': [ '4.0.4' ],
15 silly audit   'postcss-initial': [ '4.0.1' ],
15 silly audit   'postcss-js': [ '4.0.0' ],
15 silly audit   'postcss-lab-function': [ '4.0.3' ],
15 silly audit   'postcss-load-config': [ '3.1.1' ],
15 silly audit   'postcss-loader': [ '6.2.1' ],
15 silly audit   'postcss-logical': [ '5.0.2' ],
15 silly audit   'postcss-media-minmax': [ '5.0.0' ],
15 silly audit   'postcss-merge-longhand': [ '5.0.4' ],
15 silly audit   'postcss-merge-rules': [ '5.0.4' ],
15 silly audit   'postcss-minify-font-values': [ '5.0.2' ],
15 silly audit   'postcss-minify-gradients': [ '5.0.4' ],
15 silly audit   'postcss-minify-params': [ '5.0.3' ],
15 silly audit   'postcss-minify-selectors': [ '5.1.1' ],
15 silly audit   'postcss-modules-extract-imports': [ '3.0.0' ],
15 silly audit   'postcss-modules-local-by-default': [ '4.0.0' ],
15 silly audit   'postcss-modules-scope': [ '3.0.0' ],
15 silly audit   'postcss-modules-values': [ '4.0.0' ],
15 silly audit   'postcss-nested': [ '5.0.6' ],
15 silly audit   'postcss-nesting': [ '10.1.1' ],
15 silly audit   'postcss-normalize': [ '10.0.1' ],
15 silly audit   'postcss-normalize-charset': [ '5.0.1' ],
15 silly audit   'postcss-normalize-display-values': [ '5.0.2' ],
15 silly audit   'postcss-normalize-positions': [ '5.0.2' ],
15 silly audit   'postcss-normalize-repeat-style': [ '5.0.2' ],
15 silly audit   'postcss-normalize-string': [ '5.0.2' ],
15 silly audit   'postcss-normalize-timing-functions': [ '5.0.2' ],
15 silly audit   'postcss-normalize-unicode': [ '5.0.2' ],
15 silly audit   'postcss-normalize-url': [ '5.0.4' ],
15 silly audit   'postcss-normalize-whitespace': [ '5.0.2' ],
15 silly audit   'postcss-ordered-values': [ '5.0.3' ],
15 silly audit   'postcss-overflow-shorthand': [ '3.0.2' ],
15 silly audit   'postcss-page-break': [ '3.0.4' ],
15 silly audit   'postcss-place': [ '7.0.3' ],
15 silly audit   'postcss-preset-env': [ '7.2.0' ],
15 silly audit   'postcss-pseudo-class-any-link': [ '7.0.2' ],
15 silly audit   'postcss-reduce-initial': [ '5.0.2' ],
15 silly audit   'postcss-reduce-transforms': [ '5.0.2' ],
15 silly audit   'postcss-replace-overflow-wrap': [ '4.0.0' ],
15 silly audit   'postcss-selector-not': [ '5.0.0' ],
15 silly audit   'postcss-selector-parser': [ '6.0.8' ],
15 silly audit   'postcss-svgo': [ '5.0.3' ],
15 silly audit   svgo: [ '2.8.0', '1.3.2' ],
15 silly audit   'postcss-unique-selectors': [ '5.0.2' ],
15 silly audit   'postcss-value-parser': [ '4.2.0' ],
15 silly audit   'pretty-bytes': [ '5.6.0' ],
15 silly audit   'pretty-error': [ '4.0.0' ],
15 silly audit   'pretty-format': [ '27.4.6' ],
15 silly audit   'process-nextick-args': [ '2.0.1' ],
15 silly audit   progress: [ '2.0.3' ],
15 silly audit   promise: [ '8.1.0' ],
15 silly audit   prompts: [ '2.4.2' ],
15 silly audit   'prop-types': [ '15.8.1' ],
15 silly audit   'proxy-addr': [ '2.0.7' ],
15 silly audit   psl: [ '1.8.0' ],
15 silly audit   punycode: [ '2.1.1' ],
15 silly audit   q: [ '1.5.1' ],
15 silly audit   qs: [ '6.9.6' ],
15 silly audit   'queue-microtask': [ '1.2.3' ],
15 silly audit   'quick-lru': [ '5.1.1' ],
15 silly audit   raf: [ '3.4.1' ],
15 silly audit   randombytes: [ '2.1.0' ],
15 silly audit   'range-parser': [ '1.2.1' ],
15 silly audit   'raw-body': [ '2.4.2' ],
15 silly audit   react: [ '17.0.2' ],
15 silly audit   'react-app-polyfill': [ '3.0.0' ],
15 silly audit   'react-dev-utils': [ '12.0.0' ],
15 silly audit   'react-dom': [ '17.0.2' ],
15 silly audit   'react-error-overlay': [ '6.0.10' ],
15 silly audit   'react-refresh': [ '0.11.0' ],
15 silly audit   'react-router': [ '5.2.1' ],
15 silly audit   'react-router-dom': [ '5.3.0' ],
15 silly audit   'react-scripts': [ '5.0.0' ],
15 silly audit   readdirp: [ '3.6.0' ],
15 silly audit   'recursive-readdir': [ '2.2.2' ],
15 silly audit   redent: [ '3.0.0' ],
15 silly audit   regenerate: [ '1.4.2' ],
15 silly audit   'regenerate-unicode-properties': [ '9.0.0' ],
15 silly audit   'regenerator-runtime': [ '0.13.9' ],
15 silly audit   'regenerator-transform': [ '0.14.5' ],
15 silly audit   'regex-parser': [ '2.2.11' ],
15 silly audit   'regexp.prototype.flags': [ '1.3.1' ],
15 silly audit   regexpp: [ '3.2.0' ],
15 silly audit   'regexpu-core': [ '4.8.0' ],
15 silly audit   regjsgen: [ '0.5.2' ],
15 silly audit   regjsparser: [ '0.7.0' ],
15 silly audit   relateurl: [ '0.2.7' ],
15 silly audit   renderkid: [ '3.0.0' ],
15 silly audit   'require-directory': [ '2.1.1' ],
15 silly audit   'require-from-string': [ '2.0.2' ],
15 silly audit   'requires-port': [ '1.0.0' ],
15 silly audit   'resolve-cwd': [ '3.0.0' ],
15 silly audit   'resolve-pathname': [ '3.0.0' ],
15 silly audit   'resolve-url-loader': [ '4.0.0' ],
15 silly audit   'resolve.exports': [ '1.1.0' ],
15 silly audit   retry: [ '0.13.1' ],
15 silly audit   reusify: [ '1.0.4' ],
15 silly audit   rimraf: [ '3.0.2' ],
15 silly audit   rollup: [ '2.63.0' ],
15 silly audit   'rollup-plugin-terser': [ '7.0.2' ],
15 silly audit   'serialize-javascript': [ '4.0.0', '6.0.0' ],
15 silly audit   'run-parallel': [ '1.2.0' ],
15 silly audit   'safer-buffer': [ '2.1.2' ],
15 silly audit   'sanitize.css': [ '13.0.0' ],
15 silly audit   'sass-loader': [ '12.4.0' ],
15 silly audit   sax: [ '1.2.4' ],
15 silly audit   saxes: [ '5.0.1' ],
15 silly audit   scheduler: [ '0.20.2' ],
15 silly audit   'select-hose': [ '2.0.0' ],
15 silly audit   selfsigned: [ '1.10.11' ],
15 silly audit   send: [ '0.17.2' ],
15 silly audit   'serve-index': [ '1.9.1' ],
15 silly audit   setprototypeof: [ '1.1.0', '1.2.0' ],
15 silly audit   'serve-static': [ '1.14.2' ],
15 silly audit   'shebang-command': [ '2.0.0' ],
15 silly audit   'shebang-regex': [ '3.0.0' ],
15 silly audit   'shell-quote': [ '1.7.3' ],
15 silly audit   'side-channel': [ '1.0.4' ],
15 silly audit   'signal-exit': [ '3.0.6' ],
15 silly audit   sisteransi: [ '1.0.5' ],
15 silly audit   sockjs: [ '0.3.24' ],
15 silly audit   'source-list-map': [ '2.0.1' ],
15 silly audit   'source-map-js': [ '1.0.1' ],
15 silly audit   'source-map-loader': [ '3.0.1' ],
15 silly audit   'source-map-resolve': [ '0.6.0' ],
15 silly audit   'source-map-support': [ '0.5.21' ],
15 silly audit   'source-map-url': [ '0.4.1' ],
15 silly audit   'sourcemap-codec': [ '1.4.8' ],
15 silly audit   spdy: [ '4.0.2' ],
15 silly audit   'spdy-transport': [ '3.0.0' ],
15 silly audit   'sprintf-js': [ '1.0.3' ],
15 silly audit   stable: [ '0.1.8' ],
15 silly audit   'stack-utils': [ '2.0.5' ],
15 silly audit   stackframe: [ '1.2.0' ],
15 silly audit   statuses: [ '1.5.0' ],
15 silly audit   'string-natural-compare': [ '3.0.1' ],
15 silly audit   'string-width': [ '4.2.3' ],
15 silly audit   'string.prototype.matchall': [ '4.0.6' ],
15 silly audit   'string.prototype.trimend': [ '1.0.4' ],
15 silly audit   'string.prototype.trimstart': [ '1.0.4' ],
15 silly audit   'stringify-object': [ '3.3.0' ],
15 silly audit   'strip-bom': [ '4.0.0', '3.0.0' ],
15 silly audit   'strip-comments': [ '2.0.1' ],
15 silly audit   'strip-final-newline': [ '2.0.0' ],
15 silly audit   'strip-indent': [ '3.0.0' ],
15 silly audit   'strip-json-comments': [ '3.1.1' ],
15 silly audit   'style-loader': [ '3.3.1' ],
15 silly audit   stylehacks: [ '5.0.1' ],
15 silly audit   'supports-hyperlinks': [ '2.2.0' ],
15 silly audit   'supports-preserve-symlinks-flag': [ '1.0.0' ],
15 silly audit   'svg-parser': [ '2.0.4' ],
15 silly audit   'symbol-tree': [ '3.2.4' ],
15 silly audit   tailwindcss: [ '3.0.12' ],
15 silly audit   'temp-dir': [ '2.0.0' ],
15 silly audit   tempy: [ '0.6.0' ],
15 silly audit   'terminal-link': [ '2.1.1' ],
15 silly audit   terser: [ '5.10.0' ],
15 silly audit   'terser-webpack-plugin': [ '5.3.0' ],
15 silly audit   'test-exclude': [ '6.0.0' ],
15 silly audit   'text-table': [ '0.2.0' ],
15 silly audit   throat: [ '6.0.1' ],
15 silly audit   thunky: [ '1.1.0' ],
15 silly audit   timsort: [ '0.3.0' ],
15 silly audit   'tiny-invariant': [ '1.2.0' ],
15 silly audit   'tiny-warning': [ '1.0.3' ],
15 silly audit   tmpl: [ '1.0.5' ],
15 silly audit   'to-fast-properties': [ '2.0.0' ],
15 silly audit   'to-regex-range': [ '5.0.1' ],
15 silly audit   toidentifier: [ '1.0.1' ],
15 silly audit   'tough-cookie': [ '4.0.0' ],
15 silly audit   universalify: [ '0.1.2', '2.0.0' ],
15 silly audit   tr46: [ '2.1.0', '1.0.1' ],
15 silly audit   tryer: [ '1.0.1' ],
15 silly audit   'tsconfig-paths': [ '3.12.0' ],
15 silly audit   tslib: [ '2.3.1', '1.14.1' ],
15 silly audit   tsutils: [ '3.21.0' ],
15 silly audit   'type-detect': [ '4.0.8' ],
15 silly audit   'type-is': [ '1.6.18' ],
15 silly audit   'typedarray-to-buffer': [ '3.1.5' ],
15 silly audit   typescript: [ '4.5.4' ],
15 silly audit   'unbox-primitive': [ '1.0.1' ],
15 silly audit   'unicode-canonical-property-names-ecmascript': [ '2.0.0' ],
15 silly audit   'unicode-match-property-ecmascript': [ '2.0.0' ],
15 silly audit   'unicode-match-property-value-ecmascript': [ '2.0.0' ],
15 silly audit   'unicode-property-aliases-ecmascript': [ '2.0.0' ],
15 silly audit   'unique-string': [ '2.0.0' ],
15 silly audit   unpipe: [ '1.0.0' ],
15 silly audit   unquote: [ '1.1.1' ],
15 silly audit   upath: [ '1.2.0' ],
15 silly audit   'uri-js': [ '4.4.1' ],
15 silly audit   'util-deprecate': [ '1.0.2' ],
15 silly audit   'util.promisify': [ '1.0.1' ],
15 silly audit   utila: [ '0.4.0' ],
15 silly audit   'utils-merge': [ '1.0.1' ],
15 silly audit   uuid: [ '8.3.2' ],
15 silly audit   'v8-compile-cache': [ '2.3.0' ],
15 silly audit   'v8-to-istanbul': [ '8.1.1' ],
15 silly audit   'value-equal': [ '1.0.1' ],
15 silly audit   vary: [ '1.1.2' ],
15 silly audit   'w3c-hr-time': [ '1.0.2' ],
15 silly audit   'w3c-xmlserializer': [ '2.0.0' ],
15 silly audit   walker: [ '1.0.8' ],
15 silly audit   watchpack: [ '2.3.1' ],
15 silly audit   wbuf: [ '1.7.3' ],
15 silly audit   'web-vitals': [ '2.1.3' ],
15 silly audit   webpack: [ '5.65.0' ],
15 silly audit   'webpack-dev-middleware': [ '5.3.0' ],
15 silly audit   'webpack-dev-server': [ '4.7.2' ],
15 silly audit   ws: [ '8.4.0', '7.5.6' ],
15 silly audit   'webpack-manifest-plugin': [ '4.0.2' ],
15 silly audit   'webpack-sources': [ '2.3.1', '3.2.2', '1.4.3' ],
15 silly audit   'websocket-driver': [ '0.7.4' ],
15 silly audit   'websocket-extensions': [ '0.1.4' ],
15 silly audit   'whatwg-encoding': [ '1.0.5' ],
15 silly audit   'whatwg-fetch': [ '3.6.2' ],
15 silly audit   'whatwg-mimetype': [ '2.3.0' ],
15 silly audit   'whatwg-url': [ '8.7.0', '7.1.0' ],
15 silly audit   'which-boxed-primitive': [ '1.0.2' ],
15 silly audit   'word-wrap': [ '1.2.3' ],
15 silly audit   'workbox-background-sync': [ '6.4.2' ],
15 silly audit   'workbox-broadcast-update': [ '6.4.2' ],
15 silly audit   'workbox-build': [ '6.4.2' ],
15 silly audit   '@apideck/better-ajv-errors': [ '0.3.2' ],
15 silly audit   'workbox-cacheable-response': [ '6.4.2' ],
15 silly audit   'workbox-core': [ '6.4.2' ],
15 silly audit   'workbox-expiration': [ '6.4.2' ],
15 silly audit   'workbox-google-analytics': [ '6.4.2' ],
15 silly audit   'workbox-navigation-preload': [ '6.4.2' ],
15 silly audit   'workbox-precaching': [ '6.4.2' ],
15 silly audit   'workbox-range-requests': [ '6.4.2' ],
15 silly audit   'workbox-recipes': [ '6.4.2' ],
15 silly audit   'workbox-routing': [ '6.4.2' ],
15 silly audit   'workbox-strategies': [ '6.4.2' ],
15 silly audit   'workbox-streams': [ '6.4.2' ],
15 silly audit   'workbox-sw': [ '6.4.2' ],
15 silly audit   'workbox-webpack-plugin': [ '6.4.2' ],
15 silly audit   'workbox-window': [ '6.4.2' ],
15 silly audit   'wrap-ansi': [ '7.0.0' ],
15 silly audit   wrappy: [ '1.0.2' ],
15 silly audit   'write-file-atomic': [ '3.0.3' ],
15 silly audit   'xml-name-validator': [ '3.0.0' ],
15 silly audit   xmlchars: [ '2.2.0' ],
15 silly audit   xtend: [ '4.0.2' ],
15 silly audit   y18n: [ '5.0.8' ],
15 silly audit   yallist: [ '4.0.0' ],
15 silly audit   yaml: [ '1.10.2' ],
15 silly audit   yargs: [ '16.2.0' ],
15 silly audit   'yargs-parser': [ '20.2.9' ],
15 silly audit   'yocto-queue': [ '0.1.0' ]
15 silly audit }
16 verbose reify failed optional dependency /home/ubuntu/infra_sprint1/frontend/node_modules/fsevents
17 silly reify mark deleted [ '/home/ubuntu/infra_sprint1/frontend/node_modules/fsevents' ]
18 silly tarball no local data for wrappy@https://registry.npmjs.org/wrappy/-/wrappy-1.0.2.tgz. Extracting by manifest.
19 silly tarball no local data for ws@https://registry.npmjs.org/ws/-/ws-7.5.6.tgz. Extracting by manifest.
20 silly tarball no local data for workbox-sw@https://registry.npmjs.org/workbox-sw/-/workbox-sw-6.4.2.tgz. Extracting by manifest.
21 silly tarball no local data for workbox-streams@https://registry.npmjs.org/workbox-streams/-/workbox-streams-6.4.2.tgz. Extracting by manifest.
22 silly tarball no local data for workbox-strategies@https://registry.npmjs.org/workbox-strategies/-/workbox-strategies-6.4.2.tgz. Extracting by manifest.
23 silly tarball no local data for workbox-routing@https://registry.npmjs.org/workbox-routing/-/workbox-routing-6.4.2.tgz. Extracting by manifest.
24 silly tarball no local data for workbox-window@https://registry.npmjs.org/workbox-window/-/workbox-window-6.4.2.tgz. Extracting by manifest.
25 silly tarball no local data for workbox-range-requests@https://registry.npmjs.org/workbox-range-requests/-/workbox-range-requests-6.4.2.tgz. Extracting by manifest.
26 silly tarball no local data for workbox-webpack-plugin@https://registry.npmjs.org/workbox-webpack-plugin/-/workbox-webpack-plugin-6.4.2.tgz. Extracting by manifest.
27 silly tarball no local data for workbox-precaching@https://registry.npmjs.org/workbox-precaching/-/workbox-precaching-6.4.2.tgz. Extracting by manifest.
28 silly tarball no local data for workbox-navigation-preload@https://registry.npmjs.org/workbox-navigation-preload/-/workbox-navigation-preload-6.4.2.tgz. Extracting by manifest.
29 silly tarball no local data for workbox-google-analytics@https://registry.npmjs.org/workbox-google-analytics/-/workbox-google-analytics-6.4.2.tgz. Extracting by manifest.
30 silly tarball no local data for workbox-expiration@https://registry.npmjs.org/workbox-expiration/-/workbox-expiration-6.4.2.tgz. Extracting by manifest.
31 silly tarball no local data for workbox-cacheable-response@https://registry.npmjs.org/workbox-cacheable-response/-/workbox-cacheable-response-6.4.2.tgz. Extracting by manifest.
32 silly tarball no local data for workbox-core@https://registry.npmjs.org/workbox-core/-/workbox-core-6.4.2.tgz. Extracting by manifest.
33 silly tarball no local data for workbox-recipes@https://registry.npmjs.org/workbox-recipes/-/workbox-recipes-6.4.2.tgz. Extracting by manifest.
34 silly tarball no local data for workbox-build@https://registry.npmjs.org/workbox-build/-/workbox-build-6.4.2.tgz. Extracting by manifest.
35 silly tarball no local data for workbox-broadcast-update@https://registry.npmjs.org/workbox-broadcast-update/-/workbox-broadcast-update-6.4.2.tgz. Extracting by manifest.
36 silly tarball no local data for webpack-sources@https://registry.npmjs.org/webpack-sources/-/webpack-sources-3.2.2.tgz. Extracting by manifest.
37 silly tarball no local data for webpack-manifest-plugin@https://registry.npmjs.org/webpack-manifest-plugin/-/webpack-manifest-plugin-4.0.2.tgz. Extracting by manifest.
38 silly tarball no local data for webpack-dev-middleware@https://registry.npmjs.org/webpack-dev-middleware/-/webpack-dev-middleware-5.3.0.tgz. Extracting by manifest.
39 silly tarball no local data for workbox-background-sync@https://registry.npmjs.org/workbox-background-sync/-/workbox-background-sync-6.4.2.tgz. Extracting by manifest.
40 silly tarball no local data for web-vitals@https://registry.npmjs.org/web-vitals/-/web-vitals-2.1.3.tgz. Extracting by manifest.
41 silly tarball no local data for webpack@https://registry.npmjs.org/webpack/-/webpack-5.65.0.tgz. Extracting by manifest.
42 silly tarball no local data for watchpack@https://registry.npmjs.org/watchpack/-/watchpack-2.3.1.tgz. Extracting by manifest.
43 silly tarball no local data for vary@https://registry.npmjs.org/vary/-/vary-1.1.2.tgz. Extracting by manifest.
44 silly tarball no local data for value-equal@https://registry.npmjs.org/value-equal/-/value-equal-1.0.1.tgz. Extracting by manifest.
45 silly tarball no local data for v8-compile-cache@https://registry.npmjs.org/v8-compile-cache/-/v8-compile-cache-2.3.0.tgz. Extracting by manifest.
46 silly tarball no local data for utils-merge@https://registry.npmjs.org/utils-merge/-/utils-merge-1.0.1.tgz. Extracting by manifest.
47 silly tarball no local data for utila@https://registry.npmjs.org/utila/-/utila-0.4.0.tgz. Extracting by manifest.
48 silly tarball no local data for util-deprecate@https://registry.npmjs.org/util-deprecate/-/util-deprecate-1.0.2.tgz. Extracting by manifest.
49 silly tarball no local data for unquote@https://registry.npmjs.org/unquote/-/unquote-1.1.1.tgz. Extracting by manifest.
50 silly tarball no local data for unpipe@https://registry.npmjs.org/unpipe/-/unpipe-1.0.0.tgz. Extracting by manifest.
51 silly tarball no local data for unicode-property-aliases-ecmascript@https://registry.npmjs.org/unicode-property-aliases-ecmascript/-/unicode-property-aliases-ecmascript-2.0.0.tgz. Extracting by manifest.
52 silly tarball no local data for unicode-match-property-value-ecmascript@https://registry.npmjs.org/unicode-match-property-value-ecmascript/-/unicode-match-property-value-ecmascript-2.0.0.tgz. Extracting by manifest.
53 silly tarball no local data for unbox-primitive@https://registry.npmjs.org/unbox-primitive/-/unbox-primitive-1.0.1.tgz. Extracting by manifest.
54 silly tarball no local data for typescript@https://registry.npmjs.org/typescript/-/typescript-4.5.4.tgz. Extracting by manifest.
55 silly tarball no local data for tslib@https://registry.npmjs.org/tslib/-/tslib-2.3.1.tgz. Extracting by manifest.
56 silly tarball no local data for tsconfig-paths@https://registry.npmjs.org/tsconfig-paths/-/tsconfig-paths-3.12.0.tgz. Extracting by manifest.
57 silly tarball no local data for tough-cookie@https://registry.npmjs.org/tough-cookie/-/tough-cookie-4.0.0.tgz. Extracting by manifest.
58 silly tarball no local data for to-fast-properties@https://registry.npmjs.org/to-fast-properties/-/to-fast-properties-2.0.0.tgz. Extracting by manifest.
59 silly tarball no local data for tiny-invariant@https://registry.npmjs.org/tiny-invariant/-/tiny-invariant-1.2.0.tgz. Extracting by manifest.
60 silly tarball no local data for timsort@https://registry.npmjs.org/timsort/-/timsort-0.3.0.tgz. Extracting by manifest.
61 silly tarball no local data for text-table@https://registry.npmjs.org/text-table/-/text-table-0.2.0.tgz. Extracting by manifest.
62 silly tarball no local data for terser-webpack-plugin@https://registry.npmjs.org/terser-webpack-plugin/-/terser-webpack-plugin-5.3.0.tgz. Extracting by manifest.
63 silly tarball no local data for tiny-warning@https://registry.npmjs.org/tiny-warning/-/tiny-warning-1.0.3.tgz. Extracting by manifest.
64 silly tarball no local data for webpack-dev-server@https://registry.npmjs.org/webpack-dev-server/-/webpack-dev-server-4.7.2.tgz. Extracting by manifest.
65 silly tarball no local data for terser@https://registry.npmjs.org/terser/-/terser-5.10.0.tgz. Extracting by manifest.
66 silly tarball no local data for tailwindcss@https://registry.npmjs.org/tailwindcss/-/tailwindcss-3.0.12.tgz. Extracting by manifest.
67 silly tarball no local data for supports-hyperlinks@https://registry.npmjs.org/supports-hyperlinks/-/supports-hyperlinks-2.2.0.tgz. Extracting by manifest.
68 silly tarball no local data for stylehacks@https://registry.npmjs.org/stylehacks/-/stylehacks-5.0.1.tgz. Extracting by manifest.
69 silly tarball no local data for string.prototype.trimend@https://registry.npmjs.org/string.prototype.trimend/-/string.prototype.trimend-1.0.4.tgz. Extracting by manifest.
70 silly tarball no local data for string.prototype.matchall@https://registry.npmjs.org/string.prototype.matchall/-/string.prototype.matchall-4.0.6.tgz. Extracting by manifest.
71 silly tarball no local data for string.prototype.trimstart@https://registry.npmjs.org/string.prototype.trimstart/-/string.prototype.trimstart-1.0.4.tgz. Extracting by manifest.
72 silly tarball no local data for statuses@https://registry.npmjs.org/statuses/-/statuses-1.5.0.tgz. Extracting by manifest.
73 silly tarball no local data for stackframe@https://registry.npmjs.org/stackframe/-/stackframe-1.2.0.tgz. Extracting by manifest.
74 silly tarball no local data for sprintf-js@https://registry.npmjs.org/sprintf-js/-/sprintf-js-1.0.3.tgz. Extracting by manifest.
75 silly tarball no local data for stack-utils@https://registry.npmjs.org/stack-utils/-/stack-utils-2.0.5.tgz. Extracting by manifest.
76 silly tarball no local data for source-map-url@https://registry.npmjs.org/source-map-url/-/source-map-url-0.4.1.tgz. Extracting by manifest.
77 silly tarball no local data for source-map-resolve@https://registry.npmjs.org/source-map-resolve/-/source-map-resolve-0.6.0.tgz. Extracting by manifest.
78 silly tarball no local data for source-map-loader@https://registry.npmjs.org/source-map-loader/-/source-map-loader-3.0.1.tgz. Extracting by manifest.
79 silly tarball no local data for source-map@https://registry.npmjs.org/source-map/-/source-map-0.5.7.tgz. Extracting by manifest.
80 silly tarball no local data for source-map-js@https://registry.npmjs.org/source-map-js/-/source-map-js-1.0.1.tgz. Extracting by manifest.
81 silly tarball no local data for shell-quote@https://registry.npmjs.org/shell-quote/-/shell-quote-1.7.3.tgz. Extracting by manifest.
82 silly tarball no local data for signal-exit@https://registry.npmjs.org/signal-exit/-/signal-exit-3.0.6.tgz. Extracting by manifest.
83 silly tarball no local data for serve-index@https://registry.npmjs.org/serve-index/-/serve-index-1.9.1.tgz. Extracting by manifest.
84 silly tarball no local data for serve-static@https://registry.npmjs.org/serve-static/-/serve-static-1.14.2.tgz. Extracting by manifest.
85 silly tarball no local data for selfsigned@https://registry.npmjs.org/selfsigned/-/selfsigned-1.10.11.tgz. Extracting by manifest.
86 silly tarball no local data for select-hose@https://registry.npmjs.org/select-hose/-/select-hose-2.0.0.tgz. Extracting by manifest.
87 silly tarball no local data for semver@https://registry.npmjs.org/semver/-/semver-7.3.5.tgz. Extracting by manifest.
88 silly tarball no local data for scheduler@https://registry.npmjs.org/scheduler/-/scheduler-0.20.2.tgz. Extracting by manifest.
89 silly tarball no local data for sass-loader@https://registry.npmjs.org/sass-loader/-/sass-loader-12.4.0.tgz. Extracting by manifest.
90 silly tarball no local data for resolve-pathname@https://registry.npmjs.org/resolve-pathname/-/resolve-pathname-3.0.0.tgz. Extracting by manifest.
91 silly tarball no local data for resolve@https://registry.npmjs.org/resolve/-/resolve-1.21.0.tgz. Extracting by manifest.
92 silly tarball no local data for requires-port@https://registry.npmjs.org/requires-port/-/requires-port-1.0.0.tgz. Extracting by manifest.
93 silly tarball no local data for require-directory@https://registry.npmjs.org/require-directory/-/require-directory-2.1.1.tgz. Extracting by manifest.
94 silly tarball no local data for relateurl@https://registry.npmjs.org/relateurl/-/relateurl-0.2.7.tgz. Extracting by manifest.
95 silly tarball no local data for regjsparser@https://registry.npmjs.org/regjsparser/-/regjsparser-0.7.0.tgz. Extracting by manifest.
96 silly tarball no local data for regjsgen@https://registry.npmjs.org/regjsgen/-/regjsgen-0.5.2.tgz. Extracting by manifest.
97 silly tarball no local data for regexpu-core@https://registry.npmjs.org/regexpu-core/-/regexpu-core-4.8.0.tgz. Extracting by manifest.
98 silly tarball no local data for send@https://registry.npmjs.org/send/-/send-0.17.2.tgz. Extracting by manifest.
99 silly tarball no local data for regexp.prototype.flags@https://registry.npmjs.org/regexp.prototype.flags/-/regexp.prototype.flags-1.3.1.tgz. Extracting by manifest.
100 silly tarball no local data for regenerator-transform@https://registry.npmjs.org/regenerator-transform/-/regenerator-transform-0.14.5.tgz. Extracting by manifest.
101 silly tarball no local data for regenerator-runtime@https://registry.npmjs.org/regenerator-runtime/-/regenerator-runtime-0.13.9.tgz. Extracting by manifest.
102 silly tarball no local data for rollup@https://registry.npmjs.org/rollup/-/rollup-2.63.0.tgz. Extracting by manifest.
103 silly tarball no local data for recursive-readdir@https://registry.npmjs.org/recursive-readdir/-/recursive-readdir-2.2.2.tgz. Extracting by manifest.
104 silly tarball no local data for react-scripts@https://registry.npmjs.org/react-scripts/-/react-scripts-5.0.0.tgz. Extracting by manifest.
105 silly tarball no local data for react-router@https://registry.npmjs.org/react-router/-/react-router-5.2.1.tgz. Extracting by manifest.
106 silly tarball no local data for react-router-dom@https://registry.npmjs.org/react-router-dom/-/react-router-dom-5.3.0.tgz. Extracting by manifest.
107 silly tarball no local data for react-error-overlay@https://registry.npmjs.org/react-error-overlay/-/react-error-overlay-6.0.10.tgz. Extracting by manifest.
108 silly tarball no local data for react-dom@https://registry.npmjs.org/react-dom/-/react-dom-17.0.2.tgz. Extracting by manifest.
109 silly tarball no local data for raw-body@https://registry.npmjs.org/raw-body/-/raw-body-2.4.2.tgz. Extracting by manifest.
110 silly tarball no local data for regenerate-unicode-properties@https://registry.npmjs.org/regenerate-unicode-properties/-/regenerate-unicode-properties-9.0.0.tgz. Extracting by manifest.
111 silly tarball no local data for react-dev-utils@https://registry.npmjs.org/react-dev-utils/-/react-dev-utils-12.0.0.tgz. Extracting by manifest.
112 silly tarball no local data for react@https://registry.npmjs.org/react/-/react-17.0.2.tgz. Extracting by manifest.
113 silly tarball no local data for q@https://registry.npmjs.org/q/-/q-1.5.1.tgz. Extracting by manifest.
114 silly tarball no local data for psl@https://registry.npmjs.org/psl/-/psl-1.8.0.tgz. Extracting by manifest.
115 silly tarball no local data for promise@https://registry.npmjs.org/promise/-/promise-8.1.0.tgz. Extracting by manifest.
116 silly tarball no local data for pretty-format@https://registry.npmjs.org/pretty-format/-/pretty-format-27.4.6.tgz. Extracting by manifest.
117 silly tarball no local data for qs@https://registry.npmjs.org/qs/-/qs-6.9.6.tgz. Extracting by manifest.
118 silly tarball no local data for progress@https://registry.npmjs.org/progress/-/progress-2.0.3.tgz. Extracting by manifest.
119 silly tarball no local data for postcss-unique-selectors@https://registry.npmjs.org/postcss-unique-selectors/-/postcss-unique-selectors-5.0.2.tgz. Extracting by manifest.
120 silly tarball no local data for postcss-svgo@https://registry.npmjs.org/postcss-svgo/-/postcss-svgo-5.0.3.tgz. Extracting by manifest.
121 silly tarball no local data for postcss-selector-parser@https://registry.npmjs.org/postcss-selector-parser/-/postcss-selector-parser-6.0.8.tgz. Extracting by manifest.
122 silly tarball no local data for postcss-selector-not@https://registry.npmjs.org/postcss-selector-not/-/postcss-selector-not-5.0.0.tgz. Extracting by manifest.
123 silly tarball no local data for postcss-reduce-transforms@https://registry.npmjs.org/postcss-reduce-transforms/-/postcss-reduce-transforms-5.0.2.tgz. Extracting by manifest.
124 silly tarball no local data for postcss-reduce-initial@https://registry.npmjs.org/postcss-reduce-initial/-/postcss-reduce-initial-5.0.2.tgz. Extracting by manifest.
125 silly tarball no local data for postcss-place@https://registry.npmjs.org/postcss-place/-/postcss-place-7.0.3.tgz. Extracting by manifest.
126 silly tarball no local data for postcss-pseudo-class-any-link@https://registry.npmjs.org/postcss-pseudo-class-any-link/-/postcss-pseudo-class-any-link-7.0.2.tgz. Extracting by manifest.
127 silly tarball no local data for postcss-normalize-whitespace@https://registry.npmjs.org/postcss-normalize-whitespace/-/postcss-normalize-whitespace-5.0.2.tgz. Extracting by manifest.
128 silly tarball no local data for postcss-normalize-url@https://registry.npmjs.org/postcss-normalize-url/-/postcss-normalize-url-5.0.4.tgz. Extracting by manifest.
129 silly tarball no local data for postcss-normalize-unicode@https://registry.npmjs.org/postcss-normalize-unicode/-/postcss-normalize-unicode-5.0.2.tgz. Extracting by manifest.
130 silly tarball no local data for postcss-normalize-timing-functions@https://registry.npmjs.org/postcss-normalize-timing-functions/-/postcss-normalize-timing-functions-5.0.2.tgz. Extracting by manifest.
131 silly tarball no local data for postcss-normalize-string@https://registry.npmjs.org/postcss-normalize-string/-/postcss-normalize-string-5.0.2.tgz. Extracting by manifest.
132 silly tarball no local data for postcss-normalize-repeat-style@https://registry.npmjs.org/postcss-normalize-repeat-style/-/postcss-normalize-repeat-style-5.0.2.tgz. Extracting by manifest.
133 silly tarball no local data for postcss-normalize-positions@https://registry.npmjs.org/postcss-normalize-positions/-/postcss-normalize-positions-5.0.2.tgz. Extracting by manifest.
134 silly tarball no local data for postcss-overflow-shorthand@https://registry.npmjs.org/postcss-overflow-shorthand/-/postcss-overflow-shorthand-3.0.2.tgz. Extracting by manifest.
135 silly tarball no local data for postcss-normalize-charset@https://registry.npmjs.org/postcss-normalize-charset/-/postcss-normalize-charset-5.0.1.tgz. Extracting by manifest.
136 silly tarball no local data for postcss-ordered-values@https://registry.npmjs.org/postcss-ordered-values/-/postcss-ordered-values-5.0.3.tgz. Extracting by manifest.
137 silly tarball no local data for postcss-nested@https://registry.npmjs.org/postcss-nested/-/postcss-nested-5.0.6.tgz. Extracting by manifest.
138 silly tarball no local data for postcss-normalize-display-values@https://registry.npmjs.org/postcss-normalize-display-values/-/postcss-normalize-display-values-5.0.2.tgz. Extracting by manifest.
139 silly tarball no local data for postcss-nesting@https://registry.npmjs.org/postcss-nesting/-/postcss-nesting-10.1.1.tgz. Extracting by manifest.
140 silly tarball no local data for postcss-minify-selectors@https://registry.npmjs.org/postcss-minify-selectors/-/postcss-minify-selectors-5.1.1.tgz. Extracting by manifest.
141 silly tarball no local data for postcss-minify-params@https://registry.npmjs.org/postcss-minify-params/-/postcss-minify-params-5.0.3.tgz. Extracting by manifest.
142 silly tarball no local data for postcss-minify-font-values@https://registry.npmjs.org/postcss-minify-font-values/-/postcss-minify-font-values-5.0.2.tgz. Extracting by manifest.
143 silly tarball no local data for postcss-minify-gradients@https://registry.npmjs.org/postcss-minify-gradients/-/postcss-minify-gradients-5.0.4.tgz. Extracting by manifest.
144 silly tarball no local data for postcss-merge-rules@https://registry.npmjs.org/postcss-merge-rules/-/postcss-merge-rules-5.0.4.tgz. Extracting by manifest.
145 silly tarball no local data for postcss-logical@https://registry.npmjs.org/postcss-logical/-/postcss-logical-5.0.2.tgz. Extracting by manifest.
146 silly tarball no local data for postcss-merge-longhand@https://registry.npmjs.org/postcss-merge-longhand/-/postcss-merge-longhand-5.0.4.tgz. Extracting by manifest.
147 silly tarball no local data for postcss-load-config@https://registry.npmjs.org/postcss-load-config/-/postcss-load-config-3.1.1.tgz. Extracting by manifest.
148 silly tarball no local data for postcss-lab-function@https://registry.npmjs.org/postcss-lab-function/-/postcss-lab-function-4.0.3.tgz. Extracting by manifest.
149 silly tarball no local data for postcss-image-set-function@https://registry.npmjs.org/postcss-image-set-function/-/postcss-image-set-function-4.0.4.tgz. Extracting by manifest.
150 silly tarball no local data for postcss-gap-properties@https://registry.npmjs.org/postcss-gap-properties/-/postcss-gap-properties-3.0.2.tgz. Extracting by manifest.
151 silly tarball no local data for postcss-focus-visible@https://registry.npmjs.org/postcss-focus-visible/-/postcss-focus-visible-6.0.3.tgz. Extracting by manifest.
152 silly tarball no local data for postcss-focus-within@https://registry.npmjs.org/postcss-focus-within/-/postcss-focus-within-5.0.3.tgz. Extracting by manifest.
153 silly tarball no local data for postcss-env-function@https://registry.npmjs.org/postcss-env-function/-/postcss-env-function-4.0.4.tgz. Extracting by manifest.
154 silly tarball no local data for postcss-discard-overridden@https://registry.npmjs.org/postcss-discard-overridden/-/postcss-discard-overridden-5.0.2.tgz. Extracting by manifest.
155 silly tarball no local data for postcss-discard-empty@https://registry.npmjs.org/postcss-discard-empty/-/postcss-discard-empty-5.0.1.tgz. Extracting by manifest.
156 silly tarball no local data for postcss-double-position-gradients@https://registry.npmjs.org/postcss-double-position-gradients/-/postcss-double-position-gradients-3.0.4.tgz. Extracting by manifest.
157 silly tarball no local data for postcss-discard-comments@https://registry.npmjs.org/postcss-discard-comments/-/postcss-discard-comments-5.0.1.tgz. Extracting by manifest.
158 silly tarball no local data for postcss-dir-pseudo-class@https://registry.npmjs.org/postcss-dir-pseudo-class/-/postcss-dir-pseudo-class-6.0.2.tgz. Extracting by manifest.
159 silly tarball no local data for postcss-custom-selectors@https://registry.npmjs.org/postcss-custom-selectors/-/postcss-custom-selectors-6.0.0.tgz. Extracting by manifest.
160 silly tarball no local data for postcss-custom-properties@https://registry.npmjs.org/postcss-custom-properties/-/postcss-custom-properties-12.0.4.tgz. Extracting by manifest.
161 silly tarball no local data for postcss-convert-values@https://registry.npmjs.org/postcss-convert-values/-/postcss-convert-values-5.0.2.tgz. Extracting by manifest.
162 silly tarball no local data for postcss-discard-duplicates@https://registry.npmjs.org/postcss-discard-duplicates/-/postcss-discard-duplicates-5.0.1.tgz. Extracting by manifest.
163 silly tarball no local data for postcss-custom-media@https://registry.npmjs.org/postcss-custom-media/-/postcss-custom-media-8.0.0.tgz. Extracting by manifest.
164 silly tarball no local data for postcss-colormin@https://registry.npmjs.org/postcss-colormin/-/postcss-colormin-5.2.3.tgz. Extracting by manifest.
165 silly tarball no local data for postcss-color-functional-notation@https://registry.npmjs.org/postcss-color-functional-notation/-/postcss-color-functional-notation-4.2.1.tgz. Extracting by manifest.
166 silly tarball no local data for postcss-calc@https://registry.npmjs.org/postcss-calc/-/postcss-calc-8.2.0.tgz. Extracting by manifest.
167 silly tarball no local data for postcss-color-rebeccapurple@https://registry.npmjs.org/postcss-color-rebeccapurple/-/postcss-color-rebeccapurple-7.0.2.tgz. Extracting by manifest.
168 silly tarball no local data for postcss-attribute-case-insensitive@https://registry.npmjs.org/postcss-attribute-case-insensitive/-/postcss-attribute-case-insensitive-5.0.0.tgz. Extracting by manifest.
169 silly tarball no local data for postcss-color-hex-alpha@https://registry.npmjs.org/postcss-color-hex-alpha/-/postcss-color-hex-alpha-8.0.2.tgz. Extracting by manifest.
170 silly tarball no local data for postcss@https://registry.npmjs.org/postcss/-/postcss-8.4.5.tgz. Extracting by manifest.
171 silly tarball no local data for portfinder@https://registry.npmjs.org/portfinder/-/portfinder-1.0.28.tgz. Extracting by manifest.
172 silly tarball no local data for pirates@https://registry.npmjs.org/pirates/-/pirates-4.0.4.tgz. Extracting by manifest.
173 silly tarball no local data for performance-now@https://registry.npmjs.org/performance-now/-/performance-now-2.1.0.tgz. Extracting by manifest.
174 silly tarball no local data for path-to-regexp@https://registry.npmjs.org/path-to-regexp/-/path-to-regexp-0.1.7.tgz. Extracting by manifest.
175 silly tarball no local data for path-is-absolute@https://registry.npmjs.org/path-is-absolute/-/path-is-absolute-1.0.1.tgz. Extracting by manifest.
176 silly tarball no local data for p-retry@https://registry.npmjs.org/p-retry/-/p-retry-4.6.1.tgz. Extracting by manifest.
177 silly tarball no local data for p-map@https://registry.npmjs.org/p-map/-/p-map-4.0.0.tgz. Extracting by manifest.
178 silly tarball no local data for once@https://registry.npmjs.org/once/-/once-1.4.0.tgz. Extracting by manifest.
179 silly tarball no local data for on-finished@https://registry.npmjs.org/on-finished/-/on-finished-2.3.0.tgz. Extracting by manifest.
180 silly tarball no local data for object.hasown@https://registry.npmjs.org/object.hasown/-/object.hasown-1.1.0.tgz. Extracting by manifest.
181 silly tarball no local data for object.fromentries@https://registry.npmjs.org/object.fromentries/-/object.fromentries-2.0.5.tgz. Extracting by manifest.
182 silly tarball no local data for object.entries@https://registry.npmjs.org/object.entries/-/object.entries-1.1.5.tgz. Extracting by manifest.
183 silly tarball no local data for object.values@https://registry.npmjs.org/object.values/-/object.values-1.1.5.tgz. Extracting by manifest.
184 silly tarball no local data for object.getownpropertydescriptors@https://registry.npmjs.org/object.getownpropertydescriptors/-/object.getownpropertydescriptors-2.1.3.tgz. Extracting by manifest.
185 silly tarball no local data for object-inspect@https://registry.npmjs.org/object-inspect/-/object-inspect-1.12.0.tgz. Extracting by manifest.
186 silly tarball no local data for object-assign@https://registry.npmjs.org/object-assign/-/object-assign-4.1.1.tgz. Extracting by manifest.
187 silly tarball no local data for object.assign@https://registry.npmjs.org/object.assign/-/object.assign-4.1.2.tgz. Extracting by manifest.
188 silly tarball no local data for object-hash@https://registry.npmjs.org/object-hash/-/object-hash-2.2.0.tgz. Extracting by manifest.
189 silly tarball no local data for nwsapi@https://registry.npmjs.org/nwsapi/-/nwsapi-2.2.0.tgz. Extracting by manifest.
190 silly tarball no local data for postcss-preset-env@https://registry.npmjs.org/postcss-preset-env/-/postcss-preset-env-7.2.0.tgz. Extracting by manifest.
191 silly tarball no local data for normalize-range@https://registry.npmjs.org/normalize-range/-/normalize-range-0.1.2.tgz. Extracting by manifest.
192 silly tarball no local data for node-releases@https://registry.npmjs.org/node-releases/-/node-releases-2.0.1.tgz. Extracting by manifest.
193 silly tarball no local data for node-int64@https://registry.npmjs.org/node-int64/-/node-int64-0.4.0.tgz. Extracting by manifest.
194 silly tarball no local data for node-forge@https://registry.npmjs.org/node-forge/-/node-forge-0.10.0.tgz. Extracting by manifest.
195 silly tarball no local data for natural-compare@https://registry.npmjs.org/natural-compare/-/natural-compare-1.4.0.tgz. Extracting by manifest.
196 silly tarball no local data for multicast-dns-service-types@https://registry.npmjs.org/multicast-dns-service-types/-/multicast-dns-service-types-1.1.0.tgz. Extracting by manifest.
197 silly tarball no local data for multicast-dns@https://registry.npmjs.org/multicast-dns/-/multicast-dns-6.2.3.tgz. Extracting by manifest.
198 silly tarball no local data for nth-check@https://registry.npmjs.org/nth-check/-/nth-check-2.0.1.tgz. Extracting by manifest.
199 silly tarball no local data for mkdirp@https://registry.npmjs.org/mkdirp/-/mkdirp-0.5.5.tgz. Extracting by manifest.
200 silly tarball no local data for minimist@https://registry.npmjs.org/minimist/-/minimist-1.2.5.tgz. Extracting by manifest.
201 silly tarball no local data for minimatch@https://registry.npmjs.org/minimatch/-/minimatch-3.0.4.tgz. Extracting by manifest.
202 silly tarball no local data for negotiator@https://registry.npmjs.org/negotiator/-/negotiator-0.6.2.tgz. Extracting by manifest.
203 silly tarball no local data for nanoid@https://registry.npmjs.org/nanoid/-/nanoid-3.1.30.tgz. Extracting by manifest.
204 silly tarball no local data for mini-create-react-context@https://registry.npmjs.org/mini-create-react-context/-/mini-create-react-context-0.4.1.tgz. Extracting by manifest.
205 silly tarball no local data for mini-css-extract-plugin@https://registry.npmjs.org/mini-css-extract-plugin/-/mini-css-extract-plugin-2.4.6.tgz. Extracting by manifest.
206 silly tarball no local data for mime-types@https://registry.npmjs.org/mime-types/-/mime-types-2.1.34.tgz. Extracting by manifest.
207 silly tarball no local data for micromatch@https://registry.npmjs.org/micromatch/-/micromatch-4.0.4.tgz. Extracting by manifest.
208 silly tarball no local data for methods@https://registry.npmjs.org/methods/-/methods-1.1.2.tgz. Extracting by manifest.
209 silly tarball no local data for mime-db@https://registry.npmjs.org/mime-db/-/mime-db-1.51.0.tgz. Extracting by manifest.
210 silly tarball no local data for merge-descriptors@https://registry.npmjs.org/merge-descriptors/-/merge-descriptors-1.0.1.tgz. Extracting by manifest.
211 silly tarball no local data for memfs@https://registry.npmjs.org/memfs/-/memfs-3.4.1.tgz. Extracting by manifest.
212 silly tarball no local data for media-typer@https://registry.npmjs.org/media-typer/-/media-typer-0.3.0.tgz. Extracting by manifest.
213 silly tarball no local data for lz-string@https://registry.npmjs.org/lz-string/-/lz-string-1.4.4.tgz. Extracting by manifest.
214 silly tarball no local data for magic-string@https://registry.npmjs.org/magic-string/-/magic-string-0.25.7.tgz. Extracting by manifest.
215 silly tarball no local data for lodash.uniq@https://registry.npmjs.org/lodash.uniq/-/lodash.uniq-4.5.0.tgz. Extracting by manifest.
216 silly tarball no local data for lodash.sortby@https://registry.npmjs.org/lodash.sortby/-/lodash.sortby-4.7.0.tgz. Extracting by manifest.
217 silly tarball no local data for lodash.memoize@https://registry.npmjs.org/lodash.memoize/-/lodash.memoize-4.1.2.tgz. Extracting by manifest.
218 silly tarball no local data for lodash.debounce@https://registry.npmjs.org/lodash.debounce/-/lodash.debounce-4.0.8.tgz. Extracting by manifest.
219 silly tarball no local data for loader-utils@https://registry.npmjs.org/loader-utils/-/loader-utils-2.0.2.tgz. Extracting by manifest.
220 silly tarball no local data for loader-runner@https://registry.npmjs.org/loader-runner/-/loader-runner-4.2.0.tgz. Extracting by manifest.
221 silly tarball no local data for lilconfig@https://registry.npmjs.org/lilconfig/-/lilconfig-2.0.4.tgz. Extracting by manifest.
222 silly tarball no local data for language-tags@https://registry.npmjs.org/language-tags/-/language-tags-1.0.5.tgz. Extracting by manifest.
223 silly tarball no local data for language-subtag-registry@https://registry.npmjs.org/language-subtag-registry/-/language-subtag-registry-0.3.21.tgz. Extracting by manifest.
224 silly tarball no local data for jsx-ast-utils@https://registry.npmjs.org/jsx-ast-utils/-/jsx-ast-utils-3.2.1.tgz. Extracting by manifest.
225 silly tarball no local data for jsonpointer@https://registry.npmjs.org/jsonpointer/-/jsonpointer-5.0.0.tgz. Extracting by manifest.
226 silly tarball no local data for json5@https://registry.npmjs.org/json5/-/json5-2.2.0.tgz. Extracting by manifest.
227 silly tarball no local data for json-stable-stringify-without-jsonify@https://registry.npmjs.org/json-stable-stringify-without-jsonify/-/json-stable-stringify-without-jsonify-1.0.1.tgz. Extracting by manifest.
228 silly tarball no local data for json-parse-better-errors@https://registry.npmjs.org/json-parse-better-errors/-/json-parse-better-errors-1.0.2.tgz. Extracting by manifest.
229 silly tarball no local data for jest-worker@https://registry.npmjs.org/jest-worker/-/jest-worker-27.4.6.tgz. Extracting by manifest.
230 silly tarball no local data for jest-watcher@https://registry.npmjs.org/jest-watcher/-/jest-watcher-27.4.6.tgz. Extracting by manifest.
231 silly tarball no local data for jest-watch-typeahead@https://registry.npmjs.org/jest-watch-typeahead/-/jest-watch-typeahead-1.0.0.tgz. Extracting by manifest.
232 silly tarball no local data for jest-serializer@https://registry.npmjs.org/jest-serializer/-/jest-serializer-27.4.0.tgz. Extracting by manifest.
233 silly tarball no local data for jest-runtime@https://registry.npmjs.org/jest-runtime/-/jest-runtime-27.4.6.tgz. Extracting by manifest.
234 silly tarball no local data for jest-validate@https://registry.npmjs.org/jest-validate/-/jest-validate-27.4.6.tgz. Extracting by manifest.
235 silly tarball no local data for jest-util@https://registry.npmjs.org/jest-util/-/jest-util-27.4.2.tgz. Extracting by manifest.
236 silly tarball no local data for jest-resolve@https://registry.npmjs.org/jest-resolve/-/jest-resolve-27.4.6.tgz. Extracting by manifest.
237 silly tarball no local data for jest-snapshot@https://registry.npmjs.org/jest-snapshot/-/jest-snapshot-27.4.6.tgz. Extracting by manifest.
238 silly tarball no local data for jest-pnp-resolver@https://registry.npmjs.org/jest-pnp-resolver/-/jest-pnp-resolver-1.2.2.tgz. Extracting by manifest.
239 silly tarball no local data for jest-mock@https://registry.npmjs.org/jest-mock/-/jest-mock-27.4.6.tgz. Extracting by manifest.
240 silly tarball no local data for jest-message-util@https://registry.npmjs.org/jest-message-util/-/jest-message-util-27.4.6.tgz. Extracting by manifest.
241 silly tarball no local data for jest-runner@https://registry.npmjs.org/jest-runner/-/jest-runner-27.4.6.tgz. Extracting by manifest.
242 silly tarball no local data for jest-leak-detector@https://registry.npmjs.org/jest-leak-detector/-/jest-leak-detector-27.4.6.tgz. Extracting by manifest.
243 silly tarball no local data for jest-jasmine2@https://registry.npmjs.org/jest-jasmine2/-/jest-jasmine2-27.4.6.tgz. Extracting by manifest.
244 silly tarball no local data for jest-haste-map@https://registry.npmjs.org/jest-haste-map/-/jest-haste-map-27.4.6.tgz. Extracting by manifest.
245 silly tarball no local data for jest-get-type@https://registry.npmjs.org/jest-get-type/-/jest-get-type-27.4.0.tgz. Extracting by manifest.
246 silly tarball no local data for jest-environment-node@https://registry.npmjs.org/jest-environment-node/-/jest-environment-node-27.4.6.tgz. Extracting by manifest.
247 silly tarball no local data for jest-environment-jsdom@https://registry.npmjs.org/jest-environment-jsdom/-/jest-environment-jsdom-27.4.6.tgz. Extracting by manifest.
248 silly tarball no local data for jest-each@https://registry.npmjs.org/jest-each/-/jest-each-27.4.6.tgz. Extracting by manifest.
249 silly tarball no local data for jest-docblock@https://registry.npmjs.org/jest-docblock/-/jest-docblock-27.4.0.tgz. Extracting by manifest.
250 silly tarball no local data for jest-diff@https://registry.npmjs.org/jest-diff/-/jest-diff-27.4.6.tgz. Extracting by manifest.
251 silly tarball no local data for jest-config@https://registry.npmjs.org/jest-config/-/jest-config-27.4.7.tgz. Extracting by manifest.
252 silly tarball no local data for jest-cli@https://registry.npmjs.org/jest-cli/-/jest-cli-27.4.7.tgz. Extracting by manifest.
253 silly tarball no local data for jest-circus@https://registry.npmjs.org/jest-circus/-/jest-circus-27.4.6.tgz. Extracting by manifest.
254 silly tarball no local data for jest-changed-files@https://registry.npmjs.org/jest-changed-files/-/jest-changed-files-27.4.2.tgz. Extracting by manifest.
255 silly tarball no local data for jest@https://registry.npmjs.org/jest/-/jest-27.4.7.tgz. Extracting by manifest.
256 silly tarball no local data for jake@https://registry.npmjs.org/jake/-/jake-10.8.2.tgz. Extracting by manifest.
257 silly tarball no local data for istanbul-reports@https://registry.npmjs.org/istanbul-reports/-/istanbul-reports-3.1.3.tgz. Extracting by manifest.
258 silly tarball no local data for jest-matcher-utils@https://registry.npmjs.org/jest-matcher-utils/-/jest-matcher-utils-27.4.6.tgz. Extracting by manifest.
259 silly tarball no local data for istanbul-lib-instrument@https://registry.npmjs.org/istanbul-lib-instrument/-/istanbul-lib-instrument-5.1.0.tgz. Extracting by manifest.
260 silly tarball no local data for isexe@https://registry.npmjs.org/isexe/-/isexe-2.0.0.tgz. Extracting by manifest.
261 silly tarball no local data for isarray@https://registry.npmjs.org/isarray/-/isarray-1.0.0.tgz. Extracting by manifest.
262 silly tarball no local data for jest-regex-util@https://registry.npmjs.org/jest-regex-util/-/jest-regex-util-27.4.0.tgz. Extracting by manifest.
263 silly tarball no local data for is-typedarray@https://registry.npmjs.org/is-typedarray/-/is-typedarray-1.0.0.tgz. Extracting by manifest.
264 silly tarball no local data for jest-resolve-dependencies@https://registry.npmjs.org/jest-resolve-dependencies/-/jest-resolve-dependencies-27.4.6.tgz. Extracting by manifest.
265 silly tarball no local data for is-regexp@https://registry.npmjs.org/is-regexp/-/is-regexp-1.0.0.tgz. Extracting by manifest.
266 silly tarball no local data for is-shared-array-buffer@https://registry.npmjs.org/is-shared-array-buffer/-/is-shared-array-buffer-1.0.1.tgz. Extracting by manifest.
267 silly tarball no local data for is-obj@https://registry.npmjs.org/is-obj/-/is-obj-1.0.1.tgz. Extracting by manifest.
268 silly tarball no local data for is-number-object@https://registry.npmjs.org/is-number-object/-/is-number-object-1.0.6.tgz. Extracting by manifest.
269 silly tarball no local data for is-path-cwd@https://registry.npmjs.org/is-path-cwd/-/is-path-cwd-2.2.0.tgz. Extracting by manifest.
270 silly tarball no local data for is-module@https://registry.npmjs.org/is-module/-/is-module-1.0.0.tgz. Extracting by manifest.
271 silly tarball no local data for is-extglob@https://registry.npmjs.org/is-extglob/-/is-extglob-2.1.1.tgz. Extracting by manifest.
272 silly tarball no local data for is-core-module@https://registry.npmjs.org/is-core-module/-/is-core-module-2.8.1.tgz. Extracting by manifest.
273 silly tarball no local data for is-callable@https://registry.npmjs.org/is-callable/-/is-callable-1.2.4.tgz. Extracting by manifest.
274 silly tarball no local data for is-arrayish@https://registry.npmjs.org/is-arrayish/-/is-arrayish-0.2.1.tgz. Extracting by manifest.
275 silly tarball no local data for ip@https://registry.npmjs.org/ip/-/ip-1.1.5.tgz. Extracting by manifest.
276 silly tarball no local data for inflight@https://registry.npmjs.org/inflight/-/inflight-1.0.6.tgz. Extracting by manifest.
277 silly tarball no local data for imurmurhash@https://registry.npmjs.org/imurmurhash/-/imurmurhash-0.1.4.tgz. Extracting by manifest.
278 silly tarball no local data for ignore@https://registry.npmjs.org/ignore/-/ignore-4.0.6.tgz. Extracting by manifest.
279 silly tarball no local data for identity-obj-proxy@https://registry.npmjs.org/identity-obj-proxy/-/identity-obj-proxy-3.0.0.tgz. Extracting by manifest.
280 silly tarball no local data for idb@https://registry.npmjs.org/idb/-/idb-6.1.5.tgz. Extracting by manifest.
281 silly tarball no local data for https-proxy-agent@https://registry.npmjs.org/https-proxy-agent/-/https-proxy-agent-5.0.0.tgz. Extracting by manifest.
282 silly tarball no local data for http-proxy-middleware@https://registry.npmjs.org/http-proxy-middleware/-/http-proxy-middleware-2.0.1.tgz. Extracting by manifest.
283 silly tarball no local data for http-parser-js@https://registry.npmjs.org/http-parser-js/-/http-parser-js-0.5.5.tgz. Extracting by manifest.
284 silly tarball no local data for http-errors@https://registry.npmjs.org/http-errors/-/http-errors-1.8.1.tgz. Extracting by manifest.
285 silly tarball no local data for http-deceiver@https://registry.npmjs.org/http-deceiver/-/http-deceiver-1.2.7.tgz. Extracting by manifest.
286 silly tarball no local data for immer@https://registry.npmjs.org/immer/-/immer-9.0.7.tgz. Extracting by manifest.
287 silly tarball no local data for hpack.js@https://registry.npmjs.org/hpack.js/-/hpack.js-2.1.6.tgz. Extracting by manifest.
288 silly tarball no local data for html-entities@https://registry.npmjs.org/html-entities/-/html-entities-2.3.2.tgz. Extracting by manifest.
289 silly tarball no local data for hoist-non-react-statics@https://registry.npmjs.org/hoist-non-react-statics/-/hoist-non-react-statics-3.3.2.tgz. Extracting by manifest.
290 silly tarball no local data for history@https://registry.npmjs.org/history/-/history-4.10.1.tgz. Extracting by manifest.
291 silly tarball no local data for has-symbols@https://registry.npmjs.org/has-symbols/-/has-symbols-1.0.2.tgz. Extracting by manifest.
292 silly tarball no local data for has-flag@https://registry.npmjs.org/has-flag/-/has-flag-3.0.0.tgz. Extracting by manifest.
293 silly tarball no local data for has-bigints@https://registry.npmjs.org/has-bigints/-/has-bigints-1.0.1.tgz. Extracting by manifest.
294 silly tarball no local data for graceful-fs@https://registry.npmjs.org/graceful-fs/-/graceful-fs-4.2.9.tgz. Extracting by manifest.
295 silly tarball no local data for glob@https://registry.npmjs.org/glob/-/glob-7.2.0.tgz. Extracting by manifest.
296 silly tarball no local data for get-intrinsic@https://registry.npmjs.org/get-intrinsic/-/get-intrinsic-1.1.1.tgz. Extracting by manifest.
297 silly tarball no local data for functional-red-black-tree@https://registry.npmjs.org/functional-red-black-tree/-/functional-red-black-tree-1.0.1.tgz. Extracting by manifest.
298 silly tarball no local data for fs.realpath@https://registry.npmjs.org/fs.realpath/-/fs.realpath-1.0.0.tgz. Extracting by manifest.
299 silly tarball no local data for fs-extra@https://registry.npmjs.org/fs-extra/-/fs-extra-10.0.0.tgz. Extracting by manifest.
300 silly tarball no local data for fresh@https://registry.npmjs.org/fresh/-/fresh-0.5.2.tgz. Extracting by manifest.
301 silly tarball no local data for fraction.js@https://registry.npmjs.org/fraction.js/-/fraction.js-4.1.2.tgz. Extracting by manifest.
302 silly tarball no local data for fork-ts-checker-webpack-plugin@https://registry.npmjs.org/fork-ts-checker-webpack-plugin/-/fork-ts-checker-webpack-plugin-6.5.0.tgz. Extracting by manifest.
303 silly tarball no local data for follow-redirects@https://registry.npmjs.org/follow-redirects/-/follow-redirects-1.14.6.tgz. Extracting by manifest.
304 silly tarball no local data for flatted@https://registry.npmjs.org/flatted/-/flatted-3.2.4.tgz. Extracting by manifest.
305 silly tarball no local data for filesize@https://registry.npmjs.org/filesize/-/filesize-8.0.6.tgz. Extracting by manifest.
306 silly tarball no local data for filelist@https://registry.npmjs.org/filelist/-/filelist-1.0.2.tgz. Extracting by manifest.
307 silly tarball no local data for finalhandler@https://registry.npmjs.org/finalhandler/-/finalhandler-1.1.2.tgz. Extracting by manifest.
308 silly tarball no local data for fb-watchman@https://registry.npmjs.org/fb-watchman/-/fb-watchman-2.0.1.tgz. Extracting by manifest.
309 silly tarball no local data for fastq@https://registry.npmjs.org/fastq/-/fastq-1.13.0.tgz. Extracting by manifest.
310 silly tarball no local data for fast-levenshtein@https://registry.npmjs.org/fast-levenshtein/-/fast-levenshtein-2.0.6.tgz. Extracting by manifest.
311 silly tarball no local data for fast-glob@https://registry.npmjs.org/fast-glob/-/fast-glob-3.2.10.tgz. Extracting by manifest.
312 silly tarball no local data for express@https://registry.npmjs.org/express/-/express-4.17.2.tgz. Extracting by manifest.
313 silly tarball no local data for expect@https://registry.npmjs.org/expect/-/expect-27.4.6.tgz. Extracting by manifest.
314 silly tarball no local data for exit@https://registry.npmjs.org/exit/-/exit-0.1.2.tgz. Extracting by manifest.
315 silly tarball no local data for etag@https://registry.npmjs.org/etag/-/etag-1.8.1.tgz. Extracting by manifest.
316 silly tarball no local data for eslint-webpack-plugin@https://registry.npmjs.org/eslint-webpack-plugin/-/eslint-webpack-plugin-3.1.1.tgz. Extracting by manifest.
317 silly tarball no local data for eslint-visitor-keys@https://registry.npmjs.org/eslint-visitor-keys/-/eslint-visitor-keys-3.1.0.tgz. Extracting by manifest.
318 silly tarball no local data for eslint-scope@https://registry.npmjs.org/eslint-scope/-/eslint-scope-7.1.0.tgz. Extracting by manifest.
319 silly tarball no local data for eslint-plugin-testing-library@https://registry.npmjs.org/eslint-plugin-testing-library/-/eslint-plugin-testing-library-5.0.3.tgz. Extracting by manifest.
320 silly tarball no local data for eslint-plugin-react-hooks@https://registry.npmjs.org/eslint-plugin-react-hooks/-/eslint-plugin-react-hooks-4.3.0.tgz. Extracting by manifest.
321 silly tarball no local data for eslint-plugin-react@https://registry.npmjs.org/eslint-plugin-react/-/eslint-plugin-react-7.28.0.tgz. Extracting by manifest.
322 silly tarball no local data for eslint-plugin-jsx-a11y@https://registry.npmjs.org/eslint-plugin-jsx-a11y/-/eslint-plugin-jsx-a11y-6.5.1.tgz. Extracting by manifest.
323 silly tarball no local data for eslint-plugin-jest@https://registry.npmjs.org/eslint-plugin-jest/-/eslint-plugin-jest-25.3.4.tgz. Extracting by manifest.
324 silly tarball no local data for espree@https://registry.npmjs.org/espree/-/espree-9.3.0.tgz. Extracting by manifest.
325 silly tarball no local data for eslint-module-utils@https://registry.npmjs.org/eslint-module-utils/-/eslint-module-utils-2.7.2.tgz. Extracting by manifest.
326 silly tarball no local data for eslint-config-react-app@https://registry.npmjs.org/eslint-config-react-app/-/eslint-config-react-app-7.0.0.tgz. Extracting by manifest.
327 silly tarball no local data for eslint@https://registry.npmjs.org/eslint/-/eslint-8.6.0.tgz. Extracting by manifest.
328 silly tarball no local data for escape-string-regexp@https://registry.npmjs.org/escape-string-regexp/-/escape-string-regexp-1.0.5.tgz. Extracting by manifest.
329 silly tarball no local data for escape-html@https://registry.npmjs.org/escape-html/-/escape-html-1.0.3.tgz. Extracting by manifest.
330 silly tarball no local data for eslint-plugin-import@https://registry.npmjs.org/eslint-plugin-import/-/eslint-plugin-import-2.25.4.tgz. Extracting by manifest.
331 silly tarball no local data for es-abstract@https://registry.npmjs.org/es-abstract/-/es-abstract-1.19.1.tgz. Extracting by manifest.
332 silly tarball no local data for error-stack-parser@https://registry.npmjs.org/error-stack-parser/-/error-stack-parser-2.0.6.tgz. Extracting by manifest.
333 silly tarball no local data for enquirer@https://registry.npmjs.org/enquirer/-/enquirer-2.3.6.tgz. Extracting by manifest.
334 silly tarball no local data for encodeurl@https://registry.npmjs.org/encodeurl/-/encodeurl-1.0.2.tgz. Extracting by manifest.
335 silly tarball no local data for enhanced-resolve@https://registry.npmjs.org/enhanced-resolve/-/enhanced-resolve-5.8.3.tgz. Extracting by manifest.
336 silly tarball no local data for electron-to-chromium@https://registry.npmjs.org/electron-to-chromium/-/electron-to-chromium-1.4.38.tgz. Extracting by manifest.
337 silly tarball no local data for ee-first@https://registry.npmjs.org/ee-first/-/ee-first-1.1.1.tgz. Extracting by manifest.
338 silly tarball no local data for ejs@https://registry.npmjs.org/ejs/-/ejs-3.1.6.tgz. Extracting by manifest.
339 silly tarball no local data for domhandler@https://registry.npmjs.org/domhandler/-/domhandler-4.3.0.tgz. Extracting by manifest.
340 silly tarball no local data for domelementtype@https://registry.npmjs.org/domelementtype/-/domelementtype-2.2.0.tgz. Extracting by manifest.
341 silly tarball no local data for dom-serializer@https://registry.npmjs.org/dom-serializer/-/dom-serializer-1.3.2.tgz. Extracting by manifest.
342 silly tarball no local data for dom-accessibility-api@https://registry.npmjs.org/dom-accessibility-api/-/dom-accessibility-api-0.5.10.tgz. Extracting by manifest.
343 silly tarball no local data for dns-txt@https://registry.npmjs.org/dns-txt/-/dns-txt-2.0.2.tgz. Extracting by manifest.
344 silly tarball no local data for dns-packet@https://registry.npmjs.org/dns-packet/-/dns-packet-1.3.4.tgz. Extracting by manifest.
345 silly tarball no local data for dns-equal@https://registry.npmjs.org/dns-equal/-/dns-equal-1.0.0.tgz. Extracting by manifest.
346 silly tarball no local data for diff-sequences@https://registry.npmjs.org/diff-sequences/-/diff-sequences-27.4.0.tgz. Extracting by manifest.
347 silly tarball no local data for detective@https://registry.npmjs.org/detective/-/detective-5.2.0.tgz. Extracting by manifest.
348 silly tarball no local data for destroy@https://registry.npmjs.org/destroy/-/destroy-1.0.4.tgz. Extracting by manifest.
349 silly tarball no local data for depd@https://registry.npmjs.org/depd/-/depd-1.1.2.tgz. Extracting by manifest.
350 silly tarball no local data for delayed-stream@https://registry.npmjs.org/delayed-stream/-/delayed-stream-1.0.0.tgz. Extracting by manifest.
351 silly tarball no local data for del@https://registry.npmjs.org/del/-/del-6.0.0.tgz. Extracting by manifest.
352 silly tarball no local data for defined@https://registry.npmjs.org/defined/-/defined-1.0.0.tgz. Extracting by manifest.
353 silly tarball no local data for define-properties@https://registry.npmjs.org/define-properties/-/define-properties-1.1.3.tgz. Extracting by manifest.
354 silly tarball no local data for deep-equal@https://registry.npmjs.org/deep-equal/-/deep-equal-1.1.1.tgz. Extracting by manifest.
355 silly tarball no local data for dedent@https://registry.npmjs.org/dedent/-/dedent-0.7.0.tgz. Extracting by manifest.
356 silly tarball no local data for decode-uri-component@https://registry.npmjs.org/decode-uri-component/-/decode-uri-component-0.2.0.tgz. Extracting by manifest.
357 silly tarball no local data for debug@https://registry.npmjs.org/debug/-/debug-4.3.3.tgz. Extracting by manifest.
358 silly tarball no local data for decimal.js@https://registry.npmjs.org/decimal.js/-/decimal.js-10.3.1.tgz. Extracting by manifest.
359 silly tarball no local data for cssnano-utils@https://registry.npmjs.org/cssnano-utils/-/cssnano-utils-3.0.0.tgz. Extracting by manifest.
360 silly tarball no local data for cssnano-preset-default@https://registry.npmjs.org/cssnano-preset-default/-/cssnano-preset-default-5.1.10.tgz. Extracting by manifest.
361 silly tarball no local data for cssnano@https://registry.npmjs.org/cssnano/-/cssnano-5.0.15.tgz. Extracting by manifest.
362 silly tarball no local data for cssdb@https://registry.npmjs.org/cssdb/-/cssdb-5.1.0.tgz. Extracting by manifest.
363 silly tarball no local data for css.escape@https://registry.npmjs.org/css.escape/-/css.escape-1.5.1.tgz. Extracting by manifest.
364 silly tarball no local data for css-what@https://registry.npmjs.org/css-what/-/css-what-5.1.0.tgz. Extracting by manifest.
365 silly tarball no local data for css-select@https://registry.npmjs.org/css-select/-/css-select-4.2.1.tgz. Extracting by manifest.
366 silly tarball no local data for css-prefers-color-scheme@https://registry.npmjs.org/css-prefers-color-scheme/-/css-prefers-color-scheme-6.0.2.tgz. Extracting by manifest.
367 silly tarball no local data for css-minimizer-webpack-plugin@https://registry.npmjs.org/css-minimizer-webpack-plugin/-/css-minimizer-webpack-plugin-3.3.1.tgz. Extracting by manifest.
368 silly tarball no local data for css-loader@https://registry.npmjs.org/css-loader/-/css-loader-6.5.1.tgz. Extracting by manifest.
369 silly tarball no local data for css-has-pseudo@https://registry.npmjs.org/css-has-pseudo/-/css-has-pseudo-3.0.2.tgz. Extracting by manifest.
370 silly tarball no local data for css-declaration-sorter@https://registry.npmjs.org/css-declaration-sorter/-/css-declaration-sorter-6.1.4.tgz. Extracting by manifest.
371 silly tarball no local data for css-blank-pseudo@https://registry.npmjs.org/css-blank-pseudo/-/css-blank-pseudo-3.0.2.tgz. Extracting by manifest.
372 silly tarball no local data for css@https://registry.npmjs.org/css/-/css-3.0.0.tgz. Extracting by manifest.
373 silly tarball no local data for cosmiconfig@https://registry.npmjs.org/cosmiconfig/-/cosmiconfig-7.0.1.tgz. Extracting by manifest.
374 silly tarball no local data for core-js-pure@https://registry.npmjs.org/core-js-pure/-/core-js-pure-3.20.2.tgz. Extracting by manifest.
375 silly tarball no local data for core-js-compat@https://registry.npmjs.org/core-js-compat/-/core-js-compat-3.20.2.tgz. Extracting by manifest.
376 silly tarball no local data for core-js@https://registry.npmjs.org/core-js/-/core-js-3.20.2.tgz. Extracting by manifest.
377 silly tarball no local data for cookie-signature@https://registry.npmjs.org/cookie-signature/-/cookie-signature-1.0.6.tgz. Extracting by manifest.
378 silly tarball no local data for convert-source-map@https://registry.npmjs.org/convert-source-map/-/convert-source-map-1.8.0.tgz. Extracting by manifest.
379 silly tarball no local data for connect-history-api-fallback@https://registry.npmjs.org/connect-history-api-fallback/-/connect-history-api-fallback-1.6.0.tgz. Extracting by manifest.
380 silly tarball no local data for cookie@https://registry.npmjs.org/cookie/-/cookie-0.4.1.tgz. Extracting by manifest.
381 silly tarball no local data for concat-map@https://registry.npmjs.org/concat-map/-/concat-map-0.0.1.tgz. Extracting by manifest.
382 silly tarball no local data for commondir@https://registry.npmjs.org/commondir/-/commondir-1.0.1.tgz. Extracting by manifest.
383 silly tarball no local data for colorette@https://registry.npmjs.org/colorette/-/colorette-2.0.16.tgz. Extracting by manifest.
384 silly tarball no local data for colord@https://registry.npmjs.org/colord/-/colord-2.9.2.tgz. Extracting by manifest.
385 silly tarball no local data for color-name@https://registry.npmjs.org/color-name/-/color-name-1.1.3.tgz. Extracting by manifest.
386 silly tarball no local data for co@https://registry.npmjs.org/co/-/co-4.6.0.tgz. Extracting by manifest.
387 silly tarball no local data for clean-stack@https://registry.npmjs.org/clean-stack/-/clean-stack-2.2.0.tgz. Extracting by manifest.
388 silly tarball no local data for clean-css@https://registry.npmjs.org/clean-css/-/clean-css-5.2.2.tgz. Extracting by manifest.
389 silly tarball no local data for ci-info@https://registry.npmjs.org/ci-info/-/ci-info-3.3.0.tgz. Extracting by manifest.
390 silly tarball no local data for chokidar@https://registry.npmjs.org/chokidar/-/chokidar-3.5.2.tgz. Extracting by manifest.
391 silly tarball no local data for check-types@https://registry.npmjs.org/check-types/-/check-types-11.1.2.tgz. Extracting by manifest.
392 silly tarball no local data for caniuse-lite@https://registry.npmjs.org/caniuse-lite/-/caniuse-lite-1.0.30001298.tgz. Extracting by manifest.
393 silly tarball no local data for bytes@https://registry.npmjs.org/bytes/-/bytes-3.0.0.tgz. Extracting by manifest.
394 silly tarball no local data for builtin-modules@https://registry.npmjs.org/builtin-modules/-/builtin-modules-3.2.0.tgz. Extracting by manifest.
395 silly tarball no local data for buffer-indexof@https://registry.npmjs.org/buffer-indexof/-/buffer-indexof-1.1.1.tgz. Extracting by manifest.
396 silly tarball no local data for browserslist@https://registry.npmjs.org/browserslist/-/browserslist-4.19.1.tgz. Extracting by manifest.
397 silly tarball no local data for boolbase@https://registry.npmjs.org/boolbase/-/boolbase-1.0.0.tgz. Extracting by manifest.
398 silly tarball no local data for bonjour@https://registry.npmjs.org/bonjour/-/bonjour-3.5.0.tgz. Extracting by manifest.
399 silly tarball no local data for body-parser@https://registry.npmjs.org/body-parser/-/body-parser-1.19.1.tgz. Extracting by manifest.
400 silly tarball no local data for batch@https://registry.npmjs.org/batch/-/batch-0.6.1.tgz. Extracting by manifest.
401 silly tarball no local data for babel-preset-jest@https://registry.npmjs.org/babel-preset-jest/-/babel-preset-jest-27.4.0.tgz. Extracting by manifest.
402 silly tarball no local data for babel-plugin-polyfill-regenerator@https://registry.npmjs.org/babel-plugin-polyfill-regenerator/-/babel-plugin-polyfill-regenerator-0.3.0.tgz. Extracting by manifest.
403 silly tarball no local data for babel-plugin-polyfill-corejs3@https://registry.npmjs.org/babel-plugin-polyfill-corejs3/-/babel-plugin-polyfill-corejs3-0.4.0.tgz. Extracting by manifest.
404 silly tarball no local data for babel-plugin-polyfill-corejs2@https://registry.npmjs.org/babel-plugin-polyfill-corejs2/-/babel-plugin-polyfill-corejs2-0.3.0.tgz. Extracting by manifest.
405 silly tarball no local data for babel-plugin-jest-hoist@https://registry.npmjs.org/babel-plugin-jest-hoist/-/babel-plugin-jest-hoist-27.4.0.tgz. Extracting by manifest.
406 silly tarball no local data for babel-plugin-dynamic-import-node@https://registry.npmjs.org/babel-plugin-dynamic-import-node/-/babel-plugin-dynamic-import-node-2.3.3.tgz. Extracting by manifest.
407 silly tarball no local data for babel-loader@https://registry.npmjs.org/babel-loader/-/babel-loader-8.2.3.tgz. Extracting by manifest.
408 silly tarball no local data for babel-jest@https://registry.npmjs.org/babel-jest/-/babel-jest-27.4.6.tgz. Extracting by manifest.
409 silly tarball no local data for axe-core@https://registry.npmjs.org/axe-core/-/axe-core-4.3.5.tgz. Extracting by manifest.
410 silly tarball no local data for autoprefixer@https://registry.npmjs.org/autoprefixer/-/autoprefixer-10.4.2.tgz. Extracting by manifest.
411 silly tarball no local data for atob@https://registry.npmjs.org/atob/-/atob-2.1.2.tgz. Extracting by manifest.
412 silly tarball no local data for asynckit@https://registry.npmjs.org/asynckit/-/asynckit-0.4.0.tgz. Extracting by manifest.
413 silly tarball no local data for async@https://registry.npmjs.org/async/-/async-2.6.3.tgz. Extracting by manifest.
414 silly tarball no local data for ast-types-flow@https://registry.npmjs.org/ast-types-flow/-/ast-types-flow-0.0.7.tgz. Extracting by manifest.
415 silly tarball no local data for asap@https://registry.npmjs.org/asap/-/asap-2.0.6.tgz. Extracting by manifest.
416 silly tarball no local data for array.prototype.flatmap@https://registry.npmjs.org/array.prototype.flatmap/-/array.prototype.flatmap-1.2.5.tgz. Extracting by manifest.
417 silly tarball no local data for array.prototype.flat@https://registry.npmjs.org/array.prototype.flat/-/array.prototype.flat-1.2.5.tgz. Extracting by manifest.
418 silly tarball no local data for array-includes@https://registry.npmjs.org/array-includes/-/array-includes-3.1.4.tgz. Extracting by manifest.
419 silly tarball no local data for arg@https://registry.npmjs.org/arg/-/arg-5.0.1.tgz. Extracting by manifest.
420 silly tarball no local data for anymatch@https://registry.npmjs.org/anymatch/-/anymatch-3.1.2.tgz. Extracting by manifest.
421 silly tarball no local data for alphanum-sort@https://registry.npmjs.org/alphanum-sort/-/alphanum-sort-1.0.2.tgz. Extracting by manifest.
422 silly tarball no local data for ansi-colors@https://registry.npmjs.org/ansi-colors/-/ansi-colors-4.1.1.tgz. Extracting by manifest.
423 silly tarball no local data for aggregate-error@https://registry.npmjs.org/aggregate-error/-/aggregate-error-3.1.0.tgz. Extracting by manifest.
424 silly tarball no local data for address@https://registry.npmjs.org/address/-/address-1.1.2.tgz. Extracting by manifest.
425 silly tarball no local data for acorn@https://registry.npmjs.org/acorn/-/acorn-8.7.0.tgz. Extracting by manifest.
426 silly tarball no local data for abab@https://registry.npmjs.org/abab/-/abab-2.0.5.tgz. Extracting by manifest.
427 silly tarball no local data for accepts@https://registry.npmjs.org/accepts/-/accepts-1.3.7.tgz. Extracting by manifest.
428 silly tarball no local data for @typescript-eslint/visitor-keys@https://registry.npmjs.org/@typescript-eslint/visitor-keys/-/visitor-keys-5.9.0.tgz. Extracting by manifest.
429 silly tarball no local data for @typescript-eslint/typescript-estree@https://registry.npmjs.org/@typescript-eslint/typescript-estree/-/typescript-estree-5.9.0.tgz. Extracting by manifest.
430 silly tarball no local data for @typescript-eslint/types@https://registry.npmjs.org/@typescript-eslint/types/-/types-5.9.0.tgz. Extracting by manifest.
431 silly tarball no local data for @typescript-eslint/type-utils@https://registry.npmjs.org/@typescript-eslint/type-utils/-/type-utils-5.9.0.tgz. Extracting by manifest.
432 silly tarball no local data for @typescript-eslint/scope-manager@https://registry.npmjs.org/@typescript-eslint/scope-manager/-/scope-manager-5.9.0.tgz. Extracting by manifest.
433 silly tarball no local data for @typescript-eslint/parser@https://registry.npmjs.org/@typescript-eslint/parser/-/parser-5.9.0.tgz. Extracting by manifest.
434 silly tarball no local data for @typescript-eslint/experimental-utils@https://registry.npmjs.org/@typescript-eslint/experimental-utils/-/experimental-utils-5.9.0.tgz. Extracting by manifest.
435 silly tarball no local data for @typescript-eslint/eslint-plugin@https://registry.npmjs.org/@typescript-eslint/eslint-plugin/-/eslint-plugin-5.9.0.tgz. Extracting by manifest.
436 silly tarball no local data for @types/yargs-parser@https://registry.npmjs.org/@types/yargs-parser/-/yargs-parser-20.2.1.tgz. Extracting by manifest.
437 silly tarball no local data for @types/ws@https://registry.npmjs.org/@types/ws/-/ws-8.2.2.tgz. Extracting by manifest.
438 silly tarball no local data for @types/testing-library__jest-dom@https://registry.npmjs.org/@types/testing-library__jest-dom/-/testing-library__jest-dom-5.14.2.tgz. Extracting by manifest.
439 silly tarball no local data for @types/serve-static@https://registry.npmjs.org/@types/serve-static/-/serve-static-1.13.10.tgz. Extracting by manifest.
440 silly tarball no local data for @types/retry@https://registry.npmjs.org/@types/retry/-/retry-0.12.1.tgz. Extracting by manifest.
441 silly tarball no local data for @types/prettier@https://registry.npmjs.org/@types/prettier/-/prettier-2.4.2.tgz. Extracting by manifest.
442 silly tarball no local data for @types/node@https://registry.npmjs.org/@types/node/-/node-17.0.8.tgz. Extracting by manifest.
443 silly tarball no local data for @types/json5@https://registry.npmjs.org/@types/json5/-/json5-0.0.29.tgz. Extracting by manifest.
444 silly tarball no local data for @types/json-schema@https://registry.npmjs.org/@types/json-schema/-/json-schema-7.0.9.tgz. Extracting by manifest.
445 silly tarball no local data for @types/jest@https://registry.npmjs.org/@types/jest/-/jest-27.4.0.tgz. Extracting by manifest.
446 silly tarball no local data for @types/mime@https://registry.npmjs.org/@types/mime/-/mime-1.3.2.tgz. Extracting by manifest.
447 silly tarball no local data for @types/http-proxy@https://registry.npmjs.org/@types/http-proxy/-/http-proxy-1.17.8.tgz. Extracting by manifest.
448 silly tarball no local data for @types/express-serve-static-core@https://registry.npmjs.org/@types/express-serve-static-core/-/express-serve-static-core-4.17.27.tgz. Extracting by manifest.
449 silly tarball no local data for @types/express@https://registry.npmjs.org/@types/express/-/express-4.17.13.tgz. Extracting by manifest.
450 silly tarball no local data for @types/estree@https://registry.npmjs.org/@types/estree/-/estree-0.0.50.tgz. Extracting by manifest.
451 silly tarball no local data for @types/eslint-scope@https://registry.npmjs.org/@types/eslint-scope/-/eslint-scope-3.7.2.tgz. Extracting by manifest.
452 silly tarball no local data for @types/eslint@https://registry.npmjs.org/@types/eslint/-/eslint-7.29.0.tgz. Extracting by manifest.
453 silly tarball no local data for @types/babel__traverse@https://registry.npmjs.org/@types/babel__traverse/-/babel__traverse-7.14.2.tgz. Extracting by manifest.
454 silly tarball no local data for @types/babel__core@https://registry.npmjs.org/@types/babel__core/-/babel__core-7.1.18.tgz. Extracting by manifest.
455 silly tarball no local data for @testing-library/react@https://registry.npmjs.org/@testing-library/react/-/react-12.1.2.tgz. Extracting by manifest.
456 silly tarball no local data for @testing-library/jest-dom@https://registry.npmjs.org/@testing-library/jest-dom/-/jest-dom-5.16.1.tgz. Extracting by manifest.
457 silly tarball no local data for @testing-library/dom@https://registry.npmjs.org/@testing-library/dom/-/dom-8.11.1.tgz. Extracting by manifest.
458 silly tarball no local data for @sinonjs/commons@https://registry.npmjs.org/@sinonjs/commons/-/commons-1.8.3.tgz. Extracting by manifest.
459 silly tarball no local data for @rushstack/eslint-patch@https://registry.npmjs.org/@rushstack/eslint-patch/-/eslint-patch-1.1.0.tgz. Extracting by manifest.
460 silly tarball no local data for @rollup/plugin-babel@https://registry.npmjs.org/@rollup/plugin-babel/-/plugin-babel-5.3.0.tgz. Extracting by manifest.
461 silly tarball no local data for @pmmmwh/react-refresh-webpack-plugin@https://registry.npmjs.org/@pmmmwh/react-refresh-webpack-plugin/-/react-refresh-webpack-plugin-0.5.4.tgz. Extracting by manifest.
462 silly tarball no local data for @jest/types@https://registry.npmjs.org/@jest/types/-/types-27.4.2.tgz. Extracting by manifest.
463 silly tarball no local data for @jest/transform@https://registry.npmjs.org/@jest/transform/-/transform-27.4.6.tgz. Extracting by manifest.
464 silly tarball no local data for @jest/test-sequencer@https://registry.npmjs.org/@jest/test-sequencer/-/test-sequencer-27.4.6.tgz. Extracting by manifest.
465 silly tarball no local data for @jest/test-result@https://registry.npmjs.org/@jest/test-result/-/test-result-27.4.6.tgz. Extracting by manifest.
466 silly tarball no local data for @jest/source-map@https://registry.npmjs.org/@jest/source-map/-/source-map-27.4.0.tgz. Extracting by manifest.
467 silly tarball no local data for @jest/reporters@https://registry.npmjs.org/@jest/reporters/-/reporters-27.4.6.tgz. Extracting by manifest.
468 silly tarball no local data for @jest/globals@https://registry.npmjs.org/@jest/globals/-/globals-27.4.6.tgz. Extracting by manifest.
469 silly tarball no local data for @jest/fake-timers@https://registry.npmjs.org/@jest/fake-timers/-/fake-timers-27.4.6.tgz. Extracting by manifest.
470 silly tarball no local data for @jest/environment@https://registry.npmjs.org/@jest/environment/-/environment-27.4.6.tgz. Extracting by manifest.
471 silly tarball no local data for @jest/core@https://registry.npmjs.org/@jest/core/-/core-27.4.7.tgz. Extracting by manifest.
472 silly tarball no local data for @jest/console@https://registry.npmjs.org/@jest/console/-/console-27.4.6.tgz. Extracting by manifest.
473 silly tarball no local data for @eslint/eslintrc@https://registry.npmjs.org/@eslint/eslintrc/-/eslintrc-1.0.5.tgz. Extracting by manifest.
474 silly tarball no local data for @babel/types@https://registry.npmjs.org/@babel/types/-/types-7.16.7.tgz. Extracting by manifest.
475 silly tarball no local data for @babel/traverse@https://registry.npmjs.org/@babel/traverse/-/traverse-7.16.7.tgz. Extracting by manifest.
476 silly tarball no local data for @babel/template@https://registry.npmjs.org/@babel/template/-/template-7.16.7.tgz. Extracting by manifest.
477 silly tarball no local data for @babel/runtime-corejs3@https://registry.npmjs.org/@babel/runtime-corejs3/-/runtime-corejs3-7.16.7.tgz. Extracting by manifest.
478 silly tarball no local data for @babel/runtime@https://registry.npmjs.org/@babel/runtime/-/runtime-7.16.7.tgz. Extracting by manifest.
479 silly tarball no local data for @babel/preset-typescript@https://registry.npmjs.org/@babel/preset-typescript/-/preset-typescript-7.16.7.tgz. Extracting by manifest.
480 silly tarball no local data for @babel/preset-react@https://registry.npmjs.org/@babel/preset-react/-/preset-react-7.16.7.tgz. Extracting by manifest.
481 silly tarball no local data for @humanwhocodes/config-array@https://registry.npmjs.org/@humanwhocodes/config-array/-/config-array-0.9.2.tgz. Extracting by manifest.
482 silly tarball no local data for @babel/preset-env@https://registry.npmjs.org/@babel/preset-env/-/preset-env-7.16.7.tgz. Extracting by manifest.
483 silly tarball no local data for @babel/plugin-transform-unicode-regex@https://registry.npmjs.org/@babel/plugin-transform-unicode-regex/-/plugin-transform-unicode-regex-7.16.7.tgz. Extracting by manifest.
484 silly tarball no local data for @babel/plugin-transform-unicode-escapes@https://registry.npmjs.org/@babel/plugin-transform-unicode-escapes/-/plugin-transform-unicode-escapes-7.16.7.tgz. Extracting by manifest.
485 silly tarball no local data for @babel/plugin-transform-typescript@https://registry.npmjs.org/@babel/plugin-transform-typescript/-/plugin-transform-typescript-7.16.7.tgz. Extracting by manifest.
486 silly tarball no local data for @babel/plugin-transform-typeof-symbol@https://registry.npmjs.org/@babel/plugin-transform-typeof-symbol/-/plugin-transform-typeof-symbol-7.16.7.tgz. Extracting by manifest.
487 silly tarball no local data for @babel/plugin-transform-template-literals@https://registry.npmjs.org/@babel/plugin-transform-template-literals/-/plugin-transform-template-literals-7.16.7.tgz. Extracting by manifest.
488 silly tarball no local data for @babel/plugin-transform-sticky-regex@https://registry.npmjs.org/@babel/plugin-transform-sticky-regex/-/plugin-transform-sticky-regex-7.16.7.tgz. Extracting by manifest.
489 silly tarball no local data for @babel/plugin-transform-spread@https://registry.npmjs.org/@babel/plugin-transform-spread/-/plugin-transform-spread-7.16.7.tgz. Extracting by manifest.
490 silly tarball no local data for @babel/plugin-transform-shorthand-properties@https://registry.npmjs.org/@babel/plugin-transform-shorthand-properties/-/plugin-transform-shorthand-properties-7.16.7.tgz. Extracting by manifest.
491 silly tarball no local data for @babel/plugin-transform-runtime@https://registry.npmjs.org/@babel/plugin-transform-runtime/-/plugin-transform-runtime-7.16.7.tgz. Extracting by manifest.
492 silly tarball no local data for @babel/plugin-transform-reserved-words@https://registry.npmjs.org/@babel/plugin-transform-reserved-words/-/plugin-transform-reserved-words-7.16.7.tgz. Extracting by manifest.
493 silly tarball no local data for @babel/plugin-transform-react-pure-annotations@https://registry.npmjs.org/@babel/plugin-transform-react-pure-annotations/-/plugin-transform-react-pure-annotations-7.16.7.tgz. Extracting by manifest.
494 silly tarball no local data for @babel/plugin-transform-react-jsx-development@https://registry.npmjs.org/@babel/plugin-transform-react-jsx-development/-/plugin-transform-react-jsx-development-7.16.7.tgz. Extracting by manifest.
495 silly tarball no local data for @babel/plugin-transform-react-jsx@https://registry.npmjs.org/@babel/plugin-transform-react-jsx/-/plugin-transform-react-jsx-7.16.7.tgz. Extracting by manifest.
496 silly tarball no local data for @babel/plugin-transform-react-display-name@https://registry.npmjs.org/@babel/plugin-transform-react-display-name/-/plugin-transform-react-display-name-7.16.7.tgz. Extracting by manifest.
497 silly tarball no local data for @babel/plugin-transform-react-constant-elements@https://registry.npmjs.org/@babel/plugin-transform-react-constant-elements/-/plugin-transform-react-constant-elements-7.16.7.tgz. Extracting by manifest.
498 silly tarball no local data for @babel/plugin-transform-property-literals@https://registry.npmjs.org/@babel/plugin-transform-property-literals/-/plugin-transform-property-literals-7.16.7.tgz. Extracting by manifest.
499 silly tarball no local data for @babel/plugin-transform-parameters@https://registry.npmjs.org/@babel/plugin-transform-parameters/-/plugin-transform-parameters-7.16.7.tgz. Extracting by manifest.
500 silly tarball no local data for @babel/plugin-transform-regenerator@https://registry.npmjs.org/@babel/plugin-transform-regenerator/-/plugin-transform-regenerator-7.16.7.tgz. Extracting by manifest.
501 silly tarball no local data for @babel/plugin-transform-object-super@https://registry.npmjs.org/@babel/plugin-transform-object-super/-/plugin-transform-object-super-7.16.7.tgz. Extracting by manifest.
502 silly tarball no local data for @babel/plugin-transform-new-target@https://registry.npmjs.org/@babel/plugin-transform-new-target/-/plugin-transform-new-target-7.16.7.tgz. Extracting by manifest.
503 silly tarball no local data for @babel/plugin-transform-named-capturing-groups-regex@https://registry.npmjs.org/@babel/plugin-transform-named-capturing-groups-regex/-/plugin-transform-named-capturing-groups-regex-7.16.7.tgz. Extracting by manifest.
504 silly tarball no local data for @babel/plugin-transform-modules-umd@https://registry.npmjs.org/@babel/plugin-transform-modules-umd/-/plugin-transform-modules-umd-7.16.7.tgz. Extracting by manifest.
505 silly tarball no local data for @babel/plugin-transform-modules-systemjs@https://registry.npmjs.org/@babel/plugin-transform-modules-systemjs/-/plugin-transform-modules-systemjs-7.16.7.tgz. Extracting by manifest.
506 silly tarball no local data for @babel/plugin-transform-modules-commonjs@https://registry.npmjs.org/@babel/plugin-transform-modules-commonjs/-/plugin-transform-modules-commonjs-7.16.7.tgz. Extracting by manifest.
507 silly tarball no local data for @babel/plugin-transform-modules-amd@https://registry.npmjs.org/@babel/plugin-transform-modules-amd/-/plugin-transform-modules-amd-7.16.7.tgz. Extracting by manifest.
508 silly tarball no local data for @babel/plugin-transform-literals@https://registry.npmjs.org/@babel/plugin-transform-literals/-/plugin-transform-literals-7.16.7.tgz. Extracting by manifest.
509 silly tarball no local data for @babel/plugin-transform-member-expression-literals@https://registry.npmjs.org/@babel/plugin-transform-member-expression-literals/-/plugin-transform-member-expression-literals-7.16.7.tgz. Extracting by manifest.
510 silly tarball no local data for @babel/plugin-transform-function-name@https://registry.npmjs.org/@babel/plugin-transform-function-name/-/plugin-transform-function-name-7.16.7.tgz. Extracting by manifest.
511 silly tarball no local data for @babel/plugin-transform-for-of@https://registry.npmjs.org/@babel/plugin-transform-for-of/-/plugin-transform-for-of-7.16.7.tgz. Extracting by manifest.
512 silly tarball no local data for @babel/plugin-transform-flow-strip-types@https://registry.npmjs.org/@babel/plugin-transform-flow-strip-types/-/plugin-transform-flow-strip-types-7.16.7.tgz. Extracting by manifest.
513 silly tarball no local data for @babel/plugin-transform-exponentiation-operator@https://registry.npmjs.org/@babel/plugin-transform-exponentiation-operator/-/plugin-transform-exponentiation-operator-7.16.7.tgz. Extracting by manifest.
514 silly tarball no local data for @babel/plugin-transform-dotall-regex@https://registry.npmjs.org/@babel/plugin-transform-dotall-regex/-/plugin-transform-dotall-regex-7.16.7.tgz. Extracting by manifest.
515 silly tarball no local data for @babel/plugin-transform-duplicate-keys@https://registry.npmjs.org/@babel/plugin-transform-duplicate-keys/-/plugin-transform-duplicate-keys-7.16.7.tgz. Extracting by manifest.
516 silly tarball no local data for @babel/plugin-transform-destructuring@https://registry.npmjs.org/@babel/plugin-transform-destructuring/-/plugin-transform-destructuring-7.16.7.tgz. Extracting by manifest.
517 silly tarball no local data for @babel/plugin-transform-computed-properties@https://registry.npmjs.org/@babel/plugin-transform-computed-properties/-/plugin-transform-computed-properties-7.16.7.tgz. Extracting by manifest.
518 silly tarball no local data for @babel/plugin-transform-classes@https://registry.npmjs.org/@babel/plugin-transform-classes/-/plugin-transform-classes-7.16.7.tgz. Extracting by manifest.
519 silly tarball no local data for @babel/plugin-transform-block-scoping@https://registry.npmjs.org/@babel/plugin-transform-block-scoping/-/plugin-transform-block-scoping-7.16.7.tgz. Extracting by manifest.
520 silly tarball no local data for @babel/plugin-transform-block-scoped-functions@https://registry.npmjs.org/@babel/plugin-transform-block-scoped-functions/-/plugin-transform-block-scoped-functions-7.16.7.tgz. Extracting by manifest.
521 silly tarball no local data for @babel/plugin-transform-async-to-generator@https://registry.npmjs.org/@babel/plugin-transform-async-to-generator/-/plugin-transform-async-to-generator-7.16.7.tgz. Extracting by manifest.
522 silly tarball no local data for @babel/plugin-transform-arrow-functions@https://registry.npmjs.org/@babel/plugin-transform-arrow-functions/-/plugin-transform-arrow-functions-7.16.7.tgz. Extracting by manifest.
523 silly tarball no local data for @babel/plugin-syntax-typescript@https://registry.npmjs.org/@babel/plugin-syntax-typescript/-/plugin-syntax-typescript-7.16.7.tgz. Extracting by manifest.
524 silly tarball no local data for @babel/plugin-syntax-jsx@https://registry.npmjs.org/@babel/plugin-syntax-jsx/-/plugin-syntax-jsx-7.16.7.tgz. Extracting by manifest.
525 silly tarball no local data for @babel/plugin-syntax-flow@https://registry.npmjs.org/@babel/plugin-syntax-flow/-/plugin-syntax-flow-7.16.7.tgz. Extracting by manifest.
526 silly tarball no local data for @babel/plugin-syntax-decorators@https://registry.npmjs.org/@babel/plugin-syntax-decorators/-/plugin-syntax-decorators-7.16.7.tgz. Extracting by manifest.
527 silly tarball no local data for @babel/plugin-proposal-unicode-property-regex@https://registry.npmjs.org/@babel/plugin-proposal-unicode-property-regex/-/plugin-proposal-unicode-property-regex-7.16.7.tgz. Extracting by manifest.
528 silly tarball no local data for @babel/plugin-proposal-private-property-in-object@https://registry.npmjs.org/@babel/plugin-proposal-private-property-in-object/-/plugin-proposal-private-property-in-object-7.16.7.tgz. Extracting by manifest.
529 silly tarball no local data for @babel/plugin-proposal-private-methods@https://registry.npmjs.org/@babel/plugin-proposal-private-methods/-/plugin-proposal-private-methods-7.16.7.tgz. Extracting by manifest.
530 silly tarball no local data for @babel/plugin-proposal-optional-chaining@https://registry.npmjs.org/@babel/plugin-proposal-optional-chaining/-/plugin-proposal-optional-chaining-7.16.7.tgz. Extracting by manifest.
531 silly tarball no local data for @babel/plugin-proposal-optional-catch-binding@https://registry.npmjs.org/@babel/plugin-proposal-optional-catch-binding/-/plugin-proposal-optional-catch-binding-7.16.7.tgz. Extracting by manifest.
532 silly tarball no local data for @babel/plugin-proposal-numeric-separator@https://registry.npmjs.org/@babel/plugin-proposal-numeric-separator/-/plugin-proposal-numeric-separator-7.16.7.tgz. Extracting by manifest.
533 silly tarball no local data for @babel/plugin-proposal-object-rest-spread@https://registry.npmjs.org/@babel/plugin-proposal-object-rest-spread/-/plugin-proposal-object-rest-spread-7.16.7.tgz. Extracting by manifest.
534 silly tarball no local data for @babel/plugin-proposal-nullish-coalescing-operator@https://registry.npmjs.org/@babel/plugin-proposal-nullish-coalescing-operator/-/plugin-proposal-nullish-coalescing-operator-7.16.7.tgz. Extracting by manifest.
535 silly tarball no local data for @babel/plugin-proposal-logical-assignment-operators@https://registry.npmjs.org/@babel/plugin-proposal-logical-assignment-operators/-/plugin-proposal-logical-assignment-operators-7.16.7.tgz. Extracting by manifest.
536 silly tarball no local data for @babel/plugin-proposal-export-namespace-from@https://registry.npmjs.org/@babel/plugin-proposal-export-namespace-from/-/plugin-proposal-export-namespace-from-7.16.7.tgz. Extracting by manifest.
537 silly tarball no local data for @babel/plugin-proposal-dynamic-import@https://registry.npmjs.org/@babel/plugin-proposal-dynamic-import/-/plugin-proposal-dynamic-import-7.16.7.tgz. Extracting by manifest.
538 silly tarball no local data for @babel/plugin-proposal-decorators@https://registry.npmjs.org/@babel/plugin-proposal-decorators/-/plugin-proposal-decorators-7.16.7.tgz. Extracting by manifest.
539 silly tarball no local data for @babel/plugin-proposal-class-static-block@https://registry.npmjs.org/@babel/plugin-proposal-class-static-block/-/plugin-proposal-class-static-block-7.16.7.tgz. Extracting by manifest.
540 silly tarball no local data for @babel/plugin-proposal-class-properties@https://registry.npmjs.org/@babel/plugin-proposal-class-properties/-/plugin-proposal-class-properties-7.16.7.tgz. Extracting by manifest.
541 silly tarball no local data for @babel/plugin-proposal-async-generator-functions@https://registry.npmjs.org/@babel/plugin-proposal-async-generator-functions/-/plugin-proposal-async-generator-functions-7.16.7.tgz. Extracting by manifest.
542 silly tarball no local data for @babel/plugin-bugfix-v8-spread-parameters-in-optional-chaining@https://registry.npmjs.org/@babel/plugin-bugfix-v8-spread-parameters-in-optional-chaining/-/plugin-bugfix-v8-spread-parameters-in-optional-chaining-7.16.7.tgz. Extracting by manifest.
543 silly tarball no local data for @babel/plugin-bugfix-safari-id-destructuring-collision-in-function-expression@https://registry.npmjs.org/@babel/plugin-bugfix-safari-id-destructuring-collision-in-function-expression/-/plugin-bugfix-safari-id-destructuring-collision-in-function-expression-7.16.7.tgz. Extracting by manifest.
544 silly tarball no local data for @babel/parser@https://registry.npmjs.org/@babel/parser/-/parser-7.16.7.tgz. Extracting by manifest.
545 silly tarball no local data for @babel/highlight@https://registry.npmjs.org/@babel/highlight/-/highlight-7.16.7.tgz. Extracting by manifest.
546 silly tarball no local data for @babel/helpers@https://registry.npmjs.org/@babel/helpers/-/helpers-7.16.7.tgz. Extracting by manifest.
547 silly tarball no local data for @babel/helper-wrap-function@https://registry.npmjs.org/@babel/helper-wrap-function/-/helper-wrap-function-7.16.7.tgz. Extracting by manifest.
548 silly tarball no local data for @babel/helper-validator-option@https://registry.npmjs.org/@babel/helper-validator-option/-/helper-validator-option-7.16.7.tgz. Extracting by manifest.
549 silly tarball no local data for @babel/helper-validator-identifier@https://registry.npmjs.org/@babel/helper-validator-identifier/-/helper-validator-identifier-7.16.7.tgz. Extracting by manifest.
550 silly tarball no local data for @babel/helper-split-export-declaration@https://registry.npmjs.org/@babel/helper-split-export-declaration/-/helper-split-export-declaration-7.16.7.tgz. Extracting by manifest.
551 silly tarball no local data for @babel/helper-skip-transparent-expression-wrappers@https://registry.npmjs.org/@babel/helper-skip-transparent-expression-wrappers/-/helper-skip-transparent-expression-wrappers-7.16.0.tgz. Extracting by manifest.
552 silly tarball no local data for @babel/helper-simple-access@https://registry.npmjs.org/@babel/helper-simple-access/-/helper-simple-access-7.16.7.tgz. Extracting by manifest.
553 silly tarball no local data for @babel/helper-replace-supers@https://registry.npmjs.org/@babel/helper-replace-supers/-/helper-replace-supers-7.16.7.tgz. Extracting by manifest.
554 silly tarball no local data for @babel/helper-remap-async-to-generator@https://registry.npmjs.org/@babel/helper-remap-async-to-generator/-/helper-remap-async-to-generator-7.16.7.tgz. Extracting by manifest.
555 silly tarball no local data for @babel/helper-plugin-utils@https://registry.npmjs.org/@babel/helper-plugin-utils/-/helper-plugin-utils-7.16.7.tgz. Extracting by manifest.
556 silly tarball no local data for @babel/helper-optimise-call-expression@https://registry.npmjs.org/@babel/helper-optimise-call-expression/-/helper-optimise-call-expression-7.16.7.tgz. Extracting by manifest.
557 silly tarball no local data for @babel/helper-module-transforms@https://registry.npmjs.org/@babel/helper-module-transforms/-/helper-module-transforms-7.16.7.tgz. Extracting by manifest.
558 silly tarball no local data for @babel/helper-member-expression-to-functions@https://registry.npmjs.org/@babel/helper-member-expression-to-functions/-/helper-member-expression-to-functions-7.16.7.tgz. Extracting by manifest.
559 silly tarball no local data for @babel/helper-module-imports@https://registry.npmjs.org/@babel/helper-module-imports/-/helper-module-imports-7.16.7.tgz. Extracting by manifest.
560 silly tarball no local data for @babel/helper-hoist-variables@https://registry.npmjs.org/@babel/helper-hoist-variables/-/helper-hoist-variables-7.16.7.tgz. Extracting by manifest.
561 silly tarball no local data for @babel/helper-get-function-arity@https://registry.npmjs.org/@babel/helper-get-function-arity/-/helper-get-function-arity-7.16.7.tgz. Extracting by manifest.
562 silly tarball no local data for @babel/helper-function-name@https://registry.npmjs.org/@babel/helper-function-name/-/helper-function-name-7.16.7.tgz. Extracting by manifest.
563 silly tarball no local data for @babel/helper-explode-assignable-expression@https://registry.npmjs.org/@babel/helper-explode-assignable-expression/-/helper-explode-assignable-expression-7.16.7.tgz. Extracting by manifest.
564 silly tarball no local data for @babel/helper-environment-visitor@https://registry.npmjs.org/@babel/helper-environment-visitor/-/helper-environment-visitor-7.16.7.tgz. Extracting by manifest.
565 silly tarball no local data for @babel/helper-define-polyfill-provider@https://registry.npmjs.org/@babel/helper-define-polyfill-provider/-/helper-define-polyfill-provider-0.3.0.tgz. Extracting by manifest.
566 silly tarball no local data for @babel/helper-create-regexp-features-plugin@https://registry.npmjs.org/@babel/helper-create-regexp-features-plugin/-/helper-create-regexp-features-plugin-7.16.7.tgz. Extracting by manifest.
567 silly tarball no local data for @babel/helper-compilation-targets@https://registry.npmjs.org/@babel/helper-compilation-targets/-/helper-compilation-targets-7.16.7.tgz. Extracting by manifest.
568 silly tarball no local data for @babel/helper-create-class-features-plugin@https://registry.npmjs.org/@babel/helper-create-class-features-plugin/-/helper-create-class-features-plugin-7.16.7.tgz. Extracting by manifest.
569 silly tarball no local data for @babel/helper-builder-binary-assignment-operator-visitor@https://registry.npmjs.org/@babel/helper-builder-binary-assignment-operator-visitor/-/helper-builder-binary-assignment-operator-visitor-7.16.7.tgz. Extracting by manifest.
570 silly tarball no local data for @babel/helper-annotate-as-pure@https://registry.npmjs.org/@babel/helper-annotate-as-pure/-/helper-annotate-as-pure-7.16.7.tgz. Extracting by manifest.
571 silly tarball no local data for @babel/generator@https://registry.npmjs.org/@babel/generator/-/generator-7.16.7.tgz. Extracting by manifest.
572 silly tarball no local data for @babel/eslint-parser@https://registry.npmjs.org/@babel/eslint-parser/-/eslint-parser-7.16.5.tgz. Extracting by manifest.
573 silly tarball no local data for @babel/core@https://registry.npmjs.org/@babel/core/-/core-7.16.7.tgz. Extracting by manifest.
574 silly tarball no local data for @babel/compat-data@https://registry.npmjs.org/@babel/compat-data/-/compat-data-7.16.4.tgz. Extracting by manifest.
575 silly tarball no local data for @babel/code-frame@https://registry.npmjs.org/@babel/code-frame/-/code-frame-7.16.7.tgz. Extracting by manifest.
576 silly tarball no local data for @babel/plugin-proposal-json-strings@https://registry.npmjs.org/@babel/plugin-proposal-json-strings/-/plugin-proposal-json-strings-7.16.7.tgz. Extracting by manifest.
577 silly tarball no local data for tr46@https://registry.npmjs.org/tr46/-/tr46-1.0.1.tgz. Extracting by manifest.
578 silly tarball no local data for ajv@https://registry.npmjs.org/ajv/-/ajv-8.8.2.tgz. Extracting by manifest.
579 silly tarball no local data for @apideck/better-ajv-errors@https://registry.npmjs.org/@apideck/better-ajv-errors/-/better-ajv-errors-0.3.2.tgz. Extracting by manifest.
580 silly tarball no local data for ws@https://registry.npmjs.org/ws/-/ws-8.4.0.tgz. Extracting by manifest.
581 silly tarball no local data for ajv@https://registry.npmjs.org/ajv/-/ajv-8.8.2.tgz. Extracting by manifest.
582 silly tarball no local data for ajv@https://registry.npmjs.org/ajv/-/ajv-8.8.2.tgz. Extracting by manifest.
583 silly tarball no local data for source-map@https://registry.npmjs.org/source-map/-/source-map-0.7.3.tgz. Extracting by manifest.
584 silly tarball no local data for strip-bom@https://registry.npmjs.org/strip-bom/-/strip-bom-3.0.0.tgz. Extracting by manifest.
585 silly tarball no local data for universalify@https://registry.npmjs.org/universalify/-/universalify-0.1.2.tgz. Extracting by manifest.
586 silly tarball no local data for source-map@https://registry.npmjs.org/source-map/-/source-map-0.7.3.tgz. Extracting by manifest.
587 silly tarball no local data for ms@https://registry.npmjs.org/ms/-/ms-2.0.0.tgz. Extracting by manifest.
588 silly tarball no local data for inherits@https://registry.npmjs.org/inherits/-/inherits-2.0.3.tgz. Extracting by manifest.
589 silly tarball no local data for http-errors@https://registry.npmjs.org/http-errors/-/http-errors-1.6.3.tgz. Extracting by manifest.
590 silly tarball no local data for ms@https://registry.npmjs.org/ms/-/ms-2.0.0.tgz. Extracting by manifest.
591 silly tarball no local data for jsesc@https://registry.npmjs.org/jsesc/-/jsesc-0.5.0.tgz. Extracting by manifest.
592 silly tarball no local data for path-to-regexp@https://registry.npmjs.org/path-to-regexp/-/path-to-regexp-1.8.0.tgz. Extracting by manifest.
593 silly tarball no local data for isarray@https://registry.npmjs.org/isarray/-/isarray-0.0.1.tgz. Extracting by manifest.
594 silly tarball no local data for loader-utils@https://registry.npmjs.org/loader-utils/-/loader-utils-3.2.0.tgz. Extracting by manifest.
595 silly tarball no local data for bytes@https://registry.npmjs.org/bytes/-/bytes-3.1.1.tgz. Extracting by manifest.
596 silly tarball no local data for path-exists@https://registry.npmjs.org/path-exists/-/path-exists-3.0.0.tgz. Extracting by manifest.
597 silly tarball no local data for ajv@https://registry.npmjs.org/ajv/-/ajv-8.8.2.tgz. Extracting by manifest.
598 silly tarball no local data for char-regex@https://registry.npmjs.org/char-regex/-/char-regex-2.0.0.tgz. Extracting by manifest.
599 silly tarball no local data for async@https://registry.npmjs.org/async/-/async-0.9.2.tgz. Extracting by manifest.
600 silly tarball no local data for ignore@https://registry.npmjs.org/ignore/-/ignore-5.2.0.tgz. Extracting by manifest.
601 silly tarball no local data for ms@https://registry.npmjs.org/ms/-/ms-2.0.0.tgz. Extracting by manifest.
602 silly tarball no local data for ms@https://registry.npmjs.org/ms/-/ms-2.0.0.tgz. Extracting by manifest.
603 silly tarball no local data for array-flatten@https://registry.npmjs.org/array-flatten/-/array-flatten-1.1.1.tgz. Extracting by manifest.
604 silly tarball no local data for resolve@https://registry.npmjs.org/resolve/-/resolve-2.0.0-next.3.tgz. Extracting by manifest.
605 silly tarball no local data for ms@https://registry.npmjs.org/ms/-/ms-2.0.0.tgz. Extracting by manifest.
606 silly tarball no local data for path-exists@https://registry.npmjs.org/path-exists/-/path-exists-3.0.0.tgz. Extracting by manifest.
607 silly tarball no local data for p-try@https://registry.npmjs.org/p-try/-/p-try-1.0.0.tgz. Extracting by manifest.
608 silly tarball no local data for p-locate@https://registry.npmjs.org/p-locate/-/p-locate-2.0.0.tgz. Extracting by manifest.
609 silly tarball no local data for p-limit@https://registry.npmjs.org/p-limit/-/p-limit-1.3.0.tgz. Extracting by manifest.
610 silly tarball no local data for locate-path@https://registry.npmjs.org/locate-path/-/locate-path-2.0.0.tgz. Extracting by manifest.
611 silly tarball no local data for find-up@https://registry.npmjs.org/find-up/-/find-up-2.1.0.tgz. Extracting by manifest.
612 silly tarball no local data for globals@https://registry.npmjs.org/globals/-/globals-13.12.0.tgz. Extracting by manifest.
613 silly tarball no local data for type-check@https://registry.npmjs.org/type-check/-/type-check-0.3.2.tgz. Extracting by manifest.
614 silly tarball no local data for prelude-ls@https://registry.npmjs.org/prelude-ls/-/prelude-ls-1.1.2.tgz. Extracting by manifest.
615 silly tarball no local data for levn@https://registry.npmjs.org/levn/-/levn-0.3.0.tgz. Extracting by manifest.
616 silly tarball no local data for ms@https://registry.npmjs.org/ms/-/ms-2.0.0.tgz. Extracting by manifest.
617 silly tarball no local data for ajv@https://registry.npmjs.org/ajv/-/ajv-8.8.2.tgz. Extracting by manifest.
618 silly tarball no local data for semver@https://registry.npmjs.org/semver/-/semver-7.0.0.tgz. Extracting by manifest.
619 silly tarball no local data for ms@https://registry.npmjs.org/ms/-/ms-2.0.0.tgz. Extracting by manifest.
620 silly tarball no local data for ms@https://registry.npmjs.org/ms/-/ms-2.0.0.tgz. Extracting by manifest.
621 silly tarball no local data for bytes@https://registry.npmjs.org/bytes/-/bytes-3.1.1.tgz. Extracting by manifest.
622 silly tarball no local data for loader-utils@https://registry.npmjs.org/loader-utils/-/loader-utils-1.4.0.tgz. Extracting by manifest.
623 silly tarball no local data for ajv@https://registry.npmjs.org/ajv/-/ajv-8.8.2.tgz. Extracting by manifest.
624 silly tarball no local data for ignore@https://registry.npmjs.org/ignore/-/ignore-5.2.0.tgz. Extracting by manifest.
625 silly tarball no local data for aria-query@https://registry.npmjs.org/aria-query/-/aria-query-5.0.0.tgz. Extracting by manifest.
626 silly tarball no local data for aria-query@https://registry.npmjs.org/aria-query/-/aria-query-5.0.0.tgz. Extracting by manifest.
627 silly tarball no local data for source-map@https://registry.npmjs.org/source-map/-/source-map-0.7.3.tgz. Extracting by manifest.
628 silly tarball no local data for globals@https://registry.npmjs.org/globals/-/globals-13.12.0.tgz. Extracting by manifest.
629 http fetch POST 200 https://registry.npmjs.org/-/npm/v1/security/advisories/bulk 2595ms
630 silly audit report {
630 silly audit report   semver: [
630 silly audit report     {
630 silly audit report       id: 1112921,
630 silly audit report       url: 'https://github.com/advisories/GHSA-c2qf-rxjj-qqgw',
630 silly audit report       title: 'semver vulnerable to Regular Expression Denial of Service',
630 silly audit report       severity: 'high',
630 silly audit report       vulnerable_versions: '>=7.0.0 <7.5.2',
630 silly audit report       cwe: [Array],
630 silly audit report       cvss: [Object]
630 silly audit report     },
630 silly audit report     {
630 silly audit report       id: 1112922,
630 silly audit report       url: 'https://github.com/advisories/GHSA-c2qf-rxjj-qqgw',
630 silly audit report       title: 'semver vulnerable to Regular Expression Denial of Service',
630 silly audit report       severity: 'high',
630 silly audit report       vulnerable_versions: '>=6.0.0 <6.3.1',
630 silly audit report       cwe: [Array],
630 silly audit report       cvss: [Object]
630 silly audit report     }
630 silly audit report   ],
630 silly audit report   '@babel/helpers': [
630 silly audit report     {
630 silly audit report       id: 1104001,
630 silly audit report       url: 'https://github.com/advisories/GHSA-968p-4wvh-cqc8',
630 silly audit report       title: 'Babel has inefficient RegExp complexity in generated code with .replace when transpiling named capturing groups',
630 silly audit report       severity: 'moderate',
630 silly audit report       vulnerable_versions: '<7.26.10',
630 silly audit report       cwe: [Array],
630 silly audit report       cvss: [Object]
630 silly audit report     }
630 silly audit report   ],
630 silly audit report   '@babel/plugin-transform-modules-systemjs': [
630 silly audit report     {
630 silly audit report       id: 1117908,
630 silly audit report       url: 'https://github.com/advisories/GHSA-fv7c-fp4j-7gwp',
630 silly audit report       title: '@babel/plugin-transform-modules-systemjs generates arbitrary code when compiling malicious input',
630 silly audit report       severity: 'high',
630 silly audit report       vulnerable_versions: '>=7.12.0 <=7.29.3',
630 silly audit report       cwe: [Array],
630 silly audit report       cvss: [Object]
630 silly audit report     }
630 silly audit report   ],
630 silly audit report   '@babel/runtime': [
630 silly audit report     {
630 silly audit report       id: 1104000,
630 silly audit report       url: 'https://github.com/advisories/GHSA-968p-4wvh-cqc8',
630 silly audit report       title: 'Babel has inefficient RegExp complexity in generated code with .replace when transpiling named capturing groups',
630 silly audit report       severity: 'moderate',
630 silly audit report       vulnerable_versions: '<7.26.10',
630 silly audit report       cwe: [Array],
630 silly audit report       cvss: [Object]
630 silly audit report     }
630 silly audit report   ],
630 silly audit report   '@babel/runtime-corejs3': [
630 silly audit report     {
630 silly audit report       id: 1103998,
630 silly audit report       url: 'https://github.com/advisories/GHSA-968p-4wvh-cqc8',
630 silly audit report       title: 'Babel has inefficient RegExp complexity in generated code with .replace when transpiling named capturing groups',
630 silly audit report       severity: 'moderate',
630 silly audit report       vulnerable_versions: '<7.26.10',
630 silly audit report       cwe: [Array],
630 silly audit report       cvss: [Object]
630 silly audit report     }
630 silly audit report   ],
630 silly audit report   '@babel/traverse': [
630 silly audit report     {
630 silly audit report       id: 1117420,
630 silly audit report       url: 'https://github.com/advisories/GHSA-67hx-6x53-jw92',
630 silly audit report       title: 'Babel vulnerable to arbitrary code execution when compiling specifically crafted malicious code',
630 silly audit report       severity: 'critical',
630 silly audit report       vulnerable_versions: '<7.23.2',
630 silly audit report       cwe: [Array],
630 silly audit report       cvss: [Object]
630 silly audit report     }
630 silly audit report   ],
630 silly audit report   'js-yaml': [
630 silly audit report     {
630 silly audit report       id: 1112714,
630 silly audit report       url: 'https://github.com/advisories/GHSA-mh29-5h37-fv8m',
630 silly audit report       title: 'js-yaml has prototype pollution in merge (<<)',
630 silly audit report       severity: 'moderate',
630 silly audit report       vulnerable_versions: '<3.14.2',
630 silly audit report       cwe: [Array],
630 silly audit report       cvss: [Object]
630 silly audit report     },
630 silly audit report     {
630 silly audit report       id: 1112715,
630 silly audit report       url: 'https://github.com/advisories/GHSA-mh29-5h37-fv8m',
630 silly audit report       title: 'js-yaml has prototype pollution in merge (<<)',
630 silly audit report       severity: 'moderate',
630 silly audit report       vulnerable_versions: '>=4.0.0 <4.1.1',
630 silly audit report       cwe: [Array],
630 silly audit report       cvss: [Object]
630 silly audit report     }
630 silly audit report   ],
630 silly audit report   '@tootallnate/once': [
630 silly audit report     {
630 silly audit report       id: 1113977,
630 silly audit report       url: 'https://github.com/advisories/GHSA-vpq2-c234-7xj6',
630 silly audit report       title: '@tootallnate/once vulnerable to Incorrect Control Flow Scoping',
630 silly audit report       severity: 'low',
630 silly audit report       vulnerable_versions: '<3.0.1',
630 silly audit report       cwe: [Array],
630 silly audit report       cvss: [Object]
630 silly audit report     }
630 silly audit report   ],
630 silly audit report   ajv: [
630 silly audit report     {
630 silly audit report       id: 1113714,
630 silly audit report       url: 'https://github.com/advisories/GHSA-2g4f-4pwh-qvx6',
630 silly audit report       title: 'ajv has ReDoS when using `$data` option',
630 silly audit report       severity: 'moderate',
630 silly audit report       vulnerable_versions: '<6.14.0',
630 silly audit report       cwe: [Array],
630 silly audit report       cvss: [Object]
630 silly audit report     },
630 silly audit report     {
630 silly audit report       id: 1113715,
630 silly audit report       url: 'https://github.com/advisories/GHSA-2g4f-4pwh-qvx6',
630 silly audit report       title: 'ajv has ReDoS when using `$data` option',
630 silly audit report       severity: 'moderate',
630 silly audit report       vulnerable_versions: '>=7.0.0-alpha.0 <8.18.0',
630 silly audit report       cwe: [Array],
630 silly audit report       cvss: [Object]
630 silly audit report     }
630 silly audit report   ],
630 silly audit report   async: [
630 silly audit report     {
630 silly audit report       id: 1097691,
630 silly audit report       url: 'https://github.com/advisories/GHSA-fwr7-v2mv-hh25',
630 silly audit report       title: 'Prototype Pollution in async',
630 silly audit report       severity: 'high',
630 silly audit report       vulnerable_versions: '>=2.0.0 <2.6.4',
630 silly audit report       cwe: [Array],
630 silly audit report       cvss: [Object]
630 silly audit report     }
630 silly audit report   ],
630 silly audit report   json5: [
630 silly audit report     {
630 silly audit report       id: 1096543,
630 silly audit report       url: 'https://github.com/advisories/GHSA-9c47-m6qq-7p4h',
630 silly audit report       title: 'Prototype Pollution in JSON5 via Parse Method',
630 silly audit report       severity: 'high',
630 silly audit report       vulnerable_versions: '<1.0.2',
630 silly audit report       cwe: [Array],
630 silly audit report       cvss: [Object]
630 silly audit report     },
630 silly audit report     {
630 silly audit report       id: 1096544,
630 silly audit report       url: 'https://github.com/advisories/GHSA-9c47-m6qq-7p4h',
630 silly audit report       title: 'Prototype Pollution in JSON5 via Parse Method',
630 silly audit report       severity: 'high',
630 silly audit report       vulnerable_versions: '>=2.0.0 <2.2.2',
630 silly audit report       cwe: [Array],
630 silly audit report       cvss: [Object]
630 silly audit report     }
630 silly audit report   ],
630 silly audit report   'loader-utils': [
630 silly audit report     {
630 silly audit report       id: 1109586,
630 silly audit report       url: 'https://github.com/advisories/GHSA-hhq3-ff78-jv3g',
630 silly audit report       title: 'loader-utils is vulnerable to Regular Expression Denial of Service (ReDoS)',
630 silly audit report       severity: 'high',
630 silly audit report       vulnerable_versions: '>=3.0.0 <3.2.1',
630 silly audit report       cwe: [Array],
630 silly audit report       cvss: [Object]
630 silly audit report     },
630 silly audit report     {
630 silly audit report       id: 1109587,
630 silly audit report       url: 'https://github.com/advisories/GHSA-hhq3-ff78-jv3g',
630 silly audit report       title: 'loader-utils is vulnerable to Regular Expression Denial of Service (ReDoS)',
630 silly audit report       severity: 'high',
630 silly audit report       vulnerable_versions: '>=2.0.0 <2.0.4',
630 silly audit report       cwe: [Array],
630 silly audit report       cvss: [Object]
630 silly audit report     },
630 silly audit report     {
630 silly audit report       id: 1109588,
630 silly audit report       url: 'https://github.com/advisories/GHSA-hhq3-ff78-jv3g',
630 silly audit report       title: 'loader-utils is vulnerable to Regular Expression Denial of Service (ReDoS)',
630 silly audit report       severity: 'high',
630 silly audit report       vulnerable_versions: '>=1.0.0 <1.4.2',
630 silly audit report       cwe: [Array],
630 silly audit report       cvss: [Object]
630 silly audit report     },
630 silly audit report     {
630 silly audit report       id: 1095053,
630 silly audit report       url: 'https://github.com/advisories/GHSA-3rfm-jhwj-7488',
630 silly audit report       title: 'loader-utils is vulnerable to Regular Expression Denial of Service (ReDoS) via url variable',
630 silly audit report       severity: 'high',
630 silly audit report       vulnerable_versions: '>=3.0.0 <3.2.1',
630 silly audit report       cwe: [Array],
630 silly audit report       cvss: [Object]
630 silly audit report     },
630 silly audit report     {
630 silly audit report       id: 1095054,
630 silly audit report       url: 'https://github.com/advisories/GHSA-3rfm-jhwj-7488',
630 silly audit report       title: 'loader-utils is vulnerable to Regular Expression Denial of Service (ReDoS) via url variable',
630 silly audit report       severity: 'high',
630 silly audit report       vulnerable_versions: '>=2.0.0 <2.0.4',
630 silly audit report       cwe: [Array],
630 silly audit report       cvss: [Object]
630 silly audit report     },
630 silly audit report     {
630 silly audit report       id: 1095055,
630 silly audit report       url: 'https://github.com/advisories/GHSA-3rfm-jhwj-7488',
630 silly audit report       title: 'loader-utils is vulnerable to Regular Expression Denial of Service (ReDoS) via url variable',
630 silly audit report       severity: 'high',
630 silly audit report       vulnerable_versions: '>=1.0.0 <1.4.2',
630 silly audit report       cwe: [Array],
630 silly audit report       cvss: [Object]
630 silly audit report     },
630 silly audit report     {
630 silly audit report       id: 1094088,
630 silly audit report       url: 'https://github.com/advisories/GHSA-76p3-8jx3-jpfq',
630 silly audit report       title: 'Prototype pollution in webpack loader-utils',
630 silly audit report       severity: 'critical',
630 silly audit report       vulnerable_versions: '<1.4.1',
630 silly audit report       cwe: [Array],
630 silly audit report       cvss: [Object]
630 silly audit report     },
630 silly audit report     {
630 silly audit report       id: 1094089,
630 silly audit report       url: 'https://github.com/advisories/GHSA-76p3-8jx3-jpfq',
630 silly audit report       title: 'Prototype pollution in webpack loader-utils',
630 silly audit report       severity: 'critical',
630 silly audit report       vulnerable_versions: '>=2.0.0 <2.0.3',
630 silly audit report       cwe: [Array],
630 silly audit report       cvss: [Object]
630 silly audit report     }
630 silly audit report   ],
630 silly audit report   'body-parser': [
630 silly audit report     {
630 silly audit report       id: 1099520,
630 silly audit report       url: 'https://github.com/advisories/GHSA-qwcr-r2fm-qrc7',
630 silly audit report       title: 'body-parser vulnerable to denial of service when url encoding is enabled',
630 silly audit report       severity: 'high',
630 silly audit report       vulnerable_versions: '<1.20.3',
630 silly audit report       cwe: [Array],
630 silly audit report       cvss: [Object]
630 silly audit report     }
630 silly audit report   ],
630 silly audit report   'brace-expansion': [
630 silly audit report     {
630 silly audit report       id: 1105443,
630 silly audit report       url: 'https://github.com/advisories/GHSA-v6h2-p8h4-qcjw',
630 silly audit report       title: 'brace-expansion Regular Expression Denial of Service vulnerability',
630 silly audit report       severity: 'low',
630 silly audit report       vulnerable_versions: '>=1.0.0 <=1.1.11',
630 silly audit report       cwe: [Array],
630 silly audit report       cvss: [Object]
630 silly audit report     },
630 silly audit report     {
630 silly audit report       id: 1115540,
630 silly audit report       url: 'https://github.com/advisories/GHSA-f886-m6hf-6m8v',
630 silly audit report       title: 'brace-expansion: Zero-step sequence causes process hang and memory exhaustion',
630 silly audit report       severity: 'moderate',
630 silly audit report       vulnerable_versions: '<1.1.13',
630 silly audit report       cwe: [Array],
630 silly audit report       cvss: [Object]
630 silly audit report     }
630 silly audit report   ],
630 silly audit report   braces: [
630 silly audit report     {
630 silly audit report       id: 1098094,
630 silly audit report       url: 'https://github.com/advisories/GHSA-grv7-fg5c-xmjg',
630 silly audit report       title: 'Uncontrolled resource consumption in braces',
630 silly audit report       severity: 'high',
630 silly audit report       vulnerable_versions: '<3.0.3',
630 silly audit report       cwe: [Array],
630 silly audit report       cvss: [Object]
630 silly audit report     }
630 silly audit report   ],
630 silly audit report   cookie: [
630 silly audit report     {
630 silly audit report       id: 1103907,
630 silly audit report       url: 'https://github.com/advisories/GHSA-pxg6-pf52-xh8x',
630 silly audit report       title: 'cookie accepts cookie name, path, and domain with out of bounds characters',
630 silly audit report       severity: 'low',
630 silly audit report       vulnerable_versions: '<0.7.0',
630 silly audit report       cwe: [Array],
630 silly audit report       cvss: [Object]
630 silly audit report     }
630 silly audit report   ],
630 silly audit report   'cross-spawn': [
630 silly audit report     {
630 silly audit report       id: 1104664,
630 silly audit report       url: 'https://github.com/advisories/GHSA-3xgq-45jj-v275',
630 silly audit report       title: 'Regular Expression Denial of Service (ReDoS) in cross-spawn',
630 silly audit report       severity: 'high',
630 silly audit report       vulnerable_versions: '>=7.0.0 <7.0.5',
630 silly audit report       cwe: [Array],
630 silly audit report       cvss: [Object]
630 silly audit report     }
630 silly audit report   ],
630 silly audit report   'decode-uri-component': [
630 silly audit report     {
630 silly audit report       id: 1094087,
630 silly audit report       url: 'https://github.com/advisories/GHSA-w573-4hg7-7wgq',
630 silly audit report       title: 'decode-uri-component vulnerable to Denial of Service (DoS)',
630 silly audit report       severity: 'high',
630 silly audit report       vulnerable_versions: '<0.2.1',
630 silly audit report       cwe: [Array],
630 silly audit report       cvss: [Object]
630 silly audit report     }
630 silly audit report   ],
630 silly audit report   ejs: [
630 silly audit report     {
630 silly audit report       id: 1089270,
630 silly audit report       url: 'https://github.com/advisories/GHSA-phwq-j96m-2c2q',
630 silly audit report       title: 'ejs template injection vulnerability',
630 silly audit report       severity: 'critical',
630 silly audit report       vulnerable_versions: '<3.1.7',
630 silly audit report       cwe: [Array],
630 silly audit report       cvss: [Object]
630 silly audit report     },
630 silly audit report     {
630 silly audit report       id: 1098366,
630 silly audit report       url: 'https://github.com/advisories/GHSA-ghr5-ch3p-vcr6',
630 silly audit report       title: 'ejs lacks certain pollution protection',
630 silly audit report       severity: 'moderate',
630 silly audit report       vulnerable_versions: '<3.1.10',
630 silly audit report       cwe: [Array],
630 silly audit report       cvss: [Object]
630 silly audit report     }
630 silly audit report   ],
630 silly audit report   express: [
630 silly audit report     {
630 silly audit report       id: 1100530,
630 silly audit report       url: 'https://github.com/advisories/GHSA-qw6h-vgh9-j6wx',
630 silly audit report       title: 'express vulnerable to XSS via response.redirect()',
630 silly audit report       severity: 'low',
630 silly audit report       vulnerable_versions: '<4.20.0',
630 silly audit report       cwe: [Array],
630 silly audit report       cvss: [Object]
630 silly audit report     },
630 silly audit report     {
630 silly audit report       id: 1111636,
630 silly audit report       url: 'https://github.com/advisories/GHSA-rv95-896h-c2vc',
630 silly audit report       title: 'Express.js Open Redirect in malformed URLs',
630 silly audit report       severity: 'moderate',
630 silly audit report       vulnerable_versions: '<4.19.2',
630 silly audit report       cwe: [Array],
630 silly audit report       cvss: [Object]
630 silly audit report     }
630 silly audit report   ],
630 silly audit report   flatted: [
630 silly audit report     {
630 silly audit report       id: 1114526,
630 silly audit report       url: 'https://github.com/advisories/GHSA-25h7-pfq9-p65f',
630 silly audit report       title: 'flatted vulnerable to unbounded recursion DoS in parse() revive phase',
630 silly audit report       severity: 'high',
630 silly audit report       vulnerable_versions: '<3.4.0',
630 silly audit report       cwe: [Array],
630 silly audit report       cvss: [Object]
630 silly audit report     },
630 silly audit report     {
630 silly audit report       id: 1115357,
630 silly audit report       url: 'https://github.com/advisories/GHSA-rf6f-7fwh-wjgh',
630 silly audit report       title: 'Prototype Pollution via parse() in NodeJS flatted',
630 silly audit report       severity: 'high',
630 silly audit report       vulnerable_versions: '<=3.4.1',
630 silly audit report       cwe: [Array],
630 silly audit report       cvss: [Object]
630 silly audit report     }
630 silly audit report   ],
630 silly audit report   'follow-redirects': [
630 silly audit report     {
630 silly audit report       id: 1102323,
630 silly audit report       url: 'https://github.com/advisories/GHSA-74fj-2j2h-c42q',
630 silly audit report       title: 'Exposure of sensitive information in follow-redirects',
630 silly audit report       severity: 'high',
630 silly audit report       vulnerable_versions: '<1.14.7',
630 silly audit report       cwe: [Array],
630 silly audit report       cvss: [Object]
630 silly audit report     },
630 silly audit report     {
630 silly audit report       id: 1109569,
630 silly audit report       url: 'https://github.com/advisories/GHSA-jchw-25xp-jwwc',
630 silly audit report       title: 'Follow Redirects improperly handles URLs in the url.parse() function',
630 silly audit report       severity: 'moderate',
630 silly audit report       vulnerable_versions: '<1.15.4',
630 silly audit report       cwe: [Array],
630 silly audit report       cvss: [Object]
630 silly audit report     },
630 silly audit report     {
630 silly audit report       id: 1096856,
630 silly audit report       url: 'https://github.com/advisories/GHSA-cxjh-pqwp-8mfp',
630 silly audit report       title: "follow-redirects' Proxy-Authorization header kept across hosts",
630 silly audit report       severity: 'moderate',
630 silly audit report       vulnerable_versions: '<=1.15.5',
630 silly audit report       cwe: [Array],
630 silly audit report       cvss: [Object]
630 silly audit report     },
630 silly audit report     {
630 silly audit report       id: 1116560,
630 silly audit report       url: 'https://github.com/advisories/GHSA-r4q5-vmmm-2653',
630 silly audit report       title: 'follow-redirects leaks Custom Authentication Headers to Cross-Domain Redirect Targets',
630 silly audit report       severity: 'moderate',
630 silly audit report       vulnerable_versions: '<=1.15.11',
630 silly audit report       cwe: [Array],
630 silly audit report       cvss: [Object]
630 silly audit report     },
630 silly audit report     {
630 silly audit report       id: 1092623,
630 silly audit report       url: 'https://github.com/advisories/GHSA-pw2r-vq6v-hr8c',
630 silly audit report       title: 'Exposure of Sensitive Information to an Unauthorized Actor in follow-redirects',
630 silly audit report       severity: 'moderate',
630 silly audit report       vulnerable_versions: '<1.14.8',
630 silly audit report       cwe: [Array],
630 silly audit report       cvss: [Object]
630 silly audit report     }
630 silly audit report   ],
630 silly audit report   'form-data': [
630 silly audit report     {
630 silly audit report       id: 1109539,
630 silly audit report       url: 'https://github.com/advisories/GHSA-fjxv-7rqg-78g4',
630 silly audit report       title: 'form-data uses unsafe random function in form-data for choosing boundary',
630 silly audit report       severity: 'critical',
630 silly audit report       vulnerable_versions: '>=3.0.0 <3.0.4',
630 silly audit report       cwe: [Array],
630 silly audit report       cvss: [Object]
630 silly audit report     }
630 silly audit report   ],
630 silly audit report   'http-proxy-middleware': [
630 silly audit report     {
630 silly audit report       id: 1100223,
630 silly audit report       url: 'https://github.com/advisories/GHSA-c7qv-q95q-8v27',
630 silly audit report       title: 'Denial of service in http-proxy-middleware',
630 silly audit report       severity: 'high',
630 silly audit report       vulnerable_versions: '<2.0.7',
630 silly audit report       cwe: [Array],
630 silly audit report       cvss: [Object]
630 silly audit report     },
630 silly audit report     {
630 silly audit report       id: 1104105,
630 silly audit report       url: 'https://github.com/advisories/GHSA-9gqv-wp59-fq42',
630 silly audit report       title: 'http-proxy-middleware allows fixRequestBody to proceed even if bodyParser has failed',
630 silly audit report       severity: 'moderate',
630 silly audit report       vulnerable_versions: '>=1.3.0 <2.0.9',
630 silly audit report       cwe: [Array],
630 silly audit report       cvss: [Object]
630 silly audit report     },
630 silly audit report     {
630 silly audit report       id: 1104106,
630 silly audit report       url: 'https://github.com/advisories/GHSA-4www-5p9h-95mh',
630 silly audit report       title: 'http-proxy-middleware can call writeBody twice because "else if" is not used',
630 silly audit report       severity: 'moderate',
630 silly audit report       vulnerable_versions: '>=1.3.0 <2.0.8',
630 silly audit report       cwe: [Array],
630 silly audit report       cvss: [Object]
630 silly audit report     }
630 silly audit report   ],
630 silly audit report   ip: [
630 silly audit report     {
630 silly audit report       id: 1101851,
630 silly audit report       url: 'https://github.com/advisories/GHSA-2p57-rm9w-gvfp',
630 silly audit report       title: 'ip SSRF improper categorization in isPublic',
630 silly audit report       severity: 'high',
630 silly audit report       vulnerable_versions: '<=2.0.1',
630 silly audit report       cwe: [Array],
630 silly audit report       cvss: [Object]
630 silly audit report     },
630 silly audit report     {
630 silly audit report       id: 1114831,
630 silly audit report       url: 'https://github.com/advisories/GHSA-78xj-cgh5-2h22',
630 silly audit report       title: 'NPM IP package incorrectly identifies some private IP addresses as public',
630 silly audit report       severity: 'low',
630 silly audit report       vulnerable_versions: '<1.1.9',
630 silly audit report       cwe: [Array],
630 silly audit report       cvss: [Object]
630 silly audit report     }
630 silly audit report   ],
630 silly audit report   lodash: [
630 silly audit report     {
630 silly audit report       id: 1112455,
630 silly audit report       url: 'https://github.com/advisories/GHSA-xxjr-mmjv-4gpg',
630 silly audit report       title: 'Lodash has Prototype Pollution Vulnerability in `_.unset` and `_.omit` functions',
630 silly audit report       severity: 'moderate',
630 silly audit report       vulnerable_versions: '>=4.0.0 <=4.17.22',
630 silly audit report       cwe: [Array],
630 silly audit report       cvss: [Object]
630 silly audit report     },
630 silly audit report     {
630 silly audit report       id: 1115806,
630 silly audit report       url: 'https://github.com/advisories/GHSA-r5fr-rjxr-66jc',
630 silly audit report       title: 'lodash vulnerable to Code Injection via `_.template` imports key names',
630 silly audit report       severity: 'high',
630 silly audit report       vulnerable_versions: '>=4.0.0 <=4.17.23',
630 silly audit report       cwe: [Array],
630 silly audit report       cvss: [Object]
630 silly audit report     },
630 silly audit report     {
630 silly audit report       id: 1115810,
630 silly audit report       url: 'https://github.com/advisories/GHSA-f23m-r3pf-42rh',
630 silly audit report       title: 'lodash vulnerable to Prototype Pollution via array path bypass in `_.unset` and `_.omit`',
630 silly audit report       severity: 'moderate',
630 silly audit report       vulnerable_versions: '<=4.17.23',
630 silly audit report       cwe: [Array],
630 silly audit report       cvss: [Object]
630 silly audit report     }
630 silly audit report   ],
630 silly audit report   micromatch: [
630 silly audit report     {
630 silly audit report       id: 1098681,
630 silly audit report       url: 'https://github.com/advisories/GHSA-952p-6rrq-rcjv',
630 silly audit report       title: 'Regular Expression Denial of Service (ReDoS) in micromatch',
630 silly audit report       severity: 'moderate',
630 silly audit report       vulnerable_versions: '<4.0.8',
630 silly audit report       cwe: [Array],
630 silly audit report       cvss: [Object]
630 silly audit report     }
630 silly audit report   ],
630 silly audit report   minimatch: [
630 silly audit report     {
630 silly audit report       id: 1113459,
630 silly audit report       url: 'https://github.com/advisories/GHSA-3ppc-4f35-3m26',
630 silly audit report       title: 'minimatch has a ReDoS via repeated wildcards with non-matching literal in pattern',
630 silly audit report       severity: 'high',
630 silly audit report       vulnerable_versions: '<3.1.3',
630 silly audit report       cwe: [Array],
630 silly audit report       cvss: [Object]
630 silly audit report     },
630 silly audit report     {
630 silly audit report       id: 1113538,
630 silly audit report       url: 'https://github.com/advisories/GHSA-7r86-cg39-jmmj',
630 silly audit report       title: 'minimatch has ReDoS: matchOne() combinatorial backtracking via multiple non-adjacent GLOBSTAR segments',
630 silly audit report       severity: 'high',
630 silly audit report       vulnerable_versions: '<3.1.3',
630 silly audit report       cwe: [Array],
630 silly audit report       cvss: [Object]
630 silly audit report     },
630 silly audit report     {
630 silly audit report       id: 1113546,
630 silly audit report       url: 'https://github.com/advisories/GHSA-23c5-xmqv-rm74',
630 silly audit report       title: 'minimatch ReDoS: nested *() extglobs generate catastrophically backtracking regular expressions',
630 silly audit report       severity: 'high',
630 silly audit report       vulnerable_versions: '<3.1.4',
630 silly audit report       cwe: [Array],
630 silly audit report       cvss: [Object]
630 silly audit report     },
630 silly audit report     {
630 silly audit report       id: 1096485,
630 silly audit report       url: 'https://github.com/advisories/GHSA-f8q6-p94x-37v3',
630 silly audit report       title: 'minimatch ReDoS vulnerability',
630 silly audit report       severity: 'high',
630 silly audit report       vulnerable_versions: '<3.0.5',
630 silly audit report       cwe: [Array],
630 silly audit report       cvss: [Object]
630 silly audit report     }
630 silly audit report   ],
630 silly audit report   minimist: [
630 silly audit report     {
630 silly audit report       id: 1097678,
630 silly audit report       url: 'https://github.com/advisories/GHSA-xvch-5gv4-984h',
630 silly audit report       title: 'Prototype Pollution in minimist',
630 silly audit report       severity: 'critical',
630 silly audit report       vulnerable_versions: '>=1.0.0 <1.2.6',
630 silly audit report       cwe: [Array],
630 silly audit report       cvss: [Object]
630 silly audit report     }
630 silly audit report   ],
630 silly audit report   nanoid: [
630 silly audit report     {
630 silly audit report       id: 1109563,
630 silly audit report       url: 'https://github.com/advisories/GHSA-mwcw-c2x4-8c55',
630 silly audit report       title: 'Predictable results in nanoid generation when given non-integer values',
630 silly audit report       severity: 'moderate',
630 silly audit report       vulnerable_versions: '<3.3.8',
630 silly audit report       cwe: [Array],
630 silly audit report       cvss: [Object]
630 silly audit report     },
630 silly audit report     {
630 silly audit report       id: 1109578,
630 silly audit report       url: 'https://github.com/advisories/GHSA-qrpm-p2h7-hrv2',
630 silly audit report       title: 'Exposure of Sensitive Information to an Unauthorized Actor in nanoid',
630 silly audit report       severity: 'moderate',
630 silly audit report       vulnerable_versions: '>=3.0.0 <3.1.31',
630 silly audit report       cwe: [Array],
630 silly audit report       cvss: [Object]
630 silly audit report     }
630 silly audit report   ],
630 silly audit report   'node-forge': [
630 silly audit report     {
630 silly audit report       id: 1102321,
630 silly audit report       url: 'https://github.com/advisories/GHSA-x4jg-mjrx-434g',
630 silly audit report       title: 'Improper Verification of Cryptographic Signature in node-forge',
630 silly audit report       severity: 'high',
630 silly audit report       vulnerable_versions: '<1.3.0',
630 silly audit report       cwe: [Array],
630 silly audit report       cvss: [Object]
630 silly audit report     },
630 silly audit report     {
630 silly audit report       id: 1102322,
630 silly audit report       url: 'https://github.com/advisories/GHSA-cfm4-qjh2-4765',
630 silly audit report       title: 'Improper Verification of Cryptographic Signature in node-forge',
630 silly audit report       severity: 'high',
630 silly audit report       vulnerable_versions: '<1.3.0',
630 silly audit report       cwe: [Array],
630 silly audit report       cvss: [Object]
630 silly audit report     },
630 silly audit report     {
630 silly audit report       id: 1110996,
630 silly audit report       url: 'https://github.com/advisories/GHSA-554w-wpv2-vw27',
630 silly audit report       title: 'node-forge has ASN.1 Unbounded Recursion',
630 silly audit report       severity: 'high',
630 silly audit report       vulnerable_versions: '<1.3.2',
630 silly audit report       cwe: [Array],
630 silly audit report       cvss: [Object]
630 silly audit report     },
630 silly audit report     {
630 silly audit report       id: 1110998,
630 silly audit report       url: 'https://github.com/advisories/GHSA-5gfm-wpxj-wjgq',
630 silly audit report       title: 'node-forge has an Interpretation Conflict vulnerability via its ASN.1 Validator Desynchronization',
630 silly audit report       severity: 'high',
630 silly audit report       vulnerable_versions: '<1.3.2',
630 silly audit report       cwe: [Array],
630 silly audit report       cvss: [Object]
630 silly audit report     },
630 silly audit report     {
630 silly audit report       id: 1111068,
630 silly audit report       url: 'https://github.com/advisories/GHSA-65ch-62r8-g69g',
630 silly audit report       title: 'node-forge is vulnerable to ASN.1 OID Integer Truncation',
630 silly audit report       severity: 'moderate',
630 silly audit report       vulnerable_versions: '<1.3.2',
630 silly audit report       cwe: [Array],
630 silly audit report       cvss: [Object]
630 silly audit report     },
630 silly audit report     {
630 silly audit report       id: 1088227,
630 silly audit report       url: 'https://github.com/advisories/GHSA-5rrq-pxf6-6jx5',
630 silly audit report       title: 'Prototype Pollution in node-forge debug API.',
630 silly audit report       severity: 'low',
630 silly audit report       vulnerable_versions: '<1.0.0',
630 silly audit report       cwe: [Array],
630 silly audit report       cvss: [Object]
630 silly audit report     },
630 silly audit report     {
630 silly audit report       id: 1088229,
630 silly audit report       url: 'https://github.com/advisories/GHSA-gf8q-jrpm-jvxq',
630 silly audit report       title: 'URL parsing in node-forge could lead to undesired behavior.',
630 silly audit report       severity: 'low',
630 silly audit report       vulnerable_versions: '<1.0.0',
630 silly audit report       cwe: [Array],
630 silly audit report       cvss: [Object]
630 silly audit report     },
630 silly audit report     {
630 silly audit report       id: 1115545,
630 silly audit report       url: 'https://github.com/advisories/GHSA-2328-f5f3-gj25',
630 silly audit report       title: 'Forge has a basicConstraints bypass in its certificate chain verification (RFC 5280 violation)',
630 silly audit report       severity: 'high',
630 silly audit report       vulnerable_versions: '<=1.3.3',
630 silly audit report       cwe: [Array],
630 silly audit report       cvss: [Object]
630 silly audit report     },
630 silly audit report     {
630 silly audit report       id: 1115546,
630 silly audit report       url: 'https://github.com/advisories/GHSA-q67f-28xg-22rw',
630 silly audit report       title: 'Forge has signature forgery in Ed25519 due to missing S > L check',
630 silly audit report       severity: 'high',
630 silly audit report       vulnerable_versions: '<1.4.0',
630 silly audit report       cwe: [Array],
630 silly audit report       cvss: [Object]
630 silly audit report     },
630 silly audit report     {
630 silly audit report       id: 1115548,
630 silly audit report       url: 'https://github.com/advisories/GHSA-5m6q-g25r-mvwx',
630 silly audit report       title: 'Forge has Denial of Service via Infinite Loop in BigInteger.modInverse() with Zero Input',
630 silly audit report       severity: 'high',
630 silly audit report       vulnerable_versions: '<1.4.0',
630 silly audit report       cwe: [Array],
630 silly audit report       cvss: [Object]
630 silly audit report     },
630 silly audit report     {
630 silly audit report       id: 1115612,
630 silly audit report       url: 'https://github.com/advisories/GHSA-ppp5-5v6c-4jwp',
630 silly audit report       title: 'Forge has signature forgery in RSA-PKCS due to ASN.1 extra field  ',
630 silly audit report       severity: 'high',
630 silly audit report       vulnerable_versions: '<1.4.0',
630 silly audit report       cwe: [Array],
630 silly audit report       cvss: [Object]
630 silly audit report     },
630 silly audit report     {
630 silly audit report       id: 1093719,
630 silly audit report       url: 'https://github.com/advisories/GHSA-8fr3-hfg3-gpgp',
630 silly audit report       title: 'Open Redirect in node-forge',
630 silly audit report       severity: 'moderate',
630 silly audit report       vulnerable_versions: '<1.0.0',
630 silly audit report       cwe: [Array],
630 silly audit report       cvss: [Object]
630 silly audit report     },
630 silly audit report     {
630 silly audit report       id: 1088746,
630 silly audit report       url: 'https://github.com/advisories/GHSA-2r2c-g63r-vccr',
630 silly audit report       title: 'Improper Verification of Cryptographic Signature in `node-forge`',
630 silly audit report       severity: 'moderate',
630 silly audit report       vulnerable_versions: '<1.3.0',
630 silly audit report       cwe: [Array],
630 silly audit report       cvss: [Object]
630 silly audit report     }
630 silly audit report   ],
630 silly audit report   'nth-check': [
630 silly audit report     {
630 silly audit report       id: 1095141,
630 silly audit report       url: 'https://github.com/advisories/GHSA-rp65-9cf3-cjxr',
630 silly audit report       title: 'Inefficient Regular Expression Complexity in nth-check',
630 silly audit report       severity: 'high',
630 silly audit report       vulnerable_versions: '<2.0.1',
630 silly audit report       cwe: [Array],
630 silly audit report       cvss: [Object]
630 silly audit report     }
630 silly audit report   ],
630 silly audit report   'on-headers': [
630 silly audit report     {
630 silly audit report       id: 1106812,
630 silly audit report       url: 'https://github.com/advisories/GHSA-76c9-3jph-rj3q',
630 silly audit report       title: 'on-headers is vulnerable to http response header manipulation',
630 silly audit report       severity: 'low',
630 silly audit report       vulnerable_versions: '<1.1.0',
630 silly audit report       cwe: [Array],
630 silly audit report       cvss: [Object]
630 silly audit report     }
630 silly audit report   ],
630 silly audit report   'path-to-regexp': [
630 silly audit report     {
630 silly audit report       id: 1101849,
630 silly audit report       url: 'https://github.com/advisories/GHSA-9wv6-86v2-598j',
630 silly audit report       title: 'path-to-regexp outputs backtracking regular expressions',
630 silly audit report       severity: 'high',
630 silly audit report       vulnerable_versions: '>=0.2.0 <1.9.0',
630 silly audit report       cwe: [Array],
630 silly audit report       cvss: [Object]
630 silly audit report     },
630 silly audit report     {
630 silly audit report       id: 1101850,
630 silly audit report       url: 'https://github.com/advisories/GHSA-9wv6-86v2-598j',
630 silly audit report       title: 'path-to-regexp outputs backtracking regular expressions',
630 silly audit report       severity: 'high',
630 silly audit report       vulnerable_versions: '<0.1.10',
630 silly audit report       cwe: [Array],
630 silly audit report       cvss: [Object]
630 silly audit report     },
630 silly audit report     {
630 silly audit report       id: 1105199,
630 silly audit report       url: 'https://github.com/advisories/GHSA-rhx6-c78j-4q9w',
630 silly audit report       title: 'path-to-regexp contains a ReDoS',
630 silly audit report       severity: 'high',
630 silly audit report       vulnerable_versions: '<0.1.12',
630 silly audit report       cwe: [Array],
630 silly audit report       cvss: [Object]
630 silly audit report     },
630 silly audit report     {
630 silly audit report       id: 1115527,
630 silly audit report       url: 'https://github.com/advisories/GHSA-37ch-88jc-xwx2',
630 silly audit report       title: 'path-to-regexp vulnerable to Regular Expression Denial of Service via multiple route parameters',
630 silly audit report       severity: 'high',
630 silly audit report       vulnerable_versions: '<0.1.13',
630 silly audit report       cwe: [Array],
630 silly audit report       cvss: [Object]
630 silly audit report     }
630 silly audit report   ],
630 silly audit report   picomatch: [
630 silly audit report     {
630 silly audit report       id: 1115549,
630 silly audit report       url: 'https://github.com/advisories/GHSA-3v7f-55p6-f55p',
630 silly audit report       title: 'Picomatch: Method Injection in POSIX Character Classes causes incorrect Glob Matching',
630 silly audit report       severity: 'moderate',
630 silly audit report       vulnerable_versions: '<2.3.2',
630 silly audit report       cwe: [Array],
630 silly audit report       cvss: [Object]
630 silly audit report     },
630 silly audit report     {
630 silly audit report       id: 1115552,
630 silly audit report       url: 'https://github.com/advisories/GHSA-c2c7-rcm5-vvqj',
630 silly audit report       title: 'Picomatch has a ReDoS vulnerability via extglob quantifiers',
630 silly audit report       severity: 'high',
630 silly audit report       vulnerable_versions: '<2.3.2',
630 silly audit report       cwe: [Array],
630 silly audit report       cvss: [Object]
630 silly audit report     }
630 silly audit report   ],
630 silly audit report   postcss: [
630 silly audit report     {
630 silly audit report       id: 1109574,
630 silly audit report       url: 'https://github.com/advisories/GHSA-7fh5-64p2-3v2j',
630 silly audit report       title: 'PostCSS line return parsing error',
630 silly audit report       severity: 'moderate',
630 silly audit report       vulnerable_versions: '<8.4.31',
630 silly audit report       cwe: [Array],
630 silly audit report       cvss: [Object]
630 silly audit report     },
630 silly audit report     {
630 silly audit report       id: 1117015,
630 silly audit report       url: 'https://github.com/advisories/GHSA-qx2v-qp2m-jg93',
630 silly audit report       title: 'PostCSS has XSS via Unescaped </style> in its CSS Stringify Output',
630 silly audit report       severity: 'moderate',
630 silly audit report       vulnerable_versions: '<8.5.10',
630 silly audit report       cwe: [Array],
630 silly audit report       cvss: [Object]
630 silly audit report     }
630 silly audit report   ],
630 silly audit report   svgo: [
630 silly audit report     {
630 silly audit report       id: 1114152,
630 silly audit report       url: 'https://github.com/advisories/GHSA-xpqw-6gx7-v673',
630 silly audit report       title: 'SVGO DoS through entity expansion in DOCTYPE (Billion Laughs)',
630 silly audit report       severity: 'high',
630 silly audit report       vulnerable_versions: '>=2.1.0 <2.8.1',
630 silly audit report       cwe: [Array],
630 silly audit report       cvss: [Object]
630 silly audit report     }
630 silly audit report   ],
630 silly audit report   qs: [
630 silly audit report     {
630 silly audit report       id: 1104122,
630 silly audit report       url: 'https://github.com/advisories/GHSA-hrpp-h998-j3pp',
630 silly audit report       title: 'qs vulnerable to Prototype Pollution',
630 silly audit report       severity: 'high',
630 silly audit report       vulnerable_versions: '>=6.9.0 <6.9.7',
630 silly audit report       cwe: [Array],
630 silly audit report       cvss: [Object]
630 silly audit report     },
630 silly audit report     {
630 silly audit report       id: 1113161,
630 silly audit report       url: 'https://github.com/advisories/GHSA-w7fw-mjwx-w883',
630 silly audit report       title: "qs's arrayLimit bypass in comma parsing allows denial of service",
630 silly audit report       severity: 'low',
630 silly audit report       vulnerable_versions: '>=6.7.0 <=6.14.1',
630 silly audit report       cwe: [Array],
630 silly audit report       cvss: [Object]
630 silly audit report     },
630 silly audit report     {
630 silly audit report       id: 1113719,
630 silly audit report       url: 'https://github.com/advisories/GHSA-6rw7-vpxm-498p',
630 silly audit report       title: "qs's arrayLimit bypass in its bracket notation allows DoS via memory exhaustion",
630 silly audit report       severity: 'moderate',
630 silly audit report       vulnerable_versions: '<6.14.1',
630 silly audit report       cwe: [Array],
630 silly audit report       cvss: [Object]
630 silly audit report     }
630 silly audit report   ],
630 silly audit report   rollup: [
630 silly audit report     {
630 silly audit report       id: 1099757,
630 silly audit report       url: 'https://github.com/advisories/GHSA-gcx4-mw62-g8wm',
630 silly audit report       title: 'DOM Clobbering Gadget found in rollup bundled scripts that leads to XSS',
630 silly audit report       severity: 'high',
630 silly audit report       vulnerable_versions: '<2.79.2',
630 silly audit report       cwe: [Array],
630 silly audit report       cvss: [Object]
630 silly audit report     },
630 silly audit report     {
630 silly audit report       id: 1113517,
630 silly audit report       url: 'https://github.com/advisories/GHSA-mw96-cpmx-2vgc',
630 silly audit report       title: 'Rollup 4 has Arbitrary File Write via Path Traversal',
630 silly audit report       severity: 'high',
630 silly audit report       vulnerable_versions: '<2.80.0',
630 silly audit report       cwe: [Array],
630 silly audit report       cvss: [Object]
630 silly audit report     }
630 silly audit report   ],
630 silly audit report   'serialize-javascript': [
630 silly audit report     {
630 silly audit report       id: 1113686,
630 silly audit report       url: 'https://github.com/advisories/GHSA-5c6j-r48x-rmvq',
630 silly audit report       title: 'Serialize JavaScript is Vulnerable to RCE via RegExp.flags and Date.prototype.toISOString()',
630 silly audit report       severity: 'high',
630 silly audit report       vulnerable_versions: '<=7.0.2',
630 silly audit report       cwe: [Array],
630 silly audit report       cvss: [Object]
630 silly audit report     },
630 silly audit report     {
630 silly audit report       id: 1115723,
630 silly audit report       url: 'https://github.com/advisories/GHSA-qj8w-gfj5-8c6v',
630 silly audit report       title: 'Serialize JavaScript has CPU Exhaustion Denial of Service via crafted array-like objects',
630 silly audit report       severity: 'moderate',
630 silly audit report       vulnerable_versions: '<7.0.5',
630 silly audit report       cwe: [Array],
630 silly audit report       cvss: [Object]
630 silly audit report     },
630 silly audit report     {
630 silly audit report       id: 1116766,
630 silly audit report       url: 'https://github.com/advisories/GHSA-76p7-773f-r4q5',
630 silly audit report       title: 'Cross-site Scripting (XSS) in serialize-javascript',
630 silly audit report       severity: 'moderate',
630 silly audit report       vulnerable_versions: '>=6.0.0 <6.0.2',
630 silly audit report       cwe: [Array],
630 silly audit report       cvss: [Object]
630 silly audit report     }
630 silly audit report   ],
630 silly audit report   send: [
630 silly audit report     {
630 silly audit report       id: 1109556,
630 silly audit report       url: 'https://github.com/advisories/GHSA-m6fv-jmcg-4jfg',
630 silly audit report       title: 'send vulnerable to template injection that can lead to XSS',
630 silly audit report       severity: 'low',
630 silly audit report       vulnerable_versions: '<0.19.0',
630 silly audit report       cwe: [Array],
630 silly audit report       cvss: [Object]
630 silly audit report     }
630 silly audit report   ],
630 silly audit report   'serve-static': [
630 silly audit report     {
630 silly audit report       id: 1100528,
630 silly audit report       url: 'https://github.com/advisories/GHSA-cm22-4g7w-348p',
630 silly audit report       title: 'serve-static vulnerable to template injection that can lead to XSS',
630 silly audit report       severity: 'low',
630 silly audit report       vulnerable_versions: '<1.16.0',
630 silly audit report       cwe: [Array],
630 silly audit report       cvss: [Object]
630 silly audit report     }
630 silly audit report   ],
630 silly audit report   terser: [
630 silly audit report     {
630 silly audit report       id: 1091690,
630 silly audit report       url: 'https://github.com/advisories/GHSA-4wf5-vphf-c2xc',
630 silly audit report       title: 'Terser insecure use of regular expressions leads to ReDoS',
630 silly audit report       severity: 'high',
630 silly audit report       vulnerable_versions: '>=5.0.0 <5.14.2',
630 silly audit report       cwe: [Array],
630 silly audit report       cvss: [Object]
630 silly audit report     }
630 silly audit report   ],
630 silly audit report   'tough-cookie': [
630 silly audit report     {
630 silly audit report       id: 1097682,
630 silly audit report       url: 'https://github.com/advisories/GHSA-72xf-g2v4-qvf3',
630 silly audit report       title: 'tough-cookie Prototype Pollution vulnerability',
630 silly audit report       severity: 'moderate',
630 silly audit report       vulnerable_versions: '<4.1.3',
630 silly audit report       cwe: [Array],
630 silly audit report       cvss: [Object]
630 silly audit report     }
630 silly audit report   ],
630 silly audit report   webpack: [
630 silly audit report     {
630 silly audit report       id: 1113041,
630 silly audit report       url: 'https://github.com/advisories/GHSA-8fgc-7cc6-rx7x',
630 silly audit report       title: 'webpack buildHttp: allowedUris allow-list bypass via URL userinfo (@) leading to build-time SSRF behavior',
630 silly audit report       severity: 'low',
630 silly audit report       vulnerable_versions: '>=5.49.0 <=5.104.0',
630 silly audit report       cwe: [Array],
630 silly audit report       cvss: [Object]
630 silly audit report     },
630 silly audit report     {
630 silly audit report       id: 1113042,
630 silly audit report       url: 'https://github.com/advisories/GHSA-38r7-794h-5758',
630 silly audit report       title: 'webpack buildHttp HttpUriPlugin allowedUris bypass via HTTP redirects → SSRF + cache persistence',
630 silly audit report       severity: 'low',
630 silly audit report       vulnerable_versions: '>=5.49.0 <5.104.0',
630 silly audit report       cwe: [Array],
630 silly audit report       cvss: [Object]
630 silly audit report     },
630 silly audit report     {
630 silly audit report       id: 1094471,
630 silly audit report       url: 'https://github.com/advisories/GHSA-hc6q-2mpp-qw7j',
630 silly audit report       title: 'Cross-realm object access in Webpack 5',
630 silly audit report       severity: 'critical',
630 silly audit report       vulnerable_versions: '>=5.0.0 <5.76.0',
630 silly audit report       cwe: [],
630 silly audit report       cvss: [Object]
630 silly audit report     },
630 silly audit report     {
630 silly audit report       id: 1099351,
630 silly audit report       url: 'https://github.com/advisories/GHSA-4vvj-4cpr-p986',
630 silly audit report       title: "Webpack's AutoPublicPathRuntimeModule has a DOM Clobbering Gadget that leads to XSS",
630 silly audit report       severity: 'moderate',
630 silly audit report       vulnerable_versions: '>=5.0.0-alpha.0 <5.94.0',
630 silly audit report       cwe: [Array],
630 silly audit report       cvss: [Object]
630 silly audit report     }
630 silly audit report   ],
630 silly audit report   'webpack-dev-middleware': [
630 silly audit report     {
630 silly audit report       id: 1096729,
630 silly audit report       url: 'https://github.com/advisories/GHSA-wr3j-pwj9-hqq6',
630 silly audit report       title: 'Path traversal in webpack-dev-middleware',
630 silly audit report       severity: 'high',
630 silly audit report       vulnerable_versions: '<=5.3.3',
630 silly audit report       cwe: [Array],
630 silly audit report       cvss: [Object]
630 silly audit report     }
630 silly audit report   ],
630 silly audit report   'webpack-dev-server': [
630 silly audit report     {
630 silly audit report       id: 1108429,
630 silly audit report       url: 'https://github.com/advisories/GHSA-9jgg-88mc-972h',
630 silly audit report       title: "webpack-dev-server users' source code may be stolen when they access a malicious web site with non-Chromium based browser",
630 silly audit report       severity: 'moderate',
630 silly audit report       vulnerable_versions: '<=5.2.0',
630 silly audit report       cwe: [Array],
630 silly audit report       cvss: [Object]
630 silly audit report     },
630 silly audit report     {
630 silly audit report       id: 1108430,
630 silly audit report       url: 'https://github.com/advisories/GHSA-4v9v-hfq4-rm2v',
630 silly audit report       title: "webpack-dev-server users' source code may be stolen when they access a malicious web site",
630 silly audit report       severity: 'moderate',
630 silly audit report       vulnerable_versions: '<=5.2.0',
630 silly audit report       cwe: [Array],
630 silly audit report       cvss: [Object]
630 silly audit report     }
630 silly audit report   ],
630 silly audit report   ws: [
630 silly audit report     {
630 silly audit report       id: 1098393,
630 silly audit report       url: 'https://github.com/advisories/GHSA-3h5v-q93c-6h6q',
630 silly audit report       title: 'ws affected by a DoS when handling a request with many HTTP headers',
630 silly audit report       severity: 'high',
630 silly audit report       vulnerable_versions: '>=7.0.0 <7.5.10',
630 silly audit report       cwe: [Array],
630 silly audit report       cvss: [Object]
630 silly audit report     },
630 silly audit report     {
630 silly audit report       id: 1098392,
630 silly audit report       url: 'https://github.com/advisories/GHSA-3h5v-q93c-6h6q',
630 silly audit report       title: 'ws affected by a DoS when handling a request with many HTTP headers',
630 silly audit report       severity: 'high',
630 silly audit report       vulnerable_versions: '>=8.0.0 <8.17.1',
630 silly audit report       cwe: [Array],
630 silly audit report       cvss: [Object]
630 silly audit report     }
630 silly audit report   ],
630 silly audit report   'word-wrap': [
630 silly audit report     {
630 silly audit report       id: 1102444,
630 silly audit report       url: 'https://github.com/advisories/GHSA-j8xg-fqg3-53r7',
630 silly audit report       title: 'word-wrap vulnerable to Regular Expression Denial of Service',
630 silly audit report       severity: 'moderate',
630 silly audit report       vulnerable_versions: '<1.2.4',
630 silly audit report       cwe: [Array],
630 silly audit report       cvss: [Object]
630 silly audit report     }
630 silly audit report   ],
630 silly audit report   yaml: [
630 silly audit report     {
630 silly audit report       id: 1115555,
630 silly audit report       url: 'https://github.com/advisories/GHSA-48c2-rrv3-qjmp',
630 silly audit report       title: 'yaml is vulnerable to Stack Overflow via deeply nested YAML collections',
630 silly audit report       severity: 'moderate',
630 silly audit report       vulnerable_versions: '>=1.0.0 <1.10.3',
630 silly audit report       cwe: [Array],
630 silly audit report       cvss: [Object]
630 silly audit report     }
630 silly audit report   ]
630 silly audit report }
631 silly packumentCache corgi:https://registry.npmjs.org/semver cache-miss
632 silly packumentCache corgi:https://registry.npmjs.org/@babel%2fhelpers cache-miss
633 silly packumentCache corgi:https://registry.npmjs.org/@babel%2fplugin-transform-modules-systemjs cache-miss
634 silly packumentCache corgi:https://registry.npmjs.org/@babel%2fruntime cache-miss
635 silly packumentCache corgi:https://registry.npmjs.org/@babel%2fruntime-corejs3 cache-miss
636 silly packumentCache corgi:https://registry.npmjs.org/@babel%2ftraverse cache-miss
637 silly packumentCache corgi:https://registry.npmjs.org/js-yaml cache-miss
638 silly packumentCache corgi:https://registry.npmjs.org/@tootallnate%2fonce cache-miss
639 silly packumentCache corgi:https://registry.npmjs.org/ajv cache-miss
640 silly packumentCache corgi:https://registry.npmjs.org/async cache-miss
641 silly packumentCache corgi:https://registry.npmjs.org/json5 cache-miss
642 silly packumentCache corgi:https://registry.npmjs.org/loader-utils cache-miss
643 silly packumentCache corgi:https://registry.npmjs.org/body-parser cache-miss
644 silly packumentCache corgi:https://registry.npmjs.org/brace-expansion cache-miss
645 silly packumentCache corgi:https://registry.npmjs.org/braces cache-miss
646 silly packumentCache corgi:https://registry.npmjs.org/cookie cache-miss
647 silly packumentCache corgi:https://registry.npmjs.org/cross-spawn cache-miss
648 silly packumentCache corgi:https://registry.npmjs.org/decode-uri-component cache-miss
649 silly packumentCache corgi:https://registry.npmjs.org/ejs cache-miss
650 silly packumentCache corgi:https://registry.npmjs.org/express cache-miss
651 silly packumentCache corgi:https://registry.npmjs.org/flatted cache-miss
652 silly packumentCache corgi:https://registry.npmjs.org/follow-redirects cache-miss
653 silly packumentCache corgi:https://registry.npmjs.org/form-data cache-miss
654 silly packumentCache corgi:https://registry.npmjs.org/http-proxy-middleware cache-miss
655 silly packumentCache corgi:https://registry.npmjs.org/ip cache-miss
656 silly packumentCache corgi:https://registry.npmjs.org/lodash cache-miss
657 silly packumentCache corgi:https://registry.npmjs.org/micromatch cache-miss
658 silly packumentCache corgi:https://registry.npmjs.org/minimatch cache-miss
659 silly packumentCache corgi:https://registry.npmjs.org/minimist cache-miss
660 silly packumentCache corgi:https://registry.npmjs.org/nanoid cache-miss
661 silly packumentCache corgi:https://registry.npmjs.org/node-forge cache-miss
662 silly packumentCache corgi:https://registry.npmjs.org/nth-check cache-miss
663 silly packumentCache corgi:https://registry.npmjs.org/on-headers cache-miss
664 silly packumentCache corgi:https://registry.npmjs.org/path-to-regexp cache-miss
665 silly packumentCache corgi:https://registry.npmjs.org/picomatch cache-miss
666 silly packumentCache corgi:https://registry.npmjs.org/postcss cache-miss
667 silly packumentCache corgi:https://registry.npmjs.org/svgo cache-miss
668 silly packumentCache corgi:https://registry.npmjs.org/qs cache-miss
669 silly packumentCache corgi:https://registry.npmjs.org/rollup cache-miss
670 silly packumentCache corgi:https://registry.npmjs.org/serialize-javascript cache-miss
671 silly packumentCache corgi:https://registry.npmjs.org/send cache-miss
672 silly packumentCache corgi:https://registry.npmjs.org/serve-static cache-miss
673 silly packumentCache corgi:https://registry.npmjs.org/terser cache-miss
674 silly packumentCache corgi:https://registry.npmjs.org/tough-cookie cache-miss
675 silly packumentCache corgi:https://registry.npmjs.org/webpack cache-miss
676 silly packumentCache corgi:https://registry.npmjs.org/webpack-dev-middleware cache-miss
677 silly packumentCache corgi:https://registry.npmjs.org/webpack-dev-server cache-miss
678 silly packumentCache corgi:https://registry.npmjs.org/ws cache-miss
679 silly packumentCache corgi:https://registry.npmjs.org/word-wrap cache-miss
680 silly packumentCache corgi:https://registry.npmjs.org/yaml cache-miss
681 http fetch GET 200 https://registry.npmjs.org/unicode-property-aliases-ecmascript/-/unicode-property-aliases-ecmascript-2.0.0.tgz 5838ms (cache miss)
682 http fetch GET 200 https://registry.npmjs.org/supports-hyperlinks/-/supports-hyperlinks-2.2.0.tgz 5806ms (cache miss)
683 http fetch GET 200 https://registry.npmjs.org/resolve-pathname/-/resolve-pathname-3.0.0.tgz 5746ms (cache miss)
684 http fetch GET 200 https://registry.npmjs.org/regexpu-core/-/regexpu-core-4.8.0.tgz 5733ms (cache miss)
685 http fetch GET 200 https://registry.npmjs.org/postcss-unique-selectors/-/postcss-unique-selectors-5.0.2.tgz 5681ms (cache miss)
686 http fetch GET 200 https://registry.npmjs.org/postcss-svgo/-/postcss-svgo-5.0.3.tgz 5686ms (cache miss)
687 http fetch GET 200 https://registry.npmjs.org/postcss-reduce-transforms/-/postcss-reduce-transforms-5.0.2.tgz 5681ms (cache miss)
688 http fetch GET 200 https://registry.npmjs.org/postcss-reduce-initial/-/postcss-reduce-initial-5.0.2.tgz 5681ms (cache miss)
689 http fetch GET 200 https://registry.npmjs.org/postcss-place/-/postcss-place-7.0.3.tgz 5680ms (cache miss)
690 http fetch GET 200 https://registry.npmjs.org/postcss-normalize-whitespace/-/postcss-normalize-whitespace-5.0.2.tgz 5674ms (cache miss)
691 http fetch GET 200 https://registry.npmjs.org/postcss-selector-not/-/postcss-selector-not-5.0.0.tgz 5685ms (cache miss)
692 http fetch GET 200 https://registry.npmjs.org/postcss-normalize-positions/-/postcss-normalize-positions-5.0.2.tgz 5670ms (cache miss)
693 http fetch GET 200 https://registry.npmjs.org/postcss-normalize-string/-/postcss-normalize-string-5.0.2.tgz 5671ms (cache miss)
694 http fetch GET 200 https://registry.npmjs.org/postcss-normalize-url/-/postcss-normalize-url-5.0.4.tgz 5674ms (cache miss)
695 http fetch GET 200 https://registry.npmjs.org/postcss-nested/-/postcss-nested-5.0.6.tgz 5668ms (cache miss)
696 http fetch GET 200 https://registry.npmjs.org/postcss-normalize-display-values/-/postcss-normalize-display-values-5.0.2.tgz 5667ms (cache miss)
697 http fetch GET 200 https://registry.npmjs.org/postcss-normalize-unicode/-/postcss-normalize-unicode-5.0.2.tgz 5674ms (cache miss)
698 http fetch GET 200 https://registry.npmjs.org/postcss-minify-params/-/postcss-minify-params-5.0.3.tgz 5665ms (cache miss)
699 http fetch GET 200 https://registry.npmjs.org/postcss-normalize-timing-functions/-/postcss-normalize-timing-functions-5.0.2.tgz 5673ms (cache miss)
700 http fetch GET 200 https://registry.npmjs.org/postcss-normalize-repeat-style/-/postcss-normalize-repeat-style-5.0.2.tgz 5673ms (cache miss)
701 http fetch GET 200 https://registry.npmjs.org/postcss-minify-selectors/-/postcss-minify-selectors-5.1.1.tgz 5668ms (cache miss)
702 http fetch GET 200 https://registry.npmjs.org/postcss-normalize-charset/-/postcss-normalize-charset-5.0.1.tgz 5672ms (cache miss)
703 http fetch GET 200 https://registry.npmjs.org/postcss-focus-within/-/postcss-focus-within-5.0.3.tgz 5644ms (cache miss)
704 http fetch GET 200 https://registry.npmjs.org/postcss-focus-visible/-/postcss-focus-visible-6.0.3.tgz 5645ms (cache miss)
705 http fetch GET 200 https://registry.npmjs.org/postcss-discard-empty/-/postcss-discard-empty-5.0.1.tgz 5643ms (cache miss)
706 http fetch GET 200 https://registry.npmjs.org/postcss-discard-overridden/-/postcss-discard-overridden-5.0.2.tgz 5644ms (cache miss)
707 http fetch GET 200 https://registry.npmjs.org/postcss-double-position-gradients/-/postcss-double-position-gradients-3.0.4.tgz 5642ms (cache miss)
708 http fetch GET 200 https://registry.npmjs.org/postcss-load-config/-/postcss-load-config-3.1.1.tgz 5658ms (cache miss)
709 http fetch GET 200 https://registry.npmjs.org/postcss-env-function/-/postcss-env-function-4.0.4.tgz 5645ms (cache miss)
710 http fetch GET 200 https://registry.npmjs.org/postcss-discard-comments/-/postcss-discard-comments-5.0.1.tgz 5643ms (cache miss)
711 http fetch GET 200 https://registry.npmjs.org/postcss-dir-pseudo-class/-/postcss-dir-pseudo-class-6.0.2.tgz 5642ms (cache miss)
712 http fetch GET 200 https://registry.npmjs.org/postcss-custom-properties/-/postcss-custom-properties-12.0.4.tgz 5640ms (cache miss)
713 http fetch GET 200 https://registry.npmjs.org/postcss-colormin/-/postcss-colormin-5.2.3.tgz 5637ms (cache miss)
714 http fetch GET 200 https://registry.npmjs.org/portfinder/-/portfinder-1.0.28.tgz 5633ms (cache miss)
715 http fetch GET 200 https://registry.npmjs.org/pirates/-/pirates-4.0.4.tgz 5634ms (cache miss)
716 http fetch GET 200 https://registry.npmjs.org/postcss-attribute-case-insensitive/-/postcss-attribute-case-insensitive-5.0.0.tgz 5637ms (cache miss)
717 http fetch GET 200 https://registry.npmjs.org/postcss-discard-duplicates/-/postcss-discard-duplicates-5.0.1.tgz 5641ms (cache miss)
718 http fetch GET 200 https://registry.npmjs.org/p-retry/-/p-retry-4.6.1.tgz 5627ms (cache miss)
719 http fetch GET 200 https://registry.npmjs.org/p-map/-/p-map-4.0.0.tgz 5626ms (cache miss)
720 http fetch GET 200 https://registry.npmjs.org/object.values/-/object.values-1.1.5.tgz 5613ms (cache miss)
721 http fetch GET 200 https://registry.npmjs.org/object.fromentries/-/object.fromentries-2.0.5.tgz 5615ms (cache miss)
722 http fetch GET 200 https://registry.npmjs.org/node-releases/-/node-releases-2.0.1.tgz 5596ms (cache miss)
723 http fetch GET 200 https://registry.npmjs.org/negotiator/-/negotiator-0.6.2.tgz 5577ms (cache miss)
724 http fetch GET 200 https://registry.npmjs.org/nth-check/-/nth-check-2.0.1.tgz 5580ms (cache miss)
725 http fetch GET 200 https://registry.npmjs.org/mkdirp/-/mkdirp-0.5.5.tgz 5580ms (cache miss)
726 http fetch GET 200 https://registry.npmjs.org/minimist/-/minimist-1.2.5.tgz 5579ms (cache miss)
727 http fetch GET 200 https://registry.npmjs.org/mime-types/-/mime-types-2.1.34.tgz 5576ms (cache miss)
728 http fetch GET 200 https://registry.npmjs.org/lilconfig/-/lilconfig-2.0.4.tgz 5561ms (cache miss)
729 http fetch GET 200 https://registry.npmjs.org/loader-runner/-/loader-runner-4.2.0.tgz 5563ms (cache miss)
730 http fetch GET 200 https://registry.npmjs.org/jsonpointer/-/jsonpointer-5.0.0.tgz 5554ms (cache miss)
731 http fetch GET 200 https://registry.npmjs.org/postcss-color-functional-notation/-/postcss-color-functional-notation-4.2.1.tgz 5649ms (cache miss)
732 http fetch GET 200 https://registry.npmjs.org/jest-watch-typeahead/-/jest-watch-typeahead-1.0.0.tgz 5528ms (cache miss)
733 http fetch GET 200 https://registry.npmjs.org/json-parse-better-errors/-/json-parse-better-errors-1.0.2.tgz 5534ms (cache miss)
734 http fetch GET 200 https://registry.npmjs.org/jest-serializer/-/jest-serializer-27.4.0.tgz 5529ms (cache miss)
735 http fetch GET 200 https://registry.npmjs.org/jest-validate/-/jest-validate-27.4.6.tgz 5527ms (cache miss)
736 http fetch GET 200 https://registry.npmjs.org/jest-util/-/jest-util-27.4.2.tgz 5526ms (cache miss)
737 http fetch GET 200 https://registry.npmjs.org/jest-resolve/-/jest-resolve-27.4.6.tgz 5528ms (cache miss)
738 http fetch GET 200 https://registry.npmjs.org/jest-mock/-/jest-mock-27.4.6.tgz 5526ms (cache miss)
739 http fetch GET 200 https://registry.npmjs.org/jest-pnp-resolver/-/jest-pnp-resolver-1.2.2.tgz 5526ms (cache miss)
740 http fetch GET 200 https://registry.npmjs.org/jest-message-util/-/jest-message-util-27.4.6.tgz 5526ms (cache miss)
741 http fetch GET 200 https://registry.npmjs.org/jest-runner/-/jest-runner-27.4.6.tgz 5526ms (cache miss)
742 http fetch GET 200 https://registry.npmjs.org/jest-get-type/-/jest-get-type-27.4.0.tgz 5523ms (cache miss)
743 http fetch GET 200 https://registry.npmjs.org/jest-leak-detector/-/jest-leak-detector-27.4.6.tgz 5525ms (cache miss)
744 http fetch GET 200 https://registry.npmjs.org/jest-environment-jsdom/-/jest-environment-jsdom-27.4.6.tgz 5522ms (cache miss)
745 http fetch GET 200 https://registry.npmjs.org/jest-environment-node/-/jest-environment-node-27.4.6.tgz 5523ms (cache miss)
746 http fetch GET 200 https://registry.npmjs.org/jest-changed-files/-/jest-changed-files-27.4.2.tgz 5518ms (cache miss)
747 http fetch GET 200 https://registry.npmjs.org/jest/-/jest-27.4.7.tgz 5518ms (cache miss)
748 http fetch GET 200 https://registry.npmjs.org/jest-matcher-utils/-/jest-matcher-utils-27.4.6.tgz 5508ms (cache miss)
749 http fetch GET 200 https://registry.npmjs.org/is-shared-array-buffer/-/is-shared-array-buffer-1.0.1.tgz 5498ms (cache miss)
750 http fetch GET 200 https://registry.npmjs.org/is-number-object/-/is-number-object-1.0.6.tgz 5497ms (cache miss)
751 http fetch GET 200 https://registry.npmjs.org/http-parser-js/-/http-parser-js-0.5.5.tgz 5455ms (cache miss)
752 http fetch GET 200 https://registry.npmjs.org/jest-docblock/-/jest-docblock-27.4.0.tgz 5526ms (cache miss)
753 http fetch GET 200 https://registry.npmjs.org/has-symbols/-/has-symbols-1.0.2.tgz 5441ms (cache miss)
754 http fetch GET 200 https://registry.npmjs.org/graceful-fs/-/graceful-fs-4.2.9.tgz 5434ms (cache miss)
755 http fetch GET 200 https://registry.npmjs.org/has-bigints/-/has-bigints-1.0.1.tgz 5438ms (cache miss)
756 http fetch GET 200 https://registry.npmjs.org/get-intrinsic/-/get-intrinsic-1.1.1.tgz 5429ms (cache miss)
757 http fetch GET 200 https://registry.npmjs.org/glob/-/glob-7.2.0.tgz 5432ms (cache miss)
758 http fetch GET 200 https://registry.npmjs.org/follow-redirects/-/follow-redirects-1.14.6.tgz 5413ms (cache miss)
759 http fetch GET 200 https://registry.npmjs.org/fb-watchman/-/fb-watchman-2.0.1.tgz 5383ms (cache miss)
760 http fetch GET 200 https://registry.npmjs.org/eslint-webpack-plugin/-/eslint-webpack-plugin-3.1.1.tgz 5375ms (cache miss)
761 http fetch GET 200 https://registry.npmjs.org/eslint-config-react-app/-/eslint-config-react-app-7.0.0.tgz 5350ms (cache miss)
762 http fetch GET 200 https://registry.npmjs.org/dom-serializer/-/dom-serializer-1.3.2.tgz 5332ms (cache miss)
763 http fetch GET 200 https://registry.npmjs.org/error-stack-parser/-/error-stack-parser-2.0.6.tgz 5387ms (cache miss)
764 http fetch GET 200 https://registry.npmjs.org/domhandler/-/domhandler-4.3.0.tgz 5382ms (cache miss)
765 http fetch GET 200 https://registry.npmjs.org/dns-packet/-/dns-packet-1.3.4.tgz 5380ms (cache miss)
766 http fetch GET 200 https://registry.npmjs.org/domelementtype/-/domelementtype-2.2.0.tgz 5383ms (cache miss)
767 http fetch GET 200 https://registry.npmjs.org/detective/-/detective-5.2.0.tgz 5379ms (cache miss)
768 http fetch GET 200 https://registry.npmjs.org/del/-/del-6.0.0.tgz 5377ms (cache miss)
769 http fetch GET 200 https://registry.npmjs.org/deep-equal/-/deep-equal-1.1.1.tgz 5375ms (cache miss)
770 http fetch GET 200 https://registry.npmjs.org/cssnano-utils/-/cssnano-utils-3.0.0.tgz 5372ms (cache miss)
771 http fetch GET 200 https://registry.npmjs.org/cssnano/-/cssnano-5.0.15.tgz 5371ms (cache miss)
772 http fetch GET 200 https://registry.npmjs.org/define-properties/-/define-properties-1.1.3.tgz 5377ms (cache miss)
773 http fetch GET 200 https://registry.npmjs.org/cssdb/-/cssdb-5.1.0.tgz 5371ms (cache miss)
774 http fetch GET 200 https://registry.npmjs.org/css-minimizer-webpack-plugin/-/css-minimizer-webpack-plugin-3.3.1.tgz 5370ms (cache miss)
775 http fetch GET 200 https://registry.npmjs.org/css-declaration-sorter/-/css-declaration-sorter-6.1.4.tgz 5368ms (cache miss)
776 http fetch GET 200 https://registry.npmjs.org/css/-/css-3.0.0.tgz 5368ms (cache miss)
777 http fetch GET 200 https://registry.npmjs.org/cssnano-preset-default/-/cssnano-preset-default-5.1.10.tgz 5376ms (cache miss)
778 http fetch GET 200 https://registry.npmjs.org/cookie/-/cookie-0.4.1.tgz 5353ms (cache miss)
779 http fetch GET 200 https://registry.npmjs.org/convert-source-map/-/convert-source-map-1.8.0.tgz 5355ms (cache miss)
780 http fetch GET 200 https://registry.npmjs.org/connect-history-api-fallback/-/connect-history-api-fallback-1.6.0.tgz 5355ms (cache miss)
781 http fetch GET 200 https://registry.npmjs.org/buffer-indexof/-/buffer-indexof-1.1.1.tgz 5333ms (cache miss)
782 http fetch GET 200 https://registry.npmjs.org/babel-preset-jest/-/babel-preset-jest-27.4.0.tgz 5327ms (cache miss)
783 http fetch GET 200 https://registry.npmjs.org/babel-plugin-polyfill-regenerator/-/babel-plugin-polyfill-regenerator-0.3.0.tgz 5325ms (cache miss)
784 http fetch GET 200 https://registry.npmjs.org/babel-plugin-dynamic-import-node/-/babel-plugin-dynamic-import-node-2.3.3.tgz 5322ms (cache miss)
785 http fetch GET 200 https://registry.npmjs.org/clean-stack/-/clean-stack-2.2.0.tgz 5349ms (cache miss)
786 http fetch GET 200 https://registry.npmjs.org/atob/-/atob-2.1.2.tgz 5319ms (cache miss)
787 http fetch GET 200 https://registry.npmjs.org/babel-jest/-/babel-jest-27.4.6.tgz 5321ms (cache miss)
788 http fetch GET 200 https://registry.npmjs.org/array.prototype.flatmap/-/array.prototype.flatmap-1.2.5.tgz 5317ms (cache miss)
789 http fetch GET 200 https://registry.npmjs.org/anymatch/-/anymatch-3.1.2.tgz 5315ms (cache miss)
790 http fetch GET 200 https://registry.npmjs.org/address/-/address-1.1.2.tgz 5311ms (cache miss)
791 http fetch GET 200 https://registry.npmjs.org/abab/-/abab-2.0.5.tgz 5307ms (cache miss)
792 http fetch GET 200 https://registry.npmjs.org/@types/yargs-parser/-/yargs-parser-20.2.1.tgz 5300ms (cache miss)
793 http fetch GET 200 https://registry.npmjs.org/accepts/-/accepts-1.3.7.tgz 5308ms (cache miss)
794 http fetch GET 200 https://registry.npmjs.org/arg/-/arg-5.0.1.tgz 5319ms (cache miss)
795 http fetch GET 200 https://registry.npmjs.org/ci-info/-/ci-info-3.3.0.tgz 5352ms (cache miss)
796 http fetch GET 200 https://registry.npmjs.org/builtin-modules/-/builtin-modules-3.2.0.tgz 5341ms (cache miss)
797 http fetch GET 200 https://registry.npmjs.org/colorette/-/colorette-2.0.16.tgz 5365ms (cache miss)
798 http fetch GET 200 https://registry.npmjs.org/@types/serve-static/-/serve-static-1.13.10.tgz 5305ms (cache miss)
799 http fetch GET 200 https://registry.npmjs.org/@types/retry/-/retry-0.12.1.tgz 5306ms (cache miss)
800 http fetch GET 200 https://registry.npmjs.org/@typescript-eslint/visitor-keys/-/visitor-keys-5.9.0.tgz 5315ms (cache miss)
801 http fetch GET 200 https://registry.npmjs.org/v8-compile-cache/-/v8-compile-cache-2.3.0.tgz 5973ms (cache miss)
802 http fetch GET 200 https://registry.npmjs.org/tiny-warning/-/tiny-warning-1.0.3.tgz 5945ms (cache miss)
803 http fetch GET 200 https://registry.npmjs.org/tiny-invariant/-/tiny-invariant-1.2.0.tgz 5950ms (cache miss)
804 http fetch GET 200 https://registry.npmjs.org/stack-utils/-/stack-utils-2.0.5.tgz 5911ms (cache miss)
805 http fetch GET 200 https://registry.npmjs.org/signal-exit/-/signal-exit-3.0.6.tgz 5903ms (cache miss)
806 http fetch GET 200 https://registry.npmjs.org/@typescript-eslint/parser/-/parser-5.9.0.tgz 5323ms (cache miss)
807 http fetch GET 200 https://registry.npmjs.org/aggregate-error/-/aggregate-error-3.1.0.tgz 5335ms (cache miss)
808 http fetch GET 200 https://registry.npmjs.org/@types/testing-library__jest-dom/-/testing-library__jest-dom-5.14.2.tgz 5320ms (cache miss)
809 http fetch GET 200 https://registry.npmjs.org/@types/ws/-/ws-8.2.2.tgz 5321ms (cache miss)
810 http fetch GET 200 https://registry.npmjs.org/@types/prettier/-/prettier-2.4.2.tgz 5314ms (cache miss)
811 http fetch GET 200 https://registry.npmjs.org/@types/babel__core/-/babel__core-7.1.18.tgz 5294ms (cache miss)
812 http fetch GET 200 https://registry.npmjs.org/@rushstack/eslint-patch/-/eslint-patch-1.1.0.tgz 5271ms (cache miss)
813 http fetch GET 200 https://registry.npmjs.org/@types/mime/-/mime-1.3.2.tgz 5318ms (cache miss)
814 http fetch GET 200 https://registry.npmjs.org/progress/-/progress-2.0.3.tgz 5864ms (cache miss)
815 http fetch GET 200 https://registry.npmjs.org/postcss-pseudo-class-any-link/-/postcss-pseudo-class-any-link-7.0.2.tgz 5850ms (cache miss)
816 http fetch GET 200 https://registry.npmjs.org/postcss-overflow-shorthand/-/postcss-overflow-shorthand-3.0.2.tgz 5844ms (cache miss)
817 http fetch GET 200 https://registry.npmjs.org/@types/json-schema/-/json-schema-7.0.9.tgz 5361ms (cache miss)
818 http fetch GET 200 https://registry.npmjs.org/@types/http-proxy/-/http-proxy-1.17.8.tgz 5359ms (cache miss)
819 http fetch GET 200 https://registry.npmjs.org/postcss-logical/-/postcss-logical-5.0.2.tgz 5832ms (cache miss)
820 http fetch GET 200 https://registry.npmjs.org/postcss-minify-font-values/-/postcss-minify-font-values-5.0.2.tgz 5834ms (cache miss)
821 http fetch GET 200 https://registry.npmjs.org/postcss-merge-rules/-/postcss-merge-rules-5.0.4.tgz 5834ms (cache miss)
822 http fetch GET 200 https://registry.npmjs.org/@types/express/-/express-4.17.13.tgz 5358ms (cache miss)
823 http fetch GET 200 https://registry.npmjs.org/@types/eslint-scope/-/eslint-scope-3.7.2.tgz 5357ms (cache miss)
824 http fetch GET 200 https://registry.npmjs.org/postcss-gap-properties/-/postcss-gap-properties-3.0.2.tgz 5821ms (cache miss)
825 http fetch GET 200 https://registry.npmjs.org/@jest/source-map/-/source-map-27.4.0.tgz 5315ms (cache miss)
826 http fetch GET 200 https://registry.npmjs.org/@jest/globals/-/globals-27.4.6.tgz 5315ms (cache miss)
827 http fetch GET 200 https://registry.npmjs.org/@types/estree/-/estree-0.0.50.tgz 5360ms (cache miss)
828 http fetch GET 200 https://registry.npmjs.org/postcss-convert-values/-/postcss-convert-values-5.0.2.tgz 5815ms (cache miss)
829 http fetch GET 200 https://registry.npmjs.org/postcss-color-hex-alpha/-/postcss-color-hex-alpha-8.0.2.tgz 5811ms (cache miss)
830 http fetch GET 200 https://registry.npmjs.org/object-hash/-/object-hash-2.2.0.tgz 5780ms (cache miss)
831 http fetch GET 200 https://registry.npmjs.org/minimatch/-/minimatch-3.0.4.tgz 5753ms (cache miss)
832 http fetch GET 200 https://registry.npmjs.org/multicast-dns/-/multicast-dns-6.2.3.tgz 5765ms (cache miss)
833 http fetch GET 200 https://registry.npmjs.org/micromatch/-/micromatch-4.0.4.tgz 5749ms (cache miss)
834 http fetch GET 200 https://registry.npmjs.org/nanoid/-/nanoid-3.1.30.tgz 5753ms (cache miss)
835 http fetch GET 200 https://registry.npmjs.org/@jest/transform/-/transform-27.4.6.tgz 5331ms (cache miss)
836 http fetch GET 200 https://registry.npmjs.org/@jest/test-sequencer/-/test-sequencer-27.4.6.tgz 5331ms (cache miss)
837 http fetch GET 200 https://registry.npmjs.org/@babel/plugin-transform-unicode-regex/-/plugin-transform-unicode-regex-7.16.7.tgz 5289ms (cache miss)
838 http fetch GET 200 https://registry.npmjs.org/@sinonjs/commons/-/commons-1.8.3.tgz 5346ms (cache miss)
839 http fetch GET 200 https://registry.npmjs.org/@babel/preset-typescript/-/preset-typescript-7.16.7.tgz 5319ms (cache miss)
840 http fetch GET 200 https://registry.npmjs.org/@jest/test-result/-/test-result-27.4.6.tgz 5335ms (cache miss)
841 http fetch GET 200 https://registry.npmjs.org/postcss-minify-gradients/-/postcss-minify-gradients-5.0.4.tgz 5857ms (cache miss)
842 http fetch GET 200 https://registry.npmjs.org/jest-regex-util/-/jest-regex-util-27.4.0.tgz 5682ms (cache miss)
843 http fetch GET 200 https://registry.npmjs.org/jest-resolve-dependencies/-/jest-resolve-dependencies-27.4.6.tgz 5681ms (cache miss)
844 http fetch GET 200 https://registry.npmjs.org/is-path-cwd/-/is-path-cwd-2.2.0.tgz 5673ms (cache miss)
845 http fetch GET 200 https://registry.npmjs.org/is-core-module/-/is-core-module-2.8.1.tgz 5666ms (cache miss)
846 http fetch GET 200 https://registry.npmjs.org/ignore/-/ignore-4.0.6.tgz 5643ms (cache miss)
847 http fetch GET 200 https://registry.npmjs.org/http-errors/-/http-errors-1.8.1.tgz 5631ms (cache miss)
848 http fetch GET 200 https://registry.npmjs.org/hoist-non-react-statics/-/hoist-non-react-statics-3.3.2.tgz 5622ms (cache miss)
849 http fetch GET 200 https://registry.npmjs.org/finalhandler/-/finalhandler-1.1.2.tgz 5559ms (cache miss)
850 http fetch GET 200 https://registry.npmjs.org/filelist/-/filelist-1.0.2.tgz 5583ms (cache miss)
851 http fetch GET 200 https://registry.npmjs.org/fraction.js/-/fraction.js-4.1.2.tgz 5596ms (cache miss)
852 http fetch GET 200 https://registry.npmjs.org/@babel/plugin-transform-typeof-symbol/-/plugin-transform-typeof-symbol-7.16.7.tgz 5303ms (cache miss)
853 http fetch GET 200 https://registry.npmjs.org/eslint-visitor-keys/-/eslint-visitor-keys-3.1.0.tgz 5551ms (cache miss)
854 http fetch GET 200 https://registry.npmjs.org/diff-sequences/-/diff-sequences-27.4.0.tgz 5520ms (cache miss)
855 http fetch GET 200 https://registry.npmjs.org/debug/-/debug-4.3.3.tgz 5513ms (cache miss)
856 http fetch GET 200 https://registry.npmjs.org/babel-plugin-jest-hoist/-/babel-plugin-jest-hoist-27.4.0.tgz 5460ms (cache miss)
857 http fetch GET 200 https://registry.npmjs.org/check-types/-/check-types-11.1.2.tgz 5476ms (cache miss)
858 http fetch GET 200 https://registry.npmjs.org/@babel/plugin-transform-spread/-/plugin-transform-spread-7.16.7.tgz 5329ms (cache miss)
859 http fetch GET 200 https://registry.npmjs.org/value-equal/-/value-equal-1.0.1.tgz 6107ms (cache miss)
860 http fetch GET 200 https://registry.npmjs.org/ansi-colors/-/ansi-colors-4.1.1.tgz 5457ms (cache miss)
861 http fetch GET 200 https://registry.npmjs.org/source-map-url/-/source-map-url-0.4.1.tgz 6043ms (cache miss)
862 http fetch GET 200 https://registry.npmjs.org/source-map-loader/-/source-map-loader-3.0.1.tgz 6041ms (cache miss)
863 http fetch GET 200 https://registry.npmjs.org/source-map-resolve/-/source-map-resolve-0.6.0.tgz 6042ms (cache miss)
864 http fetch GET 200 https://registry.npmjs.org/selfsigned/-/selfsigned-1.10.11.tgz 6030ms (cache miss)
865 http fetch GET 200 https://registry.npmjs.org/sass-loader/-/sass-loader-12.4.0.tgz 6028ms (cache miss)
866 http fetch GET 200 https://registry.npmjs.org/regenerator-runtime/-/regenerator-runtime-0.13.9.tgz 5989ms (cache miss)
867 http fetch GET 200 https://registry.npmjs.org/raw-body/-/raw-body-2.4.2.tgz 5972ms (cache miss)
868 http fetch GET 200 https://registry.npmjs.org/@types/jest/-/jest-27.4.0.tgz 5444ms (cache miss)
869 http fetch GET 200 https://registry.npmjs.org/postcss-image-set-function/-/postcss-image-set-function-4.0.4.tgz 5905ms (cache miss)
870 http fetch GET 200 https://registry.npmjs.org/postcss-custom-media/-/postcss-custom-media-8.0.0.tgz 5895ms (cache miss)
871 http fetch GET 200 https://registry.npmjs.org/postcss-lab-function/-/postcss-lab-function-4.0.3.tgz 5908ms (cache miss)
872 http fetch GET 200 https://registry.npmjs.org/postcss-color-rebeccapurple/-/postcss-color-rebeccapurple-7.0.2.tgz 5896ms (cache miss)
873 http fetch GET 200 https://registry.npmjs.org/nwsapi/-/nwsapi-2.2.0.tgz 5860ms (cache miss)
874 http fetch GET 200 https://registry.npmjs.org/is-callable/-/is-callable-1.2.4.tgz 5738ms (cache miss)
875 http fetch GET 200 https://registry.npmjs.org/https-proxy-agent/-/https-proxy-agent-5.0.0.tgz 5710ms (cache miss)
876 http fetch GET 200 https://registry.npmjs.org/eslint-plugin-react-hooks/-/eslint-plugin-react-hooks-4.3.0.tgz 5616ms (cache miss)
877 http fetch GET 200 https://registry.npmjs.org/@jest/environment/-/environment-27.4.6.tgz 5483ms (cache miss)
878 http fetch GET 200 https://registry.npmjs.org/send/-/send-0.17.2.tgz 6100ms (cache miss)
879 http fetch GET 200 https://registry.npmjs.org/@babel/template/-/template-7.16.7.tgz 5484ms (cache miss)
880 http fetch GET 200 https://registry.npmjs.org/@babel/preset-react/-/preset-react-7.16.7.tgz 5482ms (cache miss)
881 http fetch GET 200 https://registry.npmjs.org/@jest/types/-/types-27.4.2.tgz 5500ms (cache miss)
882 http fetch GET 200 https://registry.npmjs.org/@babel/plugin-transform-reserved-words/-/plugin-transform-reserved-words-7.16.7.tgz 5451ms (cache miss)
883 http fetch GET 200 https://registry.npmjs.org/@babel/plugin-transform-typescript/-/plugin-transform-typescript-7.16.7.tgz 5456ms (cache miss)
884 http fetch GET 200 https://registry.npmjs.org/@babel/plugin-transform-unicode-escapes/-/plugin-transform-unicode-escapes-7.16.7.tgz 5456ms (cache miss)
885 http fetch GET 200 https://registry.npmjs.org/@babel/plugin-transform-sticky-regex/-/plugin-transform-sticky-regex-7.16.7.tgz 5455ms (cache miss)
886 http fetch GET 200 https://registry.npmjs.org/@jest/fake-timers/-/fake-timers-27.4.6.tgz 5503ms (cache miss)
887 http fetch GET 200 https://registry.npmjs.org/@babel/plugin-transform-react-pure-annotations/-/plugin-transform-react-pure-annotations-7.16.7.tgz 5457ms (cache miss)
888 http fetch GET 200 https://registry.npmjs.org/regjsgen/-/regjsgen-0.5.2.tgz 6115ms (cache miss)
889 http fetch GET 200 https://registry.npmjs.org/@babel/plugin-transform-new-target/-/plugin-transform-new-target-7.16.7.tgz 5450ms (cache miss)
890 http fetch GET 200 https://registry.npmjs.org/@babel/plugin-transform-modules-umd/-/plugin-transform-modules-umd-7.16.7.tgz 5448ms (cache miss)
891 http fetch GET 200 https://registry.npmjs.org/@babel/plugin-transform-property-literals/-/plugin-transform-property-literals-7.16.7.tgz 5457ms (cache miss)
892 http fetch GET 200 https://registry.npmjs.org/@babel/plugin-transform-modules-systemjs/-/plugin-transform-modules-systemjs-7.16.7.tgz 5448ms (cache miss)
893 http fetch GET 200 https://registry.npmjs.org/@babel/plugin-transform-react-jsx/-/plugin-transform-react-jsx-7.16.7.tgz 5460ms (cache miss)
894 http fetch GET 200 https://registry.npmjs.org/@babel/plugin-transform-object-super/-/plugin-transform-object-super-7.16.7.tgz 5456ms (cache miss)
895 http fetch GET 200 https://registry.npmjs.org/@babel/plugin-transform-for-of/-/plugin-transform-for-of-7.16.7.tgz 5444ms (cache miss)
896 http fetch GET 200 https://registry.npmjs.org/@babel/plugin-transform-function-name/-/plugin-transform-function-name-7.16.7.tgz 5445ms (cache miss)
897 http fetch GET 200 https://registry.npmjs.org/@babel/plugin-transform-flow-strip-types/-/plugin-transform-flow-strip-types-7.16.7.tgz 5444ms (cache miss)
898 http fetch GET 200 https://registry.npmjs.org/@babel/plugin-transform-exponentiation-operator/-/plugin-transform-exponentiation-operator-7.16.7.tgz 5443ms (cache miss)
899 http fetch GET 200 https://registry.npmjs.org/@babel/plugin-transform-computed-properties/-/plugin-transform-computed-properties-7.16.7.tgz 5442ms (cache miss)
900 http fetch GET 200 https://registry.npmjs.org/@babel/plugin-transform-react-display-name/-/plugin-transform-react-display-name-7.16.7.tgz 5462ms (cache miss)
901 http fetch GET 200 https://registry.npmjs.org/@babel/plugin-transform-duplicate-keys/-/plugin-transform-duplicate-keys-7.16.7.tgz 5443ms (cache miss)
902 http fetch GET 200 https://registry.npmjs.org/@babel/plugin-transform-dotall-regex/-/plugin-transform-dotall-regex-7.16.7.tgz 5444ms (cache miss)
903 http fetch GET 200 https://registry.npmjs.org/@babel/plugin-transform-shorthand-properties/-/plugin-transform-shorthand-properties-7.16.7.tgz 5467ms (cache miss)
904 http fetch GET 200 https://registry.npmjs.org/@jest/console/-/console-27.4.6.tgz 5511ms (cache miss)
905 http fetch GET 200 https://registry.npmjs.org/@types/express-serve-static-core/-/express-serve-static-core-4.17.27.tgz 5560ms (cache miss)
906 http fetch GET 200 https://registry.npmjs.org/@types/babel__traverse/-/babel__traverse-7.14.2.tgz 5551ms (cache miss)
907 http fetch GET 200 https://registry.npmjs.org/@babel/plugin-transform-react-jsx-development/-/plugin-transform-react-jsx-development-7.16.7.tgz 5467ms (cache miss)
908 http fetch GET 200 https://registry.npmjs.org/@babel/plugin-transform-destructuring/-/plugin-transform-destructuring-7.16.7.tgz 5450ms (cache miss)
909 http fetch GET 200 https://registry.npmjs.org/@babel/plugin-transform-block-scoped-functions/-/plugin-transform-block-scoped-functions-7.16.7.tgz 5449ms (cache miss)
910 http fetch GET 200 https://registry.npmjs.org/@babel/plugin-transform-arrow-functions/-/plugin-transform-arrow-functions-7.16.7.tgz 5448ms (cache miss)
911 http fetch GET 200 https://registry.npmjs.org/@babel/plugin-transform-parameters/-/plugin-transform-parameters-7.16.7.tgz 5471ms (cache miss)
912 http fetch GET 200 https://registry.npmjs.org/jest-runtime/-/jest-runtime-27.4.6.tgz 5896ms (cache miss)
913 http fetch GET 200 https://registry.npmjs.org/css-what/-/css-what-5.1.0.tgz 5688ms (cache miss)
914 http fetch GET 200 https://registry.npmjs.org/babel-loader/-/babel-loader-8.2.3.tgz 5637ms (cache miss)
915 http fetch GET 200 https://registry.npmjs.org/babel-plugin-polyfill-corejs2/-/babel-plugin-polyfill-corejs2-0.3.0.tgz 5640ms (cache miss)
916 http fetch GET 200 https://registry.npmjs.org/tslib/-/tslib-2.3.1.tgz 6264ms (cache miss)
917 http fetch GET 200 https://registry.npmjs.org/@humanwhocodes/config-array/-/config-array-0.9.2.tgz 5518ms (cache miss)
918 http fetch GET 200 https://registry.npmjs.org/@babel/plugin-transform-modules-amd/-/plugin-transform-modules-amd-7.16.7.tgz 5499ms (cache miss)
919 http fetch GET 200 https://registry.npmjs.org/postcss-custom-selectors/-/postcss-custom-selectors-6.0.0.tgz 6064ms (cache miss)
920 http fetch GET 200 https://registry.npmjs.org/@rollup/plugin-babel/-/plugin-babel-5.3.0.tgz 5571ms (cache miss)
921 http fetch GET 200 https://registry.npmjs.org/on-finished/-/on-finished-2.3.0.tgz 6039ms (cache miss)
922 http fetch GET 200 https://registry.npmjs.org/@babel/plugin-transform-block-scoping/-/plugin-transform-block-scoping-7.16.7.tgz 5496ms (cache miss)
923 http fetch GET 200 https://registry.npmjs.org/@babel/plugin-transform-react-constant-elements/-/plugin-transform-react-constant-elements-7.16.7.tgz 5518ms (cache miss)
924 http fetch GET 200 https://registry.npmjs.org/@babel/plugin-transform-regenerator/-/plugin-transform-regenerator-7.16.7.tgz 5516ms (cache miss)
925 http fetch GET 200 https://registry.npmjs.org/@babel/plugin-transform-template-literals/-/plugin-transform-template-literals-7.16.7.tgz 5524ms (cache miss)
926 http fetch GET 200 https://registry.npmjs.org/@babel/plugin-transform-modules-commonjs/-/plugin-transform-modules-commonjs-7.16.7.tgz 5506ms (cache miss)
927 http fetch GET 200 https://registry.npmjs.org/mini-create-react-context/-/mini-create-react-context-0.4.1.tgz 5994ms (cache miss)
928 http fetch GET 200 https://registry.npmjs.org/@babel/plugin-syntax-typescript/-/plugin-syntax-typescript-7.16.7.tgz 5498ms (cache miss)
929 http fetch GET 200 https://registry.npmjs.org/ip/-/ip-1.1.5.tgz 5909ms (cache miss)
930 http fetch GET 200 https://registry.npmjs.org/functional-red-black-tree/-/functional-red-black-tree-1.0.1.tgz 5849ms (cache miss)
931 http fetch GET 200 https://registry.npmjs.org/workbox-sw/-/workbox-sw-6.4.2.tgz 6380ms (cache miss)
932 http fetch GET 200 https://registry.npmjs.org/@babel/plugin-syntax-jsx/-/plugin-syntax-jsx-7.16.7.tgz 5511ms (cache miss)
933 http fetch GET 200 https://registry.npmjs.org/chokidar/-/chokidar-3.5.2.tgz 5736ms (cache miss)
934 http fetch GET 200 https://registry.npmjs.org/unicode-match-property-value-ecmascript/-/unicode-match-property-value-ecmascript-2.0.0.tgz 6351ms (cache miss)
935 http fetch GET 200 https://registry.npmjs.org/@babel/plugin-transform-runtime/-/plugin-transform-runtime-7.16.7.tgz 5595ms (cache miss)
936 http fetch GET 200 https://registry.npmjs.org/@babel/plugin-proposal-unicode-property-regex/-/plugin-proposal-unicode-property-regex-7.16.7.tgz 5557ms (cache miss)
937 http fetch GET 200 https://registry.npmjs.org/@babel/plugin-proposal-private-methods/-/plugin-proposal-private-methods-7.16.7.tgz 5555ms (cache miss)
938 http fetch GET 200 https://registry.npmjs.org/@babel/plugin-proposal-private-property-in-object/-/plugin-proposal-private-property-in-object-7.16.7.tgz 5557ms (cache miss)
939 http fetch GET 200 https://registry.npmjs.org/@babel/plugin-transform-named-capturing-groups-regex/-/plugin-transform-named-capturing-groups-regex-7.16.7.tgz 5583ms (cache miss)
940 http fetch GET 200 https://registry.npmjs.org/@babel/plugin-transform-async-to-generator/-/plugin-transform-async-to-generator-7.16.7.tgz 5570ms (cache miss)
941 http fetch GET 200 https://registry.npmjs.org/multicast-dns-service-types/-/multicast-dns-service-types-1.1.0.tgz 6087ms (cache miss)
942 http fetch GET 200 https://registry.npmjs.org/language-tags/-/language-tags-1.0.5.tgz 6054ms (cache miss)
943 http fetch GET 200 https://registry.npmjs.org/istanbul-lib-instrument/-/istanbul-lib-instrument-5.1.0.tgz 5997ms (cache miss)
944 http fetch GET 200 https://registry.npmjs.org/@babel/plugin-transform-literals/-/plugin-transform-literals-7.16.7.tgz 5587ms (cache miss)
945 http fetch GET 200 https://registry.npmjs.org/html-entities/-/html-entities-2.3.2.tgz 5934ms (cache miss)
946 http fetch GET 200 https://registry.npmjs.org/espree/-/espree-9.3.0.tgz 5851ms (cache miss)
947 http fetch GET 200 https://registry.npmjs.org/dns-txt/-/dns-txt-2.0.2.tgz 5836ms (cache miss)
948 http fetch GET 200 https://registry.npmjs.org/defined/-/defined-1.0.0.tgz 5831ms (cache miss)
949 http fetch GET 200 https://registry.npmjs.org/decode-uri-component/-/decode-uri-component-0.2.0.tgz 5828ms (cache miss)
950 http fetch GET 200 https://registry.npmjs.org/destroy/-/destroy-1.0.4.tgz 5834ms (cache miss)
951 http fetch GET 200 https://registry.npmjs.org/browserslist/-/browserslist-4.19.1.tgz 5784ms (cache miss)
952 http fetch GET 200 https://registry.npmjs.org/bonjour/-/bonjour-3.5.0.tgz 5782ms (cache miss)
953 http fetch GET 200 https://registry.npmjs.org/regjsparser/-/regjsparser-0.7.0.tgz 6309ms (cache miss)
954 http fetch GET 200 https://registry.npmjs.org/@babel/plugin-proposal-optional-catch-binding/-/plugin-proposal-optional-catch-binding-7.16.7.tgz 5614ms (cache miss)
955 http fetch GET 200 https://registry.npmjs.org/@babel/plugin-transform-member-expression-literals/-/plugin-transform-member-expression-literals-7.16.7.tgz 5639ms (cache miss)
956 http fetch GET 200 https://registry.npmjs.org/@babel/plugin-syntax-decorators/-/plugin-syntax-decorators-7.16.7.tgz 5621ms (cache miss)
957 http fetch GET 200 https://registry.npmjs.org/@babel/plugin-proposal-nullish-coalescing-operator/-/plugin-proposal-nullish-coalescing-operator-7.16.7.tgz 5613ms (cache miss)
958 http fetch GET 200 https://registry.npmjs.org/@babel/plugin-proposal-export-namespace-from/-/plugin-proposal-export-namespace-from-7.16.7.tgz 5612ms (cache miss)
959 http fetch GET 200 https://registry.npmjs.org/@babel/plugin-proposal-logical-assignment-operators/-/plugin-proposal-logical-assignment-operators-7.16.7.tgz 5613ms (cache miss)
960 http fetch GET 200 https://registry.npmjs.org/@babel/plugin-proposal-numeric-separator/-/plugin-proposal-numeric-separator-7.16.7.tgz 5615ms (cache miss)
961 http fetch GET 200 https://registry.npmjs.org/@babel/plugin-proposal-dynamic-import/-/plugin-proposal-dynamic-import-7.16.7.tgz 5611ms (cache miss)
962 http fetch GET 200 https://registry.npmjs.org/mime-db/-/mime-db-1.51.0.tgz 6131ms (cache miss)
963 http fetch GET 200 https://registry.npmjs.org/filesize/-/filesize-8.0.6.tgz 5958ms (cache miss)
964 http fetch GET 200 https://registry.npmjs.org/alphanum-sort/-/alphanum-sort-1.0.2.tgz 5849ms (cache miss)
965 http fetch GET 200 https://registry.npmjs.org/@babel/plugin-proposal-object-rest-spread/-/plugin-proposal-object-rest-spread-7.16.7.tgz 5692ms (cache miss)
966 http fetch GET 200 https://registry.npmjs.org/@babel/plugin-proposal-class-properties/-/plugin-proposal-class-properties-7.16.7.tgz 5685ms (cache miss)
967 http fetch GET 200 https://registry.npmjs.org/@babel/plugin-proposal-class-static-block/-/plugin-proposal-class-static-block-7.16.7.tgz 5686ms (cache miss)
968 http fetch GET 200 https://registry.npmjs.org/@babel/plugin-bugfix-v8-spread-parameters-in-optional-chaining/-/plugin-bugfix-v8-spread-parameters-in-optional-chaining-7.16.7.tgz 5683ms (cache miss)
969 http fetch GET 200 https://registry.npmjs.org/@babel/plugin-bugfix-safari-id-destructuring-collision-in-function-expression/-/plugin-bugfix-safari-id-destructuring-collision-in-function-expression-7.16.7.tgz 5682ms (cache miss)
970 http fetch GET 200 https://registry.npmjs.org/mini-css-extract-plugin/-/mini-css-extract-plugin-2.4.6.tgz 6212ms (cache miss)
971 http fetch GET 200 https://registry.npmjs.org/@babel/plugin-proposal-decorators/-/plugin-proposal-decorators-7.16.7.tgz 5694ms (cache miss)
972 http fetch GET 200 https://registry.npmjs.org/@babel/plugin-proposal-async-generator-functions/-/plugin-proposal-async-generator-functions-7.16.7.tgz 5691ms (cache miss)
973 http fetch GET 200 https://registry.npmjs.org/@babel/highlight/-/highlight-7.16.7.tgz 5687ms (cache miss)
974 http fetch GET 200 https://registry.npmjs.org/@babel/helper-simple-access/-/helper-simple-access-7.16.7.tgz 5679ms (cache miss)
975 http fetch GET 200 https://registry.npmjs.org/@babel/helper-split-export-declaration/-/helper-split-export-declaration-7.16.7.tgz 5681ms (cache miss)
976 http fetch GET 200 https://registry.npmjs.org/@babel/helper-validator-option/-/helper-validator-option-7.16.7.tgz 5683ms (cache miss)
977 http fetch GET 200 https://registry.npmjs.org/@babel/helper-skip-transparent-expression-wrappers/-/helper-skip-transparent-expression-wrappers-7.16.0.tgz 5681ms (cache miss)
978 http fetch GET 200 https://registry.npmjs.org/jest-each/-/jest-each-27.4.6.tgz 6153ms (cache miss)
979 http fetch GET 200 https://registry.npmjs.org/fastq/-/fastq-1.13.0.tgz 6008ms (cache miss)
980 http fetch GET 200 https://registry.npmjs.org/eslint-module-utils/-/eslint-module-utils-2.7.2.tgz 6017ms (cache miss)
981 http fetch GET 200 https://registry.npmjs.org/@babel/helper-plugin-utils/-/helper-plugin-utils-7.16.7.tgz 5718ms (cache miss)
982 http fetch GET 200 https://registry.npmjs.org/@babel/helper-optimise-call-expression/-/helper-optimise-call-expression-7.16.7.tgz 5718ms (cache miss)
983 http fetch GET 200 https://registry.npmjs.org/@babel/helper-module-imports/-/helper-module-imports-7.16.7.tgz 5716ms (cache miss)
984 http fetch GET 200 https://registry.npmjs.org/@babel/helper-wrap-function/-/helper-wrap-function-7.16.7.tgz 5726ms (cache miss)
985 http fetch GET 200 https://registry.npmjs.org/@babel/helper-hoist-variables/-/helper-hoist-variables-7.16.7.tgz 5712ms (cache miss)
986 http fetch GET 200 https://registry.npmjs.org/@babel/helper-validator-identifier/-/helper-validator-identifier-7.16.7.tgz 5725ms (cache miss)
987 http fetch GET 200 https://registry.npmjs.org/@babel/helper-environment-visitor/-/helper-environment-visitor-7.16.7.tgz 5709ms (cache miss)
988 http fetch GET 200 https://registry.npmjs.org/@babel/helper-explode-assignable-expression/-/helper-explode-assignable-expression-7.16.7.tgz 5711ms (cache miss)
989 http fetch GET 200 https://registry.npmjs.org/object.getownpropertydescriptors/-/object.getownpropertydescriptors-2.1.3.tgz 6301ms (cache miss)
990 http fetch GET 200 https://registry.npmjs.org/ejs/-/ejs-3.1.6.tgz 6008ms (cache miss)
991 http fetch GET 200 https://registry.npmjs.org/body-parser/-/body-parser-1.19.1.tgz 5993ms (cache miss)
992 http fetch GET 200 https://registry.npmjs.org/serve-static/-/serve-static-1.14.2.tgz 6555ms (cache miss)
993 http fetch GET 200 https://registry.npmjs.org/@babel/helper-member-expression-to-functions/-/helper-member-expression-to-functions-7.16.7.tgz 5798ms (cache miss)
994 http fetch GET 200 https://registry.npmjs.org/@babel/plugin-transform-classes/-/plugin-transform-classes-7.16.7.tgz 5845ms (cache miss)
995 http fetch GET 200 https://registry.npmjs.org/object.hasown/-/object.hasown-1.1.0.tgz 6385ms (cache miss)
996 http fetch GET 200 https://registry.npmjs.org/postcss-preset-env/-/postcss-preset-env-7.2.0.tgz 6375ms (cache miss)
997 http fetch GET 200 https://registry.npmjs.org/@babel/helper-create-regexp-features-plugin/-/helper-create-regexp-features-plugin-7.16.7.tgz 5799ms (cache miss)
998 http fetch GET 200 https://registry.npmjs.org/@babel/helper-create-class-features-plugin/-/helper-create-class-features-plugin-7.16.7.tgz 5798ms (cache miss)
999 http fetch GET 200 https://registry.npmjs.org/electron-to-chromium/-/electron-to-chromium-1.4.38.tgz 6107ms (cache miss)
1000 http fetch GET 200 https://registry.npmjs.org/unbox-primitive/-/unbox-primitive-1.0.1.tgz 6671ms (cache miss)
1001 http fetch GET 200 https://registry.npmjs.org/regexp.prototype.flags/-/regexp.prototype.flags-1.3.1.tgz 6563ms (cache miss)
1002 http fetch GET 200 https://registry.npmjs.org/@babel/plugin-syntax-flow/-/plugin-syntax-flow-7.16.7.tgz 5894ms (cache miss)
1003 http fetch GET 200 https://registry.npmjs.org/@babel/helper-annotate-as-pure/-/helper-annotate-as-pure-7.16.7.tgz 5847ms (cache miss)
1004 http fetch GET 200 https://registry.npmjs.org/@babel/helper-get-function-arity/-/helper-get-function-arity-7.16.7.tgz 5854ms (cache miss)
1005 http fetch GET 200 https://registry.npmjs.org/@babel/compat-data/-/compat-data-7.16.4.tgz 5846ms (cache miss)
1006 http fetch GET 200 https://registry.npmjs.org/@babel/helper-remap-async-to-generator/-/helper-remap-async-to-generator-7.16.7.tgz 5865ms (cache miss)
1007 http fetch GET 200 https://registry.npmjs.org/@babel/helper-replace-supers/-/helper-replace-supers-7.16.7.tgz 5866ms (cache miss)
1008 http fetch GET 200 https://registry.npmjs.org/workbox-webpack-plugin/-/workbox-webpack-plugin-6.4.2.tgz 6759ms (cache miss)
1009 http fetch GET 200 https://registry.npmjs.org/array-includes/-/array-includes-3.1.4.tgz 6142ms (cache miss)
1010 http fetch GET 200 https://registry.npmjs.org/array.prototype.flat/-/array.prototype.flat-1.2.5.tgz 6143ms (cache miss)
1011 http fetch GET 200 https://registry.npmjs.org/object.entries/-/object.entries-1.1.5.tgz 6630ms (cache miss)
1012 http fetch GET 200 https://registry.npmjs.org/@babel/plugin-proposal-optional-chaining/-/plugin-proposal-optional-chaining-7.16.7.tgz 6081ms (cache miss)
1013 http fetch GET 200 https://registry.npmjs.org/@babel/helper-module-transforms/-/helper-module-transforms-7.16.7.tgz 6056ms (cache miss)
1014 http fetch GET 200 https://registry.npmjs.org/@babel/code-frame/-/code-frame-7.16.7.tgz 6038ms (cache miss)
1015 http fetch GET 200 https://registry.npmjs.org/@babel/helper-builder-binary-assignment-operator-visitor/-/helper-builder-binary-assignment-operator-visitor-7.16.7.tgz 6042ms (cache miss)
1016 http fetch GET 200 https://registry.npmjs.org/@babel/helper-compilation-targets/-/helper-compilation-targets-7.16.7.tgz 6044ms (cache miss)
1017 http fetch GET 200 https://registry.npmjs.org/css-blank-pseudo/-/css-blank-pseudo-3.0.2.tgz 6332ms (cache miss)
1018 http fetch GET 200 https://registry.npmjs.org/shell-quote/-/shell-quote-1.7.3.tgz 6853ms (cache miss)
1019 http fetch GET 200 https://registry.npmjs.org/universalify/-/universalify-0.1.2.tgz 6067ms (cache miss)
1020 http fetch GET 200 https://registry.npmjs.org/@babel/helper-function-name/-/helper-function-name-7.16.7.tgz 6092ms (cache miss)
1021 http fetch GET 200 https://registry.npmjs.org/@babel/plugin-proposal-json-strings/-/plugin-proposal-json-strings-7.16.7.tgz 6082ms (cache miss)
1022 http fetch GET 200 https://registry.npmjs.org/flatted/-/flatted-3.2.4.tgz 6463ms (cache miss)
1023 http fetch GET 200 https://registry.npmjs.org/string.prototype.matchall/-/string.prototype.matchall-4.0.6.tgz 6946ms (cache miss)
1024 http fetch GET 200 https://registry.npmjs.org/path-to-regexp/-/path-to-regexp-1.8.0.tgz 6129ms (cache miss)
1025 http fetch GET 200 https://registry.npmjs.org/loader-utils/-/loader-utils-3.2.0.tgz 6128ms (cache miss)
1026 http fetch GET 200 https://registry.npmjs.org/bytes/-/bytes-3.1.1.tgz 6127ms (cache miss)
1027 http fetch GET 200 https://registry.npmjs.org/loader-utils/-/loader-utils-2.0.2.tgz 6698ms (cache miss)
1028 http fetch GET 200 https://registry.npmjs.org/eslint-scope/-/eslint-scope-7.1.0.tgz 6493ms (cache miss)
1029 http fetch GET 200 https://registry.npmjs.org/char-regex/-/char-regex-2.0.0.tgz 6171ms (cache miss)
1030 http fetch GET 200 https://registry.npmjs.org/p-limit/-/p-limit-1.3.0.tgz 6159ms (cache miss)
1031 http fetch GET 200 https://registry.npmjs.org/p-locate/-/p-locate-2.0.0.tgz 6160ms (cache miss)
1032 http fetch GET 200 https://registry.npmjs.org/decimal.js/-/decimal.js-10.3.1.tgz 6502ms (cache miss)
1033 http fetch GET 200 https://registry.npmjs.org/babel-plugin-polyfill-corejs3/-/babel-plugin-polyfill-corejs3-0.4.0.tgz 6448ms (cache miss)
1034 http fetch GET 200 https://registry.npmjs.org/ignore/-/ignore-5.2.0.tgz 6205ms (cache miss)
1035 http fetch GET 200 https://registry.npmjs.org/globals/-/globals-13.12.0.tgz 6187ms (cache miss)
1036 http fetch GET 200 https://registry.npmjs.org/postcss-ordered-values/-/postcss-ordered-values-5.0.3.tgz 6901ms (cache miss)
1037 http fetch GET 200 https://registry.npmjs.org/loader-utils/-/loader-utils-1.4.0.tgz 6188ms (cache miss)
1038 http fetch GET 200 https://registry.npmjs.org/decode-uri-component 5275ms (cache miss)
1039 silly packumentCache corgi:https://registry.npmjs.org/decode-uri-component set size:undefined disposed:false
1040 http fetch GET 200 https://registry.npmjs.org/css-has-pseudo/-/css-has-pseudo-3.0.2.tgz 6543ms (cache miss)
1041 http fetch GET 200 https://registry.npmjs.org/p-try/-/p-try-1.0.0.tgz 6246ms (cache miss)
1042 http fetch GET 200 https://registry.npmjs.org/isarray/-/isarray-0.0.1.tgz 6262ms (cache miss)
1043 http fetch GET 200 https://registry.npmjs.org/locate-path/-/locate-path-2.0.0.tgz 6244ms (cache miss)
1044 http fetch GET 200 https://registry.npmjs.org/find-up/-/find-up-2.1.0.tgz 6244ms (cache miss)
1045 http fetch GET 200 https://registry.npmjs.org/jest-watcher/-/jest-watcher-27.4.6.tgz 6796ms (cache miss)
1046 http fetch GET 200 https://registry.npmjs.org/minimist 5305ms (cache miss)
1047 silly packumentCache corgi:https://registry.npmjs.org/minimist set size:undefined disposed:false
1048 http fetch GET 200 https://registry.npmjs.org/string.prototype.trimend/-/string.prototype.trimend-1.0.4.tgz 7129ms (cache miss)
1049 http fetch GET 200 https://registry.npmjs.org/string.prototype.trimstart/-/string.prototype.trimstart-1.0.4.tgz 7121ms (cache miss)
1050 http fetch GET 200 https://registry.npmjs.org/stackframe/-/stackframe-1.2.0.tgz 7112ms (cache miss)
1051 http fetch GET 200 https://registry.npmjs.org/bytes/-/bytes-3.1.1.tgz 6268ms (cache miss)
1052 http fetch GET 200 https://registry.npmjs.org/@babel/helpers/-/helpers-7.16.7.tgz 6352ms (cache miss)
1053 http fetch GET 200 https://registry.npmjs.org/ip 5357ms (cache miss)
1054 silly packumentCache corgi:https://registry.npmjs.org/ip set size:undefined disposed:false
1055 http fetch GET 200 https://registry.npmjs.org/async/-/async-0.9.2.tgz 6328ms (cache miss)
1056 http fetch GET 200 https://registry.npmjs.org/jest-diff/-/jest-diff-27.4.6.tgz 6854ms (cache miss)
1057 http fetch GET 200 https://registry.npmjs.org/wrappy/-/wrappy-1.0.2.tgz 7300ms (cache miss)
1058 http fetch GET 200 https://registry.npmjs.org/util-deprecate/-/util-deprecate-1.0.2.tgz 7223ms (cache miss)
1059 http fetch GET 200 https://registry.npmjs.org/utila/-/utila-0.4.0.tgz 7225ms (cache miss)
1060 http fetch GET 200 https://registry.npmjs.org/css-prefers-color-scheme/-/css-prefers-color-scheme-6.0.2.tgz 6729ms (cache miss)
1061 http fetch GET 200 https://registry.npmjs.org/webpack-manifest-plugin/-/webpack-manifest-plugin-4.0.2.tgz 7335ms (cache miss)
1062 http fetch GET 200 https://registry.npmjs.org/@typescript-eslint/types/-/types-5.9.0.tgz 6659ms (cache miss)
1063 http fetch GET 200 https://registry.npmjs.org/ignore/-/ignore-5.2.0.tgz 6408ms (cache miss)
1064 http fetch GET 200 https://registry.npmjs.org/globals/-/globals-13.12.0.tgz 6392ms (cache miss)
1065 http fetch GET 200 https://registry.npmjs.org/postcss-nesting/-/postcss-nesting-10.1.1.tgz 7128ms (cache miss)
1066 http fetch GET 200 https://registry.npmjs.org/vary/-/vary-1.1.2.tgz 7335ms (cache miss)
1067 http fetch GET 200 https://registry.npmjs.org/text-table/-/text-table-0.2.0.tgz 7303ms (cache miss)
1068 http fetch GET 200 https://registry.npmjs.org/watchpack/-/watchpack-2.3.1.tgz 7352ms (cache miss)
1069 http fetch GET 200 https://registry.npmjs.org/timsort/-/timsort-0.3.0.tgz 7325ms (cache miss)
1070 http fetch GET 200 https://registry.npmjs.org/utils-merge/-/utils-merge-1.0.1.tgz 7367ms (cache miss)
1071 http fetch GET 200 https://registry.npmjs.org/statuses/-/statuses-1.5.0.tgz 7306ms (cache miss)
1072 http fetch GET 200 https://registry.npmjs.org/unquote/-/unquote-1.1.1.tgz 7365ms (cache miss)
1073 http fetch GET 200 https://registry.npmjs.org/unpipe/-/unpipe-1.0.0.tgz 7364ms (cache miss)
1074 http fetch GET 200 https://registry.npmjs.org/to-fast-properties/-/to-fast-properties-2.0.0.tgz 7347ms (cache miss)
1075 http fetch GET 200 https://registry.npmjs.org/require-directory/-/require-directory-2.1.1.tgz 7257ms (cache miss)
1076 http fetch GET 200 https://registry.npmjs.org/sprintf-js/-/sprintf-js-1.0.3.tgz 7305ms (cache miss)
1077 http fetch GET 200 https://registry.npmjs.org/requires-port/-/requires-port-1.0.0.tgz 7258ms (cache miss)
1078 http fetch GET 200 https://registry.npmjs.org/source-map-js/-/source-map-js-1.0.1.tgz 7309ms (cache miss)
1079 http fetch GET 200 https://registry.npmjs.org/recursive-readdir/-/recursive-readdir-2.2.2.tgz 7256ms (cache miss)
1080 http fetch GET 200 https://registry.npmjs.org/jest-snapshot/-/jest-snapshot-27.4.6.tgz 7032ms (cache miss)
1081 http fetch GET 200 https://registry.npmjs.org/async 5573ms (cache miss)
1082 silly packumentCache corgi:https://registry.npmjs.org/async set size:undefined disposed:false
1083 http fetch GET 200 https://registry.npmjs.org/path-is-absolute/-/path-is-absolute-1.0.1.tgz 7171ms (cache miss)
1084 http fetch GET 200 https://registry.npmjs.org/once/-/once-1.4.0.tgz 7157ms (cache miss)
1085 http fetch GET 200 https://registry.npmjs.org/object-assign/-/object-assign-4.1.1.tgz 7143ms (cache miss)
1086 http fetch GET 200 https://registry.npmjs.org/select-hose/-/select-hose-2.0.0.tgz 7330ms (cache miss)
1087 http fetch GET 200 https://registry.npmjs.org/media-typer/-/media-typer-0.3.0.tgz 7104ms (cache miss)
1088 http fetch GET 200 https://registry.npmjs.org/@babel%2fhelpers 5612ms (cache revalidated)
1089 silly packumentCache corgi:https://registry.npmjs.org/@babel%2fhelpers set size:208312 disposed:false
1090 http fetch GET 200 https://registry.npmjs.org/@babel%2fruntime-corejs3 5614ms (cache revalidated)
1091 silly packumentCache corgi:https://registry.npmjs.org/@babel%2fruntime-corejs3 set size:190617 disposed:false
1092 http fetch GET 200 https://registry.npmjs.org/jest-circus/-/jest-circus-27.4.6.tgz 7072ms (cache miss)
1093 http fetch GET 200 https://registry.npmjs.org/js-yaml 5628ms (cache revalidated)
1094 silly packumentCache corgi:https://registry.npmjs.org/js-yaml set size:58533 disposed:false
1095 http fetch GET 200 https://registry.npmjs.org/q/-/q-1.5.1.tgz 7296ms (cache miss)
1096 http fetch GET 200 https://registry.npmjs.org/path-to-regexp/-/path-to-regexp-0.1.7.tgz 7208ms (cache miss)
1097 http fetch GET 200 https://registry.npmjs.org/node-int64/-/node-int64-0.4.0.tgz 7166ms (cache miss)
1098 http fetch GET 200 https://registry.npmjs.org/natural-compare/-/natural-compare-1.4.0.tgz 7163ms (cache miss)
1099 http fetch GET 200 https://registry.npmjs.org/lodash.debounce/-/lodash.debounce-4.0.8.tgz 7135ms (cache miss)
1100 http fetch GET 200 https://registry.npmjs.org/lodash.uniq/-/lodash.uniq-4.5.0.tgz 7138ms (cache miss)
1101 http fetch GET 200 https://registry.npmjs.org/performance-now/-/performance-now-2.1.0.tgz 7211ms (cache miss)
1102 http fetch GET 200 https://registry.npmjs.org/json-stable-stringify-without-jsonify/-/json-stable-stringify-without-jsonify-1.0.1.tgz 7113ms (cache miss)
1103 http fetch GET 200 https://registry.npmjs.org/methods/-/methods-1.1.2.tgz 7143ms (cache miss)
1104 http fetch GET 200 https://registry.npmjs.org/merge-descriptors/-/merge-descriptors-1.0.1.tgz 7143ms (cache miss)
1105 http fetch GET 200 https://registry.npmjs.org/imurmurhash/-/imurmurhash-0.1.4.tgz 7026ms (cache miss)
1106 http fetch GET 200 https://registry.npmjs.org/body-parser 5629ms (cache revalidated)
1107 silly packumentCache corgi:https://registry.npmjs.org/body-parser set size:78944 disposed:false
1108 http fetch GET 200 https://registry.npmjs.org/follow-redirects 5614ms (cache revalidated)
1109 silly packumentCache corgi:https://registry.npmjs.org/follow-redirects set size:88479 disposed:false
1110 http fetch GET 200 https://registry.npmjs.org/express 5633ms (cache revalidated)
1111 silly packumentCache corgi:https://registry.npmjs.org/express set size:337735 disposed:false
1112 http fetch GET 200 https://registry.npmjs.org/ejs 5641ms (cache revalidated)
1113 silly packumentCache corgi:https://registry.npmjs.org/ejs set size:66600 disposed:false
1114 http fetch GET 200 https://registry.npmjs.org/flatted 5642ms (cache revalidated)
1115 silly packumentCache corgi:https://registry.npmjs.org/flatted set size:57858 disposed:false
1116 http fetch GET 200 https://registry.npmjs.org/@types/eslint/-/eslint-7.29.0.tgz 6805ms (cache miss)
1117 http fetch GET 200 https://registry.npmjs.org/braces 5667ms (cache revalidated)
1118 silly packumentCache corgi:https://registry.npmjs.org/braces set size:35919 disposed:false
1119 http fetch GET 200 https://registry.npmjs.org/normalize-range/-/normalize-range-0.1.2.tgz 7223ms (cache miss)
1120 http fetch GET 200 https://registry.npmjs.org/is-obj/-/is-obj-1.0.1.tgz 7108ms (cache miss)
1121 http fetch GET 200 https://registry.npmjs.org/is-module/-/is-module-1.0.0.tgz 7105ms (cache miss)
1122 http fetch GET 200 https://registry.npmjs.org/isexe/-/isexe-2.0.0.tgz 7117ms (cache miss)
1123 http fetch GET 200 https://registry.npmjs.org/has-flag/-/has-flag-3.0.0.tgz 7046ms (cache miss)
1124 http fetch GET 200 https://registry.npmjs.org/json5 5681ms (cache revalidated)
1125 silly packumentCache corgi:https://registry.npmjs.org/json5 set size:37495 disposed:false
1126 http fetch GET 200 https://registry.npmjs.org/loader-utils 5681ms (cache revalidated)
1127 silly packumentCache corgi:https://registry.npmjs.org/loader-utils set size:46537 disposed:false
1128 http fetch GET 200 https://registry.npmjs.org/@tootallnate%2fonce 5693ms (cache revalidated)
1129 silly packumentCache corgi:https://registry.npmjs.org/@tootallnate%2fonce set size:11748 disposed:false
1130 http fetch GET 200 https://registry.npmjs.org/css-loader/-/css-loader-6.5.1.tgz 6929ms (cache miss)
1131 http fetch GET 200 https://registry.npmjs.org/http-proxy-middleware 5676ms (cache revalidated)
1132 silly packumentCache corgi:https://registry.npmjs.org/http-proxy-middleware set size:157687 disposed:false
1133 http fetch GET 200 https://registry.npmjs.org/pretty-format/-/pretty-format-27.4.6.tgz 7356ms (cache miss)
1134 http fetch GET 200 https://registry.npmjs.org/postcss-calc/-/postcss-calc-8.2.0.tgz 7294ms (cache miss)
1135 http fetch GET 200 https://registry.npmjs.org/object.assign/-/object.assign-4.1.2.tgz 7257ms (cache miss)
1136 http fetch GET 200 https://registry.npmjs.org/magic-string/-/magic-string-0.25.7.tgz 7218ms (cache miss)
1137 http fetch GET 200 https://registry.npmjs.org/webpack-sources/-/webpack-sources-3.2.2.tgz 7552ms (cache miss)
1138 http fetch GET 200 https://registry.npmjs.org/jest-cli/-/jest-cli-27.4.7.tgz 7162ms (cache miss)
1139 http fetch GET 200 https://registry.npmjs.org/is-regexp/-/is-regexp-1.0.0.tgz 7157ms (cache miss)
1140 http fetch GET 200 https://registry.npmjs.org/isarray/-/isarray-1.0.0.tgz 7160ms (cache miss)
1141 http fetch GET 200 https://registry.npmjs.org/is-extglob/-/is-extglob-2.1.1.tgz 7146ms (cache miss)
1142 http fetch GET 200 https://registry.npmjs.org/fs.realpath/-/fs.realpath-1.0.0.tgz 7073ms (cache miss)
1143 http fetch GET 200 https://registry.npmjs.org/is-arrayish/-/is-arrayish-0.2.1.tgz 7140ms (cache miss)
1144 http fetch GET 200 https://registry.npmjs.org/is-typedarray/-/is-typedarray-1.0.0.tgz 7159ms (cache miss)
1145 http fetch GET 200 https://registry.npmjs.org/http-deceiver/-/http-deceiver-1.2.7.tgz 7104ms (cache miss)
1146 http fetch GET 200 https://registry.npmjs.org/lodash.memoize/-/lodash.memoize-4.1.2.tgz 7232ms (cache miss)
1147 http fetch GET 200 https://registry.npmjs.org/fresh/-/fresh-0.5.2.tgz 7070ms (cache miss)
1148 http fetch GET 200 https://registry.npmjs.org/micromatch 5702ms (cache revalidated)
1149 silly packumentCache corgi:https://registry.npmjs.org/micromatch set size:71776 disposed:false
1150 http fetch GET 200 https://registry.npmjs.org/cross-spawn 5721ms (cache revalidated)
1151 silly packumentCache corgi:https://registry.npmjs.org/cross-spawn set size:44626 disposed:false
1152 http fetch GET 200 https://registry.npmjs.org/qs 5697ms (cache revalidated)
1153 silly packumentCache corgi:https://registry.npmjs.org/qs set size:145190 disposed:false
1154 http fetch GET 200 https://registry.npmjs.org/node-forge 5707ms (cache revalidated)
1155 silly packumentCache corgi:https://registry.npmjs.org/node-forge set size:106633 disposed:false
1156 http fetch GET 200 https://registry.npmjs.org/nanoid 5721ms (cache revalidated)
1157 silly packumentCache corgi:https://registry.npmjs.org/nanoid set size:148276 disposed:false
1158 http fetch GET 200 https://registry.npmjs.org/minimatch 5728ms (cache revalidated)
1159 silly packumentCache corgi:https://registry.npmjs.org/minimatch set size:168441 disposed:false
1160 http fetch GET 200 https://registry.npmjs.org/postcss 5727ms (cache revalidated)
1161 silly packumentCache corgi:https://registry.npmjs.org/postcss set size:343873 disposed:false
1162 http fetch GET 200 https://registry.npmjs.org/nth-check 5752ms (cache revalidated)
1163 silly packumentCache corgi:https://registry.npmjs.org/nth-check set size:12198 disposed:false
1164 http fetch GET 200 https://registry.npmjs.org/path-to-regexp 5753ms (cache revalidated)
1165 silly packumentCache corgi:https://registry.npmjs.org/path-to-regexp set size:66575 disposed:false
1166 http fetch GET 200 https://registry.npmjs.org/express/-/express-4.17.2.tgz 7093ms (cache miss)
1167 http fetch GET 200 https://registry.npmjs.org/serialize-javascript 5759ms (cache revalidated)
1168 silly packumentCache corgi:https://registry.npmjs.org/serialize-javascript set size:36142 disposed:false
1169 http fetch GET 200 https://registry.npmjs.org/@babel%2fplugin-transform-modules-systemjs 5801ms (cache miss)
1170 silly packumentCache corgi:https://registry.npmjs.org/@babel%2fplugin-transform-modules-systemjs set size:undefined disposed:false
1171 http fetch GET 200 https://registry.npmjs.org/lodash.sortby/-/lodash.sortby-4.7.0.tgz 7307ms (cache miss)
1172 http fetch GET 200 https://registry.npmjs.org/fast-levenshtein/-/fast-levenshtein-2.0.6.tgz 7102ms (cache miss)
1173 http fetch GET 200 https://registry.npmjs.org/etag/-/etag-1.8.1.tgz 7098ms (cache miss)
1174 http fetch GET 200 https://registry.npmjs.org/ee-first/-/ee-first-1.1.1.tgz 7055ms (cache miss)
1175 http fetch GET 200 https://registry.npmjs.org/delayed-stream/-/delayed-stream-1.0.0.tgz 7046ms (cache miss)
1176 http fetch GET 200 https://registry.npmjs.org/bytes/-/bytes-3.0.0.tgz 6997ms (cache miss)
1177 http fetch GET 200 https://registry.npmjs.org/escape-string-regexp/-/escape-string-regexp-1.0.5.tgz 7066ms (cache miss)
1178 http fetch GET 200 https://registry.npmjs.org/picomatch 5772ms (cache revalidated)
1179 silly packumentCache corgi:https://registry.npmjs.org/picomatch set size:44414 disposed:false
1180 http fetch GET 200 https://registry.npmjs.org/svgo 5772ms (cache revalidated)
1181 silly packumentCache corgi:https://registry.npmjs.org/svgo set size:138618 disposed:false
1182 http fetch GET 200 https://registry.npmjs.org/cookie 5799ms (cache revalidated)
1183 silly packumentCache corgi:https://registry.npmjs.org/cookie set size:23677 disposed:false
1184 http fetch GET 200 https://registry.npmjs.org/jest-worker/-/jest-worker-27.4.6.tgz 7287ms (cache miss)
1185 http fetch GET 200 https://registry.npmjs.org/webpack-dev-middleware 5783ms (cache revalidated)
1186 silly packumentCache corgi:https://registry.npmjs.org/webpack-dev-middleware set size:177615 disposed:false
1187 http fetch GET 200 https://registry.npmjs.org/identity-obj-proxy/-/identity-obj-proxy-3.0.0.tgz 7221ms (cache miss)
1188 http fetch GET 200 https://registry.npmjs.org/encodeurl/-/encodeurl-1.0.2.tgz 7084ms (cache miss)
1189 http fetch GET 200 https://registry.npmjs.org/inflight/-/inflight-1.0.6.tgz 7236ms (cache miss)
1190 http fetch GET 200 https://registry.npmjs.org/css.escape/-/css.escape-1.5.1.tgz 7065ms (cache miss)
1191 http fetch GET 200 https://registry.npmjs.org/escape-html/-/escape-html-1.0.3.tgz 7091ms (cache miss)
1192 http fetch GET 200 https://registry.npmjs.org/concat-map/-/concat-map-0.0.1.tgz 7043ms (cache miss)
1193 http fetch GET 200 https://registry.npmjs.org/dns-equal/-/dns-equal-1.0.0.tgz 7077ms (cache miss)
1194 http fetch GET 200 https://registry.npmjs.org/color-name/-/color-name-1.1.3.tgz 7039ms (cache miss)
1195 http fetch GET 200 https://registry.npmjs.org/batch/-/batch-0.6.1.tgz 7019ms (cache miss)
1196 http fetch GET 200 https://registry.npmjs.org/@babel%2fruntime 5843ms (cache revalidated)
1197 silly packumentCache corgi:https://registry.npmjs.org/@babel%2fruntime set size:222762 disposed:false
1198 http fetch GET 200 https://registry.npmjs.org/ajv 5846ms (cache revalidated)
1199 silly packumentCache corgi:https://registry.npmjs.org/ajv set size:467559 disposed:false
1200 http fetch GET 200 https://registry.npmjs.org/@babel/preset-env/-/preset-env-7.16.7.tgz 6910ms (cache miss)
1201 http fetch GET 200 https://registry.npmjs.org/@babel%2ftraverse 5864ms (cache revalidated)
1202 silly packumentCache corgi:https://registry.npmjs.org/@babel%2ftraverse set size:298234 disposed:false
1203 http fetch GET 200 https://registry.npmjs.org/history/-/history-4.10.1.tgz 7234ms (cache miss)
1204 http fetch GET 200 https://registry.npmjs.org/http-proxy-middleware/-/http-proxy-middleware-2.0.1.tgz 7252ms (cache miss)
1205 http fetch GET 200 https://registry.npmjs.org/depd/-/depd-1.1.2.tgz 7113ms (cache miss)
1206 http fetch GET 200 https://registry.npmjs.org/commondir/-/commondir-1.0.1.tgz 7082ms (cache miss)
1207 http fetch GET 200 https://registry.npmjs.org/inherits/-/inherits-2.0.3.tgz 6813ms (cache miss)
1208 http fetch GET 200 https://registry.npmjs.org/ws 5830ms (cache revalidated)
1209 silly packumentCache corgi:https://registry.npmjs.org/ws set size:195276 disposed:false
1210 http fetch GET 200 https://registry.npmjs.org/yaml 5832ms (cache revalidated)
1211 silly packumentCache corgi:https://registry.npmjs.org/yaml set size:162696 disposed:false
1212 http fetch GET 200 https://registry.npmjs.org/serve-static 5839ms (cache revalidated)
1213 silly packumentCache corgi:https://registry.npmjs.org/serve-static set size:58234 disposed:false
1214 http fetch GET 200 https://registry.npmjs.org/word-wrap 5835ms (cache revalidated)
1215 silly packumentCache corgi:https://registry.npmjs.org/word-wrap set size:9507 disposed:false
1216 http fetch GET 200 https://registry.npmjs.org/tough-cookie 5840ms (cache revalidated)
1217 silly packumentCache corgi:https://registry.npmjs.org/tough-cookie set size:56308 disposed:false
1218 http fetch GET 200 https://registry.npmjs.org/send 5845ms (cache revalidated)
1219 silly packumentCache corgi:https://registry.npmjs.org/send set size:63171 disposed:false
1220 http fetch GET 200 https://registry.npmjs.org/form-data 5861ms (cache revalidated)
1221 silly packumentCache corgi:https://registry.npmjs.org/form-data set size:51426 disposed:false
1222 http fetch GET 200 https://registry.npmjs.org/webpack-dev-server 5848ms (cache revalidated)
1223 silly packumentCache corgi:https://registry.npmjs.org/webpack-dev-server set size:458386 disposed:false
1224 http fetch GET 200 https://registry.npmjs.org/terser-webpack-plugin/-/terser-webpack-plugin-5.3.0.tgz 7685ms (cache miss)
1225 http fetch GET 200 https://registry.npmjs.org/ws/-/ws-8.4.0.tgz 6858ms (cache miss)
1226 http fetch GET 200 https://registry.npmjs.org/relateurl/-/relateurl-0.2.7.tgz 7611ms (cache miss)
1227 http fetch GET 200 https://registry.npmjs.org/co/-/co-4.6.0.tgz 7118ms (cache miss)
1228 http fetch GET 200 https://registry.npmjs.org/ast-types-flow/-/ast-types-flow-0.0.7.tgz 7085ms (cache miss)
1229 http fetch GET 200 https://registry.npmjs.org/dedent/-/dedent-0.7.0.tgz 7151ms (cache miss)
1230 http fetch GET 200 https://registry.npmjs.org/cookie-signature/-/cookie-signature-1.0.6.tgz 7137ms (cache miss)
1231 http fetch GET 200 https://registry.npmjs.org/asynckit/-/asynckit-0.4.0.tgz 7087ms (cache miss)
1232 http fetch GET 200 https://registry.npmjs.org/boolbase/-/boolbase-1.0.0.tgz 7101ms (cache miss)
1233 http fetch GET 200 https://registry.npmjs.org/ms/-/ms-2.0.0.tgz 6856ms (cache miss)
1234 http fetch GET 200 https://registry.npmjs.org/type-check/-/type-check-0.3.2.tgz 6822ms (cache miss)
1235 http fetch GET 200 https://registry.npmjs.org/on-headers 5894ms (cache revalidated)
1236 silly packumentCache corgi:https://registry.npmjs.org/on-headers set size:4386 disposed:false
1237 http fetch GET 200 https://registry.npmjs.org/regenerator-transform/-/regenerator-transform-0.14.5.tgz 7625ms (cache miss)
1238 http fetch GET 200 https://registry.npmjs.org/asap/-/asap-2.0.6.tgz 7111ms (cache miss)
1239 http fetch GET 200 https://registry.npmjs.org/path-exists/-/path-exists-3.0.0.tgz 6883ms (cache miss)
1240 http fetch GET 200 https://registry.npmjs.org/array-flatten/-/array-flatten-1.1.1.tgz 6873ms (cache miss)
1241 http fetch GET 200 https://registry.npmjs.org/prelude-ls/-/prelude-ls-1.1.2.tgz 6856ms (cache miss)
1242 http fetch GET 200 https://registry.npmjs.org/core-js-compat/-/core-js-compat-3.20.2.tgz 7176ms (cache miss)
1243 http fetch GET 200 https://registry.npmjs.org/qs/-/qs-6.9.6.tgz 7601ms (cache miss)
1244 http fetch GET 200 https://registry.npmjs.org/postcss-merge-longhand/-/postcss-merge-longhand-5.0.4.tgz 7564ms (cache miss)
1245 http fetch GET 200 https://registry.npmjs.org/rollup 5929ms (cache revalidated)
1246 silly packumentCache corgi:https://registry.npmjs.org/rollup set size:2564296 disposed:false
1247 http fetch GET 200 https://registry.npmjs.org/webpack 5965ms (cache revalidated)
1248 silly packumentCache corgi:https://registry.npmjs.org/webpack set size:2010767 disposed:false
1249 http fetch GET 200 https://registry.npmjs.org/expect/-/expect-27.4.6.tgz 7350ms (cache miss)
1250 http fetch GET 200 https://registry.npmjs.org/http-errors/-/http-errors-1.6.3.tgz 6999ms (cache miss)
1251 http fetch GET 200 https://registry.npmjs.org/strip-bom/-/strip-bom-3.0.0.tgz 7003ms (cache miss)
1252 http fetch GET 200 https://registry.npmjs.org/@types/json5/-/json5-0.0.29.tgz 7196ms (cache miss)
1253 http fetch GET 200 https://registry.npmjs.org/@babel/eslint-parser/-/eslint-parser-7.16.5.tgz 7027ms (cache miss)
1254 http fetch GET 200 https://registry.npmjs.org/ms/-/ms-2.0.0.tgz 7000ms (cache miss)
1255 http fetch GET 200 https://registry.npmjs.org/ms/-/ms-2.0.0.tgz 7015ms (cache miss)
1256 http fetch GET 200 https://registry.npmjs.org/ms/-/ms-2.0.0.tgz 6997ms (cache miss)
1257 http fetch GET 200 https://registry.npmjs.org/ms/-/ms-2.0.0.tgz 6979ms (cache miss)
1258 http fetch GET 200 https://registry.npmjs.org/ms/-/ms-2.0.0.tgz 6982ms (cache miss)
1259 http fetch GET 200 https://registry.npmjs.org/ms/-/ms-2.0.0.tgz 7001ms (cache miss)
1260 http fetch GET 200 https://registry.npmjs.org/ms/-/ms-2.0.0.tgz 6979ms (cache miss)
1261 http fetch GET 200 https://registry.npmjs.org/jsesc/-/jsesc-0.5.0.tgz 7015ms (cache miss)
1262 http fetch GET 200 https://registry.npmjs.org/levn/-/levn-0.3.0.tgz 6984ms (cache miss)
1263 http fetch GET 200 https://registry.npmjs.org/psl/-/psl-1.8.0.tgz 7748ms (cache miss)
1264 http fetch GET 200 https://registry.npmjs.org/stylehacks/-/stylehacks-5.0.1.tgz 7864ms (cache miss)
1265 http fetch GET 200 https://registry.npmjs.org/path-exists/-/path-exists-3.0.0.tgz 7017ms (cache miss)
1266 http fetch GET 200 https://registry.npmjs.org/brace-expansion 6088ms (cache updated)
1267 silly packumentCache corgi:https://registry.npmjs.org/brace-expansion set size:undefined disposed:false
1268 http fetch GET 200 https://registry.npmjs.org/ws/-/ws-7.5.6.tgz 7994ms (cache miss)
1269 http fetch GET 200 https://registry.npmjs.org/react-error-overlay/-/react-error-overlay-6.0.10.tgz 7801ms (cache miss)
1270 http fetch GET 200 https://registry.npmjs.org/object-inspect/-/object-inspect-1.12.0.tgz 7675ms (cache miss)
1271 http fetch GET 200 https://registry.npmjs.org/tough-cookie/-/tough-cookie-4.0.0.tgz 7950ms (cache miss)
1272 http fetch GET 200 https://registry.npmjs.org/@jest/reporters/-/reporters-27.4.6.tgz 7248ms (cache miss)
1273 http fetch GET 200 https://registry.npmjs.org/@testing-library/jest-dom/-/jest-dom-5.16.1.tgz 7281ms (cache miss)
1274 http fetch GET 200 https://registry.npmjs.org/react/-/react-17.0.2.tgz 7844ms (cache miss)
1275 http fetch GET 200 https://registry.npmjs.org/json5/-/json5-2.2.0.tgz 7659ms (cache miss)
1276 http fetch GET 200 https://registry.npmjs.org/@babel/generator/-/generator-7.16.7.tgz 7140ms (cache miss)
1277 http fetch GET 200 https://registry.npmjs.org/lz-string/-/lz-string-1.4.4.tgz 7701ms (cache miss)
1278 http fetch GET 200 https://registry.npmjs.org/lodash 6167ms (cache updated)
1279 silly packumentCache corgi:https://registry.npmjs.org/lodash set size:undefined disposed:false
1280 http fetch GET 200 https://registry.npmjs.org/cosmiconfig/-/cosmiconfig-7.0.1.tgz 7425ms (cache miss)
1281 http fetch GET 200 https://registry.npmjs.org/acorn/-/acorn-8.7.0.tgz 7362ms (cache miss)
1282 http fetch GET 200 https://registry.npmjs.org/@apideck/better-ajv-errors/-/better-ajv-errors-0.3.2.tgz 7161ms (cache miss)
1283 http fetch GET 200 https://registry.npmjs.org/jest-config/-/jest-config-27.4.7.tgz 7659ms (cache miss)
1284 http fetch GET 200 https://registry.npmjs.org/terser 6175ms (cache miss)
1285 silly packumentCache corgi:https://registry.npmjs.org/terser set size:undefined disposed:false
1286 http fetch GET 200 https://registry.npmjs.org/semver 6232ms (cache updated)
1287 silly packumentCache corgi:https://registry.npmjs.org/semver set size:undefined disposed:false
1288 http fetch GET 200 https://registry.npmjs.org/css-select/-/css-select-4.2.1.tgz 7462ms (cache miss)
1289 http fetch GET 200 https://registry.npmjs.org/webpack-dev-middleware/-/webpack-dev-middleware-5.3.0.tgz 8054ms (cache miss)
1290 http fetch GET 200 https://registry.npmjs.org/react-scripts/-/react-scripts-5.0.0.tgz 7928ms (cache miss)
1291 http fetch GET 200 https://registry.npmjs.org/scheduler/-/scheduler-0.20.2.tgz 7997ms (cache miss)
1292 http fetch GET 200 https://registry.npmjs.org/workbox-cacheable-response/-/workbox-cacheable-response-6.4.2.tgz 8129ms (cache miss)
1293 http fetch GET 200 https://registry.npmjs.org/jest-haste-map/-/jest-haste-map-27.4.6.tgz 7751ms (cache miss)
1294 http fetch GET 200 https://registry.npmjs.org/exit/-/exit-0.1.2.tgz 7605ms (cache miss)
1295 http fetch GET 200 https://registry.npmjs.org/workbox-navigation-preload/-/workbox-navigation-preload-6.4.2.tgz 8179ms (cache miss)
1296 http fetch GET 200 https://registry.npmjs.org/colord/-/colord-2.9.2.tgz 7527ms (cache miss)
1297 http fetch GET 200 https://registry.npmjs.org/react-dev-utils/-/react-dev-utils-12.0.0.tgz 8015ms (cache miss)
1298 http fetch GET 200 https://registry.npmjs.org/memfs/-/memfs-3.4.1.tgz 7855ms (cache miss)
1299 http fetch GET 200 https://registry.npmjs.org/tr46/-/tr46-1.0.1.tgz 7308ms (cache miss)
1300 http fetch GET 200 https://registry.npmjs.org/source-map/-/source-map-0.7.3.tgz 7307ms (cache miss)
1301 http fetch GET 200 https://registry.npmjs.org/@babel/helper-define-polyfill-provider/-/helper-define-polyfill-provider-0.3.0.tgz 7350ms (cache miss)
1302 http fetch GET 200 https://registry.npmjs.org/tsconfig-paths/-/tsconfig-paths-3.12.0.tgz 8186ms (cache miss)
1303 http fetch GET 200 https://registry.npmjs.org/workbox-google-analytics/-/workbox-google-analytics-6.4.2.tgz 8241ms (cache miss)
1304 http fetch GET 200 https://registry.npmjs.org/source-map/-/source-map-0.7.3.tgz 7296ms (cache miss)
1305 http fetch GET 200 https://registry.npmjs.org/workbox-broadcast-update/-/workbox-broadcast-update-6.4.2.tgz 8250ms (cache miss)
1306 http fetch GET 200 https://registry.npmjs.org/source-map/-/source-map-0.7.3.tgz 7375ms (cache miss)
1307 http fetch GET 200 https://registry.npmjs.org/promise/-/promise-8.1.0.tgz 8098ms (cache miss)
1308 http fetch GET 200 https://registry.npmjs.org/postcss-selector-parser/-/postcss-selector-parser-6.0.8.tgz 8102ms (cache miss)
1309 http fetch GET 200 https://registry.npmjs.org/hpack.js/-/hpack.js-2.1.6.tgz 7866ms (cache miss)
1310 http fetch GET 200 https://registry.npmjs.org/workbox-range-requests/-/workbox-range-requests-6.4.2.tgz 8371ms (cache miss)
1311 http fetch GET 200 https://registry.npmjs.org/jest-jasmine2/-/jest-jasmine2-27.4.6.tgz 7968ms (cache miss)
1312 silly packumentCache corgi:https://registry.npmjs.org/core-js-compat cache-miss
1313 silly packumentCache corgi:https://registry.npmjs.org/@typescript-eslint%2feslint-plugin cache-miss
1314 silly packumentCache corgi:https://registry.npmjs.org/@typescript-eslint%2ftypescript-estree cache-miss
1315 silly packumentCache corgi:https://registry.npmjs.org/css-loader cache-miss
1316 silly packumentCache corgi:https://registry.npmjs.org/eslint cache-miss
1317 silly packumentCache corgi:https://registry.npmjs.org/fork-ts-checker-webpack-plugin cache-miss
1318 silly packumentCache corgi:https://registry.npmjs.org/jest-snapshot cache-miss
1319 silly packumentCache corgi:https://registry.npmjs.org/postcss-loader cache-miss
1320 silly packumentCache corgi:https://registry.npmjs.org/react-scripts cache-miss
1321 http fetch GET 200 https://registry.npmjs.org/@babel/traverse/-/traverse-7.16.7.tgz 7673ms (cache miss)
1322 http fetch GET 200 https://registry.npmjs.org/fs-extra/-/fs-extra-10.0.0.tgz 7945ms (cache miss)
1323 http fetch GET 200 https://registry.npmjs.org/workbox-expiration/-/workbox-expiration-6.4.2.tgz 8448ms (cache miss)
1324 http fetch GET 200 https://registry.npmjs.org/enhanced-resolve/-/enhanced-resolve-5.8.3.tgz 7863ms (cache miss)
1325 http fetch GET 200 https://registry.npmjs.org/jake/-/jake-10.8.2.tgz 8067ms (cache miss)
1326 http fetch GET 200 https://registry.npmjs.org/enquirer/-/enquirer-2.3.6.tgz 7878ms (cache miss)
1327 http fetch GET 200 https://registry.npmjs.org/postcss/-/postcss-8.4.5.tgz 8229ms (cache miss)
1328 http fetch GET 200 https://registry.npmjs.org/idb/-/idb-6.1.5.tgz 8039ms (cache miss)
1329 http fetch GET 200 https://registry.npmjs.org/workbox-recipes/-/workbox-recipes-6.4.2.tgz 8495ms (cache miss)
1330 http fetch GET 200 https://registry.npmjs.org/eslint-plugin-testing-library/-/eslint-plugin-testing-library-5.0.3.tgz 7949ms (cache miss)
1331 http fetch GET 200 https://registry.npmjs.org/semver/-/semver-7.0.0.tgz 7572ms (cache miss)
1332 http fetch GET 200 https://registry.npmjs.org/workbox-streams/-/workbox-streams-6.4.2.tgz 8548ms (cache miss)
1333 http fetch GET 200 https://registry.npmjs.org/semver/-/semver-7.3.5.tgz 8439ms (cache miss)
1334 http fetch GET 200 https://registry.npmjs.org/fast-glob/-/fast-glob-3.2.10.tgz 8034ms (cache miss)
1335 http fetch GET 200 https://registry.npmjs.org/@typescript-eslint/type-utils/-/type-utils-5.9.0.tgz 7931ms (cache miss)
1336 http fetch GET 200 https://registry.npmjs.org/@eslint/eslintrc/-/eslintrc-1.0.5.tgz 7873ms (cache miss)
1337 http fetch GET 200 https://registry.npmjs.org/workbox-background-sync/-/workbox-background-sync-6.4.2.tgz 8667ms (cache miss)
1338 http fetch GET 200 https://registry.npmjs.org/@pmmmwh/react-refresh-webpack-plugin/-/react-refresh-webpack-plugin-0.5.4.tgz 8065ms (cache miss)
1339 http fetch GET 200 https://registry.npmjs.org/react-scripts 497ms (cache revalidated)
1340 silly packumentCache corgi:https://registry.npmjs.org/react-scripts set size:342451 disposed:false
1341 http fetch GET 200 https://registry.npmjs.org/dom-accessibility-api/-/dom-accessibility-api-0.5.10.tgz 8284ms (cache miss)
1342 http fetch GET 200 https://registry.npmjs.org/eslint 521ms (cache revalidated)
1343 silly packumentCache corgi:https://registry.npmjs.org/eslint set size:1154211 disposed:false
1344 http fetch GET 200 https://registry.npmjs.org/css-loader 542ms (cache revalidated)
1345 silly packumentCache corgi:https://registry.npmjs.org/css-loader set size:243401 disposed:false
1346 http fetch GET 200 https://registry.npmjs.org/postcss-loader 567ms (cache revalidated)
1347 silly packumentCache corgi:https://registry.npmjs.org/postcss-loader set size:134258 disposed:false
1348 http fetch GET 200 https://registry.npmjs.org/fork-ts-checker-webpack-plugin 574ms (cache revalidated)
1349 silly packumentCache corgi:https://registry.npmjs.org/fork-ts-checker-webpack-plugin set size:592540 disposed:false
1350 http fetch GET 200 https://registry.npmjs.org/core-js-compat 615ms (cache miss)
1351 silly packumentCache corgi:https://registry.npmjs.org/core-js-compat set size:undefined disposed:false
1352 http fetch GET 200 https://registry.npmjs.org/react-router-dom/-/react-router-dom-5.3.0.tgz 8853ms (cache miss)
1353 http fetch GET 200 https://registry.npmjs.org/source-map/-/source-map-0.5.7.tgz 8958ms (cache miss)
1354 http fetch GET 200 https://registry.npmjs.org/autoprefixer/-/autoprefixer-10.4.2.tgz 8394ms (cache miss)
1355 warn deprecated svgo@1.3.2: This SVGO version is no longer supported. Upgrade to v2.x.x.
1356 http fetch GET 200 https://registry.npmjs.org/@jest/core/-/core-27.4.7.tgz 8339ms (cache miss)
1357 http fetch GET 200 https://registry.npmjs.org/react-router/-/react-router-5.2.1.tgz 8941ms (cache miss)
1358 http fetch GET 200 https://registry.npmjs.org/web-vitals/-/web-vitals-2.1.3.tgz 9097ms (cache miss)
1359 http fetch GET 200 https://registry.npmjs.org/istanbul-reports/-/istanbul-reports-3.1.3.tgz 8744ms (cache miss)
1360 http fetch GET 200 https://registry.npmjs.org/language-subtag-registry/-/language-subtag-registry-0.3.21.tgz 8804ms (cache miss)
1361 http fetch GET 200 https://registry.npmjs.org/serve-index/-/serve-index-1.9.1.tgz 9079ms (cache miss)
1362 http fetch GET 200 https://registry.npmjs.org/workbox-routing/-/workbox-routing-6.4.2.tgz 9217ms (cache miss)
1363 http fetch GET 200 https://registry.npmjs.org/@babel/core/-/core-7.16.7.tgz 8313ms (cache miss)
1364 http fetch GET 200 https://registry.npmjs.org/webpack-dev-server/-/webpack-dev-server-4.7.2.tgz 9155ms (cache miss)
1365 http fetch GET 200 https://registry.npmjs.org/workbox-strategies/-/workbox-strategies-6.4.2.tgz 9253ms (cache miss)
1366 http fetch GET 200 https://registry.npmjs.org/workbox-window/-/workbox-window-6.4.2.tgz 9268ms (cache miss)
1367 http fetch GET 200 https://registry.npmjs.org/eslint-plugin-jest/-/eslint-plugin-jest-25.3.4.tgz 8682ms (cache miss)
1368 http fetch GET 200 https://registry.npmjs.org/@babel/parser/-/parser-7.16.7.tgz 8395ms (cache miss)
1369 http fetch GET 200 https://registry.npmjs.org/jsx-ast-utils/-/jsx-ast-utils-3.2.1.tgz 8919ms (cache miss)
1370 http fetch GET 200 https://registry.npmjs.org/@typescript-eslint/typescript-estree/-/typescript-estree-5.9.0.tgz 8595ms (cache miss)
1371 http fetch GET 200 https://registry.npmjs.org/jest-snapshot 921ms (cache updated)
1372 silly packumentCache corgi:https://registry.npmjs.org/jest-snapshot set size:undefined disposed:false
1373 http fetch GET 200 https://registry.npmjs.org/immer/-/immer-9.0.7.tgz 8907ms (cache miss)
1374 http fetch GET 200 https://registry.npmjs.org/axe-core/-/axe-core-4.3.5.tgz 8801ms (cache miss)
1375 http fetch GET 200 https://registry.npmjs.org/workbox-precaching/-/workbox-precaching-6.4.2.tgz 9558ms (cache miss)
1376 http fetch GET 200 https://registry.npmjs.org/async/-/async-2.6.3.tgz 8887ms (cache miss)
1377 http fetch GET 200 https://registry.npmjs.org/@types/node/-/node-17.0.8.tgz 8882ms (cache miss)
1378 http fetch GET 200 https://registry.npmjs.org/eslint-plugin-react/-/eslint-plugin-react-7.28.0.tgz 9065ms (cache miss)
1379 http fetch GET 200 https://registry.npmjs.org/@babel/runtime/-/runtime-7.16.7.tgz 8860ms (cache miss)
1380 http fetch GET 200 https://registry.npmjs.org/clean-css/-/clean-css-5.2.2.tgz 9001ms (cache miss)
1381 http fetch GET 200 https://registry.npmjs.org/workbox-core/-/workbox-core-6.4.2.tgz 9656ms (cache miss)
1382 http fetch GET 200 https://registry.npmjs.org/terser/-/terser-5.10.0.tgz 9601ms (cache miss)
1383 http fetch GET 200 https://registry.npmjs.org/resolve/-/resolve-1.21.0.tgz 9534ms (cache miss)
1384 http fetch GET 200 https://registry.npmjs.org/@typescript-eslint/experimental-utils/-/experimental-utils-5.9.0.tgz 9007ms (cache miss)
1385 http fetch GET 200 https://registry.npmjs.org/eslint-plugin-import/-/eslint-plugin-import-2.25.4.tgz 9112ms (cache miss)
1386 http fetch GET 200 https://registry.npmjs.org/node-forge/-/node-forge-0.10.0.tgz 9396ms (cache miss)
1387 http fetch GET 200 https://registry.npmjs.org/@testing-library/dom/-/dom-8.11.1.tgz 9015ms (cache miss)
1388 http fetch GET 200 https://registry.npmjs.org/resolve/-/resolve-2.0.0-next.3.tgz 8826ms (cache miss)
1389 http fetch GET 200 https://registry.npmjs.org/workbox-build/-/workbox-build-6.4.2.tgz 9764ms (cache miss)
1390 http fetch GET 200 https://registry.npmjs.org/react-dom/-/react-dom-17.0.2.tgz 9629ms (cache miss)
1391 http fetch GET 200 https://registry.npmjs.org/@babel/types/-/types-7.16.7.tgz 9030ms (cache miss)
1392 http fetch GET 200 https://registry.npmjs.org/aria-query/-/aria-query-5.0.0.tgz 8986ms (cache miss)
1393 http fetch GET 200 https://registry.npmjs.org/aria-query/-/aria-query-5.0.0.tgz 8989ms (cache miss)
1394 http fetch GET 200 https://registry.npmjs.org/fork-ts-checker-webpack-plugin/-/fork-ts-checker-webpack-plugin-6.5.0.tgz 9492ms (cache miss)
1395 http fetch GET 200 https://registry.npmjs.org/eslint-plugin-jsx-a11y/-/eslint-plugin-jsx-a11y-6.5.1.tgz 9464ms (cache miss)
1396 http fetch GET 200 https://registry.npmjs.org/rollup/-/rollup-2.63.0.tgz 10042ms (cache miss)
1397 http fetch GET 200 https://registry.npmjs.org/@testing-library/react/-/react-12.1.2.tgz 9519ms (cache miss)
1398 http fetch GET 200 https://registry.npmjs.org/regenerate-unicode-properties/-/regenerate-unicode-properties-9.0.0.tgz 10206ms (cache miss)
1399 http fetch GET 200 https://registry.npmjs.org/tailwindcss/-/tailwindcss-3.0.12.tgz 10360ms (cache miss)
1400 http fetch GET 200 https://registry.npmjs.org/@babel/runtime-corejs3/-/runtime-corejs3-7.16.7.tgz 9773ms (cache miss)
1401 http fetch GET 200 https://registry.npmjs.org/@typescript-eslint/scope-manager/-/scope-manager-5.9.0.tgz 9894ms (cache miss)
1402 http fetch GET 200 https://registry.npmjs.org/ajv/-/ajv-8.8.2.tgz 9982ms (cache miss)
1403 http fetch GET 200 https://registry.npmjs.org/ajv/-/ajv-8.8.2.tgz 9978ms (cache miss)
1404 http fetch GET 200 https://registry.npmjs.org/ajv/-/ajv-8.8.2.tgz 9967ms (cache miss)
1405 http fetch GET 200 https://registry.npmjs.org/ajv/-/ajv-8.8.2.tgz 9935ms (cache miss)
1406 http fetch GET 200 https://registry.npmjs.org/ajv/-/ajv-8.8.2.tgz 9990ms (cache miss)
1407 http fetch GET 200 https://registry.npmjs.org/ajv/-/ajv-8.8.2.tgz 9970ms (cache miss)
1408 http fetch GET 200 https://registry.npmjs.org/@typescript-eslint%2ftypescript-estree 2578ms (cache updated)
1409 silly packumentCache corgi:https://registry.npmjs.org/@typescript-eslint%2ftypescript-estree set size:undefined disposed:false
1410 http fetch GET 200 https://registry.npmjs.org/@typescript-eslint/eslint-plugin/-/eslint-plugin-5.9.0.tgz 10461ms (cache miss)
1411 http fetch GET 200 https://registry.npmjs.org/eslint/-/eslint-8.6.0.tgz 10592ms (cache miss)
1412 http fetch GET 200 https://registry.npmjs.org/@typescript-eslint%2feslint-plugin 2857ms (cache updated)
1413 silly packumentCache corgi:https://registry.npmjs.org/@typescript-eslint%2feslint-plugin set size:undefined disposed:false
1414 silly packumentCache corgi:https://registry.npmjs.org/@babel%2fcore cache-miss
1415 silly packumentCache corgi:https://registry.npmjs.org/@babel%2feslint-parser cache-miss
1416 silly packumentCache corgi:https://registry.npmjs.org/@babel%2fhelper-compilation-targets cache-miss
1417 silly packumentCache corgi:https://registry.npmjs.org/@babel%2fhelper-define-polyfill-provider cache-miss
1418 silly packumentCache corgi:https://registry.npmjs.org/@babel%2fplugin-transform-runtime cache-miss
1419 silly packumentCache corgi:https://registry.npmjs.org/@babel%2fpreset-env cache-miss
1420 silly packumentCache corgi:https://registry.npmjs.org/babel-plugin-polyfill-corejs2 cache-miss
1421 silly packumentCache corgi:https://registry.npmjs.org/eslint-plugin-react cache-miss
1422 silly packumentCache corgi:https://registry.npmjs.org/istanbul-lib-instrument cache-miss
1423 silly packumentCache corgi:https://registry.npmjs.org/make-dir cache-miss
1424 http fetch GET 200 https://registry.npmjs.org/istanbul-lib-instrument 566ms (cache revalidated)
1425 silly packumentCache corgi:https://registry.npmjs.org/istanbul-lib-instrument set size:100602 disposed:false
1426 http fetch GET 200 https://registry.npmjs.org/eslint-plugin-react 613ms (cache revalidated)
1427 silly packumentCache corgi:https://registry.npmjs.org/eslint-plugin-react set size:309843 disposed:false
1428 http fetch GET 200 https://registry.npmjs.org/make-dir 630ms (cache revalidated)
1429 silly packumentCache corgi:https://registry.npmjs.org/make-dir set size:16389 disposed:false
1430 http fetch GET 200 https://registry.npmjs.org/babel-plugin-polyfill-corejs2 638ms (cache revalidated)
1431 silly packumentCache corgi:https://registry.npmjs.org/babel-plugin-polyfill-corejs2 set size:66942 disposed:false
1432 http fetch GET 200 https://registry.npmjs.org/@babel%2fhelper-define-polyfill-provider 646ms (cache revalidated)
1433 silly packumentCache corgi:https://registry.npmjs.org/@babel%2fhelper-define-polyfill-provider set size:61772 disposed:false
1434 http fetch GET 200 https://registry.npmjs.org/@babel%2fplugin-transform-runtime 651ms (cache revalidated)
1435 silly packumentCache corgi:https://registry.npmjs.org/@babel%2fplugin-transform-runtime set size:250543 disposed:false
1436 http fetch GET 200 https://registry.npmjs.org/@babel%2fhelper-compilation-targets 658ms (cache revalidated)
1437 silly packumentCache corgi:https://registry.npmjs.org/@babel%2fhelper-compilation-targets set size:123964 disposed:false
1438 http fetch GET 200 https://registry.npmjs.org/@babel%2feslint-parser 665ms (cache revalidated)
1439 silly packumentCache corgi:https://registry.npmjs.org/@babel%2feslint-parser set size:117909 disposed:false
1440 http fetch GET 200 https://registry.npmjs.org/@babel%2fcore 677ms (cache revalidated)
1441 silly packumentCache corgi:https://registry.npmjs.org/@babel%2fcore set size:411934 disposed:false
1442 http fetch GET 200 https://registry.npmjs.org/@babel%2fpreset-env 690ms (cache revalidated)
1443 silly packumentCache corgi:https://registry.npmjs.org/@babel%2fpreset-env set size:938936 disposed:false
1444 http fetch GET 200 https://registry.npmjs.org/caniuse-lite/-/caniuse-lite-1.0.30001298.tgz 11561ms (cache miss)
1445 silly packumentCache corgi:https://registry.npmjs.org/@testing-library%2fdom cache-miss
1446 silly packumentCache corgi:https://registry.npmjs.org/@testing-library%2fjest-dom cache-miss
1447 silly packumentCache corgi:https://registry.npmjs.org/@testing-library%2freact cache-miss
1448 silly packumentCache corgi:https://registry.npmjs.org/@testing-library%2fuser-event cache-miss
1449 silly packumentCache corgi:https://registry.npmjs.org/aria-query cache-miss
1450 silly packumentCache corgi:https://registry.npmjs.org/babel-plugin-macros cache-miss
1451 silly packumentCache corgi:https://registry.npmjs.org/babel-preset-react-app cache-miss
1452 silly packumentCache corgi:https://registry.npmjs.org/eslint-plugin-jsx-a11y cache-miss
1453 silly packumentCache corgi:https://registry.npmjs.org/history cache-miss
1454 silly packumentCache corgi:https://registry.npmjs.org/mini-create-react-context cache-miss
1455 silly packumentCache corgi:https://registry.npmjs.org/react-router cache-miss
1456 silly packumentCache corgi:https://registry.npmjs.org/react-router-dom cache-miss
1457 silly packumentCache corgi:https://registry.npmjs.org/regenerator-transform cache-miss
1458 silly packumentCache corgi:https://registry.npmjs.org/workbox-build cache-miss
1459 http fetch GET 200 https://registry.npmjs.org/history 189ms (cache miss)
1460 silly packumentCache corgi:https://registry.npmjs.org/history set size:undefined disposed:false
1461 http fetch GET 200 https://registry.npmjs.org/babel-preset-react-app 301ms (cache revalidated)
1462 silly packumentCache corgi:https://registry.npmjs.org/babel-preset-react-app set size:147133 disposed:false
1463 http fetch GET 200 https://registry.npmjs.org/webpack/-/webpack-5.65.0.tgz 12619ms (cache miss)
1464 http fetch GET 200 https://registry.npmjs.org/@testing-library%2fdom 346ms (cache revalidated)
1465 silly packumentCache corgi:https://registry.npmjs.org/@testing-library%2fdom set size:406574 disposed:false
1466 http fetch GET 200 https://registry.npmjs.org/eslint-plugin-jsx-a11y 359ms (cache revalidated)
1467 silly packumentCache corgi:https://registry.npmjs.org/eslint-plugin-jsx-a11y set size:108835 disposed:false
1468 http fetch GET 200 https://registry.npmjs.org/babel-plugin-macros 365ms (cache revalidated)
1469 silly packumentCache corgi:https://registry.npmjs.org/babel-plugin-macros set size:48216 disposed:false
1470 http fetch GET 200 https://registry.npmjs.org/aria-query 366ms (cache revalidated)
1471 silly packumentCache corgi:https://registry.npmjs.org/aria-query set size:41591 disposed:false
1472 http fetch GET 200 https://registry.npmjs.org/@testing-library%2fuser-event 369ms (cache revalidated)
1473 silly packumentCache corgi:https://registry.npmjs.org/@testing-library%2fuser-event set size:377831 disposed:false
1474 http fetch GET 200 https://registry.npmjs.org/regenerator-transform 366ms (cache revalidated)
1475 silly packumentCache corgi:https://registry.npmjs.org/regenerator-transform set size:38635 disposed:false
1476 http fetch GET 200 https://registry.npmjs.org/@testing-library%2freact 376ms (cache revalidated)
1477 silly packumentCache corgi:https://registry.npmjs.org/@testing-library%2freact set size:206208 disposed:false
1478 http fetch GET 200 https://registry.npmjs.org/workbox-build 370ms (cache revalidated)
1479 silly packumentCache corgi:https://registry.npmjs.org/workbox-build set size:194410 disposed:false
1480 http fetch GET 200 https://registry.npmjs.org/@testing-library%2fjest-dom 385ms (cache revalidated)
1481 silly packumentCache corgi:https://registry.npmjs.org/@testing-library%2fjest-dom set size:135208 disposed:false
1482 http fetch GET 200 https://registry.npmjs.org/mini-create-react-context 394ms (cache miss)
1483 silly packumentCache corgi:https://registry.npmjs.org/mini-create-react-context set size:undefined disposed:false
1484 http fetch GET 200 https://registry.npmjs.org/react-router-dom 436ms (cache miss)
1485 silly packumentCache corgi:https://registry.npmjs.org/react-router-dom set size:undefined disposed:false
1486 http fetch GET 200 https://registry.npmjs.org/react-router 532ms (cache miss)
1487 silly packumentCache corgi:https://registry.npmjs.org/react-router set size:undefined disposed:false
1488 silly packumentCache corgi:https://registry.npmjs.org/@babel%2fhelper-module-transforms cache-miss
1489 silly packumentCache corgi:https://registry.npmjs.org/@babel%2fhelper-replace-supers cache-miss
1490 silly packumentCache corgi:https://registry.npmjs.org/@babel%2fhelper-wrap-function cache-miss
1491 http fetch GET 200 https://registry.npmjs.org/es-abstract/-/es-abstract-1.19.1.tgz 12383ms (cache miss)
1492 http fetch GET 200 https://registry.npmjs.org/@babel%2fhelper-replace-supers 86ms (cache revalidated)
1493 silly packumentCache corgi:https://registry.npmjs.org/@babel%2fhelper-replace-supers set size:141080 disposed:false
1494 http fetch GET 200 https://registry.npmjs.org/@babel%2fhelper-wrap-function 88ms (cache revalidated)
1495 silly packumentCache corgi:https://registry.npmjs.org/@babel%2fhelper-wrap-function set size:111961 disposed:false
1496 http fetch GET 200 https://registry.npmjs.org/@babel%2fhelper-module-transforms 96ms (cache revalidated)
1497 silly packumentCache corgi:https://registry.npmjs.org/@babel%2fhelper-module-transforms set size:182813 disposed:false
1498 silly packumentCache corgi:https://registry.npmjs.org/@istanbuljs%2fload-nyc-config cache-miss
1499 http fetch GET 200 https://registry.npmjs.org/@istanbuljs%2fload-nyc-config 81ms (cache revalidated)
1500 silly packumentCache corgi:https://registry.npmjs.org/@istanbuljs%2fload-nyc-config set size:8602 disposed:false
1501 silly packumentCache corgi:https://registry.npmjs.org/@eslint%2feslintrc cache-miss
1502 http fetch GET 200 https://registry.npmjs.org/@eslint%2feslintrc 107ms (cache revalidated)
1503 silly packumentCache corgi:https://registry.npmjs.org/@eslint%2feslintrc set size:83205 disposed:false
1504 silly packumentCache corgi:https://registry.npmjs.org/http-proxy-agent cache-miss
1505 http fetch GET 200 https://registry.npmjs.org/http-proxy-agent 57ms (cache revalidated)
1506 silly packumentCache corgi:https://registry.npmjs.org/http-proxy-agent set size:24577 disposed:false
1507 silly packumentCache corgi:https://registry.npmjs.org/ajv-keywords cache-miss
1508 silly packumentCache corgi:https://registry.npmjs.org/schema-utils cache-miss
1509 http fetch GET 200 https://registry.npmjs.org/ajv-keywords 123ms (cache revalidated)
1510 silly packumentCache corgi:https://registry.npmjs.org/ajv-keywords set size:53509 disposed:false
1511 http fetch GET 200 https://registry.npmjs.org/schema-utils 129ms (cache revalidated)
1512 silly packumentCache corgi:https://registry.npmjs.org/schema-utils set size:76871 disposed:false
1513 silly packumentCache corgi:https://registry.npmjs.org/ajv-formats cache-miss
1514 silly packumentCache corgi:https://registry.npmjs.org/@apideck%2fbetter-ajv-errors cache-miss
1515 http fetch GET 200 https://registry.npmjs.org/ajv-formats 243ms (cache revalidated)
1516 silly packumentCache corgi:https://registry.npmjs.org/ajv-formats set size:63554 disposed:false
1517 http fetch GET 200 https://registry.npmjs.org/@apideck%2fbetter-ajv-errors 279ms (cache revalidated)
1518 silly packumentCache corgi:https://registry.npmjs.org/@apideck%2fbetter-ajv-errors set size:26424 disposed:false
1519 silly packumentCache corgi:https://registry.npmjs.org/portfinder cache-miss
1520 http fetch GET 200 https://registry.npmjs.org/portfinder 50ms (cache miss)
1521 silly packumentCache corgi:https://registry.npmjs.org/portfinder set size:undefined disposed:false
1522 silly packumentCache corgi:https://registry.npmjs.org/tsconfig-paths cache-miss
1523 http fetch GET 200 https://registry.npmjs.org/core-js-pure/-/core-js-pure-3.20.2.tgz 13218ms (cache miss)
1524 http fetch GET 200 https://registry.npmjs.org/core-js/-/core-js-3.20.2.tgz 13220ms (cache miss)
1525 http fetch GET 200 https://registry.npmjs.org/tsconfig-paths 150ms (cache revalidated)
1526 silly packumentCache corgi:https://registry.npmjs.org/tsconfig-paths set size:71035 disposed:false
1527 silly packumentCache corgi:https://registry.npmjs.org/@surma%2frollup-plugin-off-main-thread cache-miss
1528 http fetch GET 200 https://registry.npmjs.org/@surma%2frollup-plugin-off-main-thread 151ms (cache revalidated)
1529 silly packumentCache corgi:https://registry.npmjs.org/@surma%2frollup-plugin-off-main-thread set size:22447 disposed:false
1530 silly packumentCache corgi:https://registry.npmjs.org/react-dev-utils cache-miss
1531 http fetch GET 200 https://registry.npmjs.org/typescript/-/typescript-4.5.4.tgz 14044ms (cache miss)
1532 info run core-js@3.20.2 postinstall node_modules/core-js node -e "try{require('./postinstall')}catch(e){}"
1533 http fetch GET 200 https://registry.npmjs.org/react-dev-utils 223ms (cache revalidated)
1534 silly packumentCache corgi:https://registry.npmjs.org/react-dev-utils set size:182128 disposed:false
1535 info run core-js@3.20.2 postinstall { code: 0, signal: null }
1536 info run core-js-pure@3.20.2 postinstall node_modules/core-js-pure node -e "try{require('./postinstall')}catch(e){}"
1537 silly packumentCache corgi:https://registry.npmjs.org/@pmmmwh%2freact-refresh-webpack-plugin cache-miss
1538 silly packumentCache corgi:https://registry.npmjs.org/@svgr%2fwebpack cache-miss
1539 silly packumentCache corgi:https://registry.npmjs.org/adjust-sourcemap-loader cache-miss
1540 silly packumentCache corgi:https://registry.npmjs.org/file-loader cache-miss
1541 silly packumentCache corgi:https://registry.npmjs.org/resolve-url-loader cache-miss
1542 info run core-js-pure@3.20.2 postinstall { code: 0, signal: null }
1543 http fetch GET 200 https://registry.npmjs.org/adjust-sourcemap-loader 870ms (cache miss)
1544 silly packumentCache corgi:https://registry.npmjs.org/adjust-sourcemap-loader set size:undefined disposed:false
1545 http fetch GET 200 https://registry.npmjs.org/resolve-url-loader 871ms (cache revalidated)
1546 silly packumentCache corgi:https://registry.npmjs.org/resolve-url-loader set size:61938 disposed:false
1547 http fetch GET 200 https://registry.npmjs.org/file-loader 930ms (cache revalidated)
1548 silly packumentCache corgi:https://registry.npmjs.org/file-loader set size:64354 disposed:false
1549 http fetch GET 200 https://registry.npmjs.org/@pmmmwh%2freact-refresh-webpack-plugin 939ms (cache revalidated)
1550 silly packumentCache corgi:https://registry.npmjs.org/@pmmmwh%2freact-refresh-webpack-plugin set size:206166 disposed:false
1551 http fetch GET 200 https://registry.npmjs.org/@svgr%2fwebpack 946ms (cache revalidated)
1552 silly packumentCache corgi:https://registry.npmjs.org/@svgr%2fwebpack set size:85201 disposed:false
1553 silly packumentCache corgi:https://registry.npmjs.org/babel-loader cache-miss
1554 http fetch GET 200 https://registry.npmjs.org/babel-loader 74ms (cache revalidated)
1555 silly packumentCache corgi:https://registry.npmjs.org/babel-loader set size:114589 disposed:false
1556 silly packumentCache corgi:https://registry.npmjs.org/chokidar cache-miss
1557 http fetch GET 200 https://registry.npmjs.org/chokidar 45ms (cache revalidated)
1558 silly packumentCache corgi:https://registry.npmjs.org/chokidar set size:119454 disposed:false
1559 silly packumentCache corgi:https://registry.npmjs.org/execa cache-miss
1560 http fetch GET 200 https://registry.npmjs.org/execa 50ms (cache revalidated)
1561 silly packumentCache corgi:https://registry.npmjs.org/execa set size:88813 disposed:false
1562 silly packumentCache corgi:https://registry.npmjs.org/source-map-resolve cache-miss
1563 http fetch GET 200 https://registry.npmjs.org/source-map-resolve 43ms (cache miss)
1564 silly packumentCache corgi:https://registry.npmjs.org/source-map-resolve set size:undefined disposed:false
1565 silly packumentCache corgi:https://registry.npmjs.org/flat-cache cache-miss
1566 http fetch GET 200 https://registry.npmjs.org/flat-cache 49ms (cache revalidated)
1567 silly packumentCache corgi:https://registry.npmjs.org/flat-cache set size:50282 disposed:false
1568 silly packumentCache corgi:https://registry.npmjs.org/http-proxy cache-miss
1569 http fetch GET 200 https://registry.npmjs.org/http-proxy 216ms (cache revalidated)
1570 silly packumentCache corgi:https://registry.npmjs.org/http-proxy set size:66005 disposed:false
1571 silly packumentCache corgi:https://registry.npmjs.org/jsdom cache-miss
1572 http fetch GET 200 https://registry.npmjs.org/jsdom 1495ms (cache revalidated)
1573 silly packumentCache corgi:https://registry.npmjs.org/jsdom set size:383595 disposed:false
1574 silly packumentCache corgi:https://registry.npmjs.org/dns-packet cache-miss
1575 http fetch GET 200 https://registry.npmjs.org/dns-packet 223ms (cache miss)
1576 silly packumentCache corgi:https://registry.npmjs.org/dns-packet set size:undefined disposed:false
1577 silly packumentCache corgi:https://registry.npmjs.org/eslint-plugin-flowtype cache-miss
1578 silly packumentCache corgi:https://registry.npmjs.org/html-webpack-plugin cache-miss
1579 silly packumentCache corgi:https://registry.npmjs.org/pretty-error cache-miss
1580 silly packumentCache corgi:https://registry.npmjs.org/renderkid cache-miss
1581 silly packumentCache corgi:https://registry.npmjs.org/whatwg-url cache-miss
1582 http fetch GET 200 https://registry.npmjs.org/renderkid 175ms (cache revalidated)
1583 silly packumentCache corgi:https://registry.npmjs.org/renderkid set size:28799 disposed:false
1584 http fetch GET 200 https://registry.npmjs.org/html-webpack-plugin 180ms (cache revalidated)
1585 silly packumentCache corgi:https://registry.npmjs.org/html-webpack-plugin set size:237382 disposed:false
1586 http fetch GET 200 https://registry.npmjs.org/pretty-error 184ms (cache revalidated)
1587 silly packumentCache corgi:https://registry.npmjs.org/pretty-error set size:27665 disposed:false
1588 http fetch GET 200 https://registry.npmjs.org/whatwg-url 184ms (cache revalidated)
1589 silly packumentCache corgi:https://registry.npmjs.org/whatwg-url set size:68126 disposed:false
1590 http fetch GET 200 https://registry.npmjs.org/eslint-plugin-flowtype 228ms (cache revalidated)
1591 silly packumentCache corgi:https://registry.npmjs.org/eslint-plugin-flowtype set size:279887 disposed:false
1592 silly packumentCache corgi:https://registry.npmjs.org/@jest%2fcore cache-miss
1593 silly packumentCache corgi:https://registry.npmjs.org/@jest%2ftransform cache-miss
1594 silly packumentCache corgi:https://registry.npmjs.org/eslint-webpack-plugin cache-miss
1595 silly packumentCache corgi:https://registry.npmjs.org/fast-glob cache-miss
1596 silly packumentCache corgi:https://registry.npmjs.org/jest-config cache-miss
1597 silly packumentCache corgi:https://registry.npmjs.org/jest-haste-map cache-miss
1598 silly packumentCache corgi:https://registry.npmjs.org/jest-message-util cache-miss
1599 http fetch GET 200 https://registry.npmjs.org/fast-glob 112ms (cache revalidated)
1600 silly packumentCache corgi:https://registry.npmjs.org/fast-glob set size:86036 disposed:false
1601 http fetch GET 200 https://registry.npmjs.org/eslint-webpack-plugin 115ms (cache revalidated)
1602 silly packumentCache corgi:https://registry.npmjs.org/eslint-webpack-plugin set size:74262 disposed:false
1603 http fetch GET 200 https://registry.npmjs.org/jest-message-util 161ms (cache updated)
1604 silly packumentCache corgi:https://registry.npmjs.org/jest-message-util set size:undefined disposed:false
1605 http fetch GET 200 https://registry.npmjs.org/@jest%2ftransform 176ms (cache updated)
1606 silly packumentCache corgi:https://registry.npmjs.org/@jest%2ftransform set size:undefined disposed:false
1607 http fetch GET 200 https://registry.npmjs.org/jest-haste-map 180ms (cache updated)
1608 silly packumentCache corgi:https://registry.npmjs.org/jest-haste-map set size:undefined disposed:false
1609 http fetch GET 200 https://registry.npmjs.org/@jest%2fcore 198ms (cache updated)
1610 silly packumentCache corgi:https://registry.npmjs.org/@jest%2fcore set size:undefined disposed:false
1611 http fetch GET 200 https://registry.npmjs.org/jest-config 203ms (cache updated)
1612 silly packumentCache corgi:https://registry.npmjs.org/jest-config set size:undefined disposed:false
1613 silly packumentCache corgi:https://registry.npmjs.org/@humanwhocodes%2fconfig-array cache-miss
1614 silly packumentCache corgi:https://registry.npmjs.org/eslint-plugin-import cache-miss
1615 silly packumentCache corgi:https://registry.npmjs.org/filelist cache-miss
1616 silly packumentCache corgi:https://registry.npmjs.org/glob cache-miss
1617 silly packumentCache corgi:https://registry.npmjs.org/jake cache-miss
1618 silly packumentCache corgi:https://registry.npmjs.org/recursive-readdir cache-miss
1619 silly packumentCache corgi:https://registry.npmjs.org/test-exclude cache-miss
1620 http fetch GET 200 https://registry.npmjs.org/test-exclude 110ms (cache revalidated)
1621 silly packumentCache corgi:https://registry.npmjs.org/test-exclude set size:42527 disposed:false
1622 http fetch GET 200 https://registry.npmjs.org/eslint-plugin-import 117ms (cache revalidated)
1623 silly packumentCache corgi:https://registry.npmjs.org/eslint-plugin-import set size:238396 disposed:false
1624 http fetch GET 200 https://registry.npmjs.org/glob 118ms (cache revalidated)
1625 silly packumentCache corgi:https://registry.npmjs.org/glob set size:199194 disposed:false
1626 http fetch GET 200 https://registry.npmjs.org/jake 125ms (cache revalidated)
1627 silly packumentCache corgi:https://registry.npmjs.org/jake set size:133806 disposed:false
1628 http fetch GET 200 https://registry.npmjs.org/recursive-readdir 126ms (cache revalidated)
1629 silly packumentCache corgi:https://registry.npmjs.org/recursive-readdir set size:10486 disposed:false
1630 http fetch GET 200 https://registry.npmjs.org/@humanwhocodes%2fconfig-array 141ms (cache revalidated)
1631 silly packumentCache corgi:https://registry.npmjs.org/@humanwhocodes%2fconfig-array set size:69299 disposed:false
1632 http fetch GET 200 https://registry.npmjs.org/filelist 140ms (cache revalidated)
1633 silly packumentCache corgi:https://registry.npmjs.org/filelist set size:11409 disposed:false
1634 silly packumentCache corgi:https://registry.npmjs.org/detective cache-miss
1635 silly packumentCache corgi:https://registry.npmjs.org/mkdirp cache-miss
1636 http fetch GET 200 https://registry.npmjs.org/detective 48ms (cache miss)
1637 silly packumentCache corgi:https://registry.npmjs.org/detective set size:undefined disposed:false
1638 http fetch GET 200 https://registry.npmjs.org/mkdirp 49ms (cache miss)
1639 silly packumentCache corgi:https://registry.npmjs.org/mkdirp set size:undefined disposed:false
1640 silly packumentCache corgi:https://registry.npmjs.org/selfsigned cache-miss
1641 http fetch GET 200 https://registry.npmjs.org/selfsigned 52ms (cache revalidated)
1642 silly packumentCache corgi:https://registry.npmjs.org/selfsigned set size:37003 disposed:false
1643 silly packumentCache corgi:https://registry.npmjs.org/css-select cache-miss
1644 http fetch GET 200 https://registry.npmjs.org/css-select 47ms (cache revalidated)
1645 silly packumentCache corgi:https://registry.npmjs.org/css-select set size:49649 disposed:false
1646 silly packumentCache corgi:https://registry.npmjs.org/compression cache-miss
1647 http fetch GET 200 https://registry.npmjs.org/compression 51ms (cache revalidated)
1648 silly packumentCache corgi:https://registry.npmjs.org/compression set size:31993 disposed:false
1649 silly packumentCache corgi:https://registry.npmjs.org/@rollup%2fpluginutils cache-miss
1650 silly packumentCache corgi:https://registry.npmjs.org/anymatch cache-miss
1651 silly packumentCache corgi:https://registry.npmjs.org/jest-util cache-miss
1652 silly packumentCache corgi:https://registry.npmjs.org/readdirp cache-miss
1653 http fetch GET 200 https://registry.npmjs.org/readdirp 61ms (cache revalidated)
1654 silly packumentCache corgi:https://registry.npmjs.org/readdirp set size:47123 disposed:false
1655 http fetch GET 200 https://registry.npmjs.org/anymatch 65ms (cache revalidated)
1656 silly packumentCache corgi:https://registry.npmjs.org/anymatch set size:18345 disposed:false
1657 http fetch GET 200 https://registry.npmjs.org/@rollup%2fpluginutils 84ms (cache revalidated)
1658 silly packumentCache corgi:https://registry.npmjs.org/@rollup%2fpluginutils set size:47240 disposed:false
1659 http fetch GET 200 https://registry.npmjs.org/jest-util 85ms (cache updated)
1660 silly packumentCache corgi:https://registry.npmjs.org/jest-util set size:undefined disposed:false
1661 silly packumentCache corgi:https://registry.npmjs.org/autoprefixer cache-miss
1662 silly packumentCache corgi:https://registry.npmjs.org/css-blank-pseudo cache-miss
1663 silly packumentCache corgi:https://registry.npmjs.org/css-declaration-sorter cache-miss
1664 silly packumentCache corgi:https://registry.npmjs.org/css-has-pseudo cache-miss
1665 silly packumentCache corgi:https://registry.npmjs.org/css-minimizer-webpack-plugin cache-miss
1666 silly packumentCache corgi:https://registry.npmjs.org/css-prefers-color-scheme cache-miss
1667 silly packumentCache corgi:https://registry.npmjs.org/cssnano cache-miss
1668 silly packumentCache corgi:https://registry.npmjs.org/cssnano-preset-default cache-miss
1669 silly packumentCache corgi:https://registry.npmjs.org/cssnano-utils cache-miss
1670 silly packumentCache corgi:https://registry.npmjs.org/icss-utils cache-miss
1671 silly packumentCache corgi:https://registry.npmjs.org/postcss-attribute-case-insensitive cache-miss
1672 silly packumentCache corgi:https://registry.npmjs.org/postcss-browser-comments cache-miss
1673 silly packumentCache corgi:https://registry.npmjs.org/postcss-calc cache-miss
1674 silly packumentCache corgi:https://registry.npmjs.org/postcss-color-functional-notation cache-miss
1675 silly packumentCache corgi:https://registry.npmjs.org/postcss-color-hex-alpha cache-miss
1676 silly packumentCache corgi:https://registry.npmjs.org/postcss-color-rebeccapurple cache-miss
1677 silly packumentCache corgi:https://registry.npmjs.org/postcss-colormin cache-miss
1678 silly packumentCache corgi:https://registry.npmjs.org/postcss-convert-values cache-miss
1679 silly packumentCache corgi:https://registry.npmjs.org/postcss-custom-media cache-miss
1680 silly packumentCache corgi:https://registry.npmjs.org/postcss-custom-properties cache-miss
1681 silly packumentCache corgi:https://registry.npmjs.org/postcss-custom-selectors cache-miss
1682 silly packumentCache corgi:https://registry.npmjs.org/postcss-dir-pseudo-class cache-miss
1683 silly packumentCache corgi:https://registry.npmjs.org/postcss-discard-comments cache-miss
1684 silly packumentCache corgi:https://registry.npmjs.org/postcss-discard-duplicates cache-miss
1685 silly packumentCache corgi:https://registry.npmjs.org/postcss-discard-empty cache-miss
1686 silly packumentCache corgi:https://registry.npmjs.org/postcss-discard-overridden cache-miss
1687 silly packumentCache corgi:https://registry.npmjs.org/postcss-double-position-gradients cache-miss
1688 silly packumentCache corgi:https://registry.npmjs.org/postcss-env-function cache-miss
1689 silly packumentCache corgi:https://registry.npmjs.org/postcss-flexbugs-fixes cache-miss
1690 silly packumentCache corgi:https://registry.npmjs.org/postcss-focus-visible cache-miss
1691 silly packumentCache corgi:https://registry.npmjs.org/postcss-focus-within cache-miss
1692 silly packumentCache corgi:https://registry.npmjs.org/postcss-font-variant cache-miss
1693 silly packumentCache corgi:https://registry.npmjs.org/postcss-gap-properties cache-miss
1694 silly packumentCache corgi:https://registry.npmjs.org/postcss-image-set-function cache-miss
1695 silly packumentCache corgi:https://registry.npmjs.org/postcss-initial cache-miss
1696 silly packumentCache corgi:https://registry.npmjs.org/postcss-js cache-miss
1697 silly packumentCache corgi:https://registry.npmjs.org/postcss-lab-function cache-miss
1698 silly packumentCache corgi:https://registry.npmjs.org/postcss-logical cache-miss
1699 silly packumentCache corgi:https://registry.npmjs.org/postcss-media-minmax cache-miss
1700 silly packumentCache corgi:https://registry.npmjs.org/postcss-merge-longhand cache-miss
1701 silly packumentCache corgi:https://registry.npmjs.org/postcss-merge-rules cache-miss
1702 silly packumentCache corgi:https://registry.npmjs.org/postcss-minify-font-values cache-miss
1703 silly packumentCache corgi:https://registry.npmjs.org/postcss-minify-gradients cache-miss
1704 silly packumentCache corgi:https://registry.npmjs.org/postcss-minify-params cache-miss
1705 silly packumentCache corgi:https://registry.npmjs.org/postcss-minify-selectors cache-miss
1706 silly packumentCache corgi:https://registry.npmjs.org/postcss-modules-extract-imports cache-miss
1707 silly packumentCache corgi:https://registry.npmjs.org/postcss-modules-local-by-default cache-miss
1708 silly packumentCache corgi:https://registry.npmjs.org/postcss-modules-scope cache-miss
1709 silly packumentCache corgi:https://registry.npmjs.org/postcss-modules-values cache-miss
1710 silly packumentCache corgi:https://registry.npmjs.org/postcss-nested cache-miss
1711 silly packumentCache corgi:https://registry.npmjs.org/postcss-nesting cache-miss
1712 silly packumentCache corgi:https://registry.npmjs.org/postcss-normalize cache-miss
1713 silly packumentCache corgi:https://registry.npmjs.org/postcss-normalize-charset cache-miss
1714 silly packumentCache corgi:https://registry.npmjs.org/postcss-normalize-display-values cache-miss
1715 silly packumentCache corgi:https://registry.npmjs.org/postcss-normalize-positions cache-miss
1716 silly packumentCache corgi:https://registry.npmjs.org/postcss-normalize-repeat-style cache-miss
1717 silly packumentCache corgi:https://registry.npmjs.org/postcss-normalize-string cache-miss
1718 silly packumentCache corgi:https://registry.npmjs.org/postcss-normalize-timing-functions cache-miss
1719 silly packumentCache corgi:https://registry.npmjs.org/postcss-normalize-unicode cache-miss
1720 silly packumentCache corgi:https://registry.npmjs.org/postcss-normalize-url cache-miss
1721 silly packumentCache corgi:https://registry.npmjs.org/postcss-normalize-whitespace cache-miss
1722 silly packumentCache corgi:https://registry.npmjs.org/postcss-ordered-values cache-miss
1723 silly packumentCache corgi:https://registry.npmjs.org/postcss-overflow-shorthand cache-miss
1724 silly packumentCache corgi:https://registry.npmjs.org/postcss-page-break cache-miss
1725 silly packumentCache corgi:https://registry.npmjs.org/postcss-place cache-miss
1726 silly packumentCache corgi:https://registry.npmjs.org/postcss-preset-env cache-miss
1727 silly packumentCache corgi:https://registry.npmjs.org/postcss-pseudo-class-any-link cache-miss
1728 silly packumentCache corgi:https://registry.npmjs.org/postcss-reduce-initial cache-miss
1729 silly packumentCache corgi:https://registry.npmjs.org/postcss-reduce-transforms cache-miss
1730 silly packumentCache corgi:https://registry.npmjs.org/postcss-replace-overflow-wrap cache-miss
1731 silly packumentCache corgi:https://registry.npmjs.org/postcss-selector-not cache-miss
1732 silly packumentCache corgi:https://registry.npmjs.org/postcss-svgo cache-miss
1733 silly packumentCache corgi:https://registry.npmjs.org/postcss-unique-selectors cache-miss
1734 silly packumentCache corgi:https://registry.npmjs.org/stylehacks cache-miss
1735 silly packumentCache corgi:https://registry.npmjs.org/tailwindcss cache-miss
1736 http fetch GET 200 https://registry.npmjs.org/autoprefixer 742ms (cache revalidated)
1737 silly packumentCache corgi:https://registry.npmjs.org/autoprefixer set size:298545 disposed:false
1738 http fetch GET 200 https://registry.npmjs.org/css-has-pseudo 744ms (cache revalidated)
1739 silly packumentCache corgi:https://registry.npmjs.org/css-has-pseudo set size:51534 disposed:false
1740 http fetch GET 200 https://registry.npmjs.org/icss-utils 742ms (cache revalidated)
1741 silly packumentCache corgi:https://registry.npmjs.org/icss-utils set size:13079 disposed:false
1742 http fetch GET 200 https://registry.npmjs.org/postcss-attribute-case-insensitive 743ms (cache revalidated)
1743 silly packumentCache corgi:https://registry.npmjs.org/postcss-attribute-case-insensitive set size:25828 disposed:false
1744 http fetch GET 200 https://registry.npmjs.org/postcss-browser-comments 746ms (cache revalidated)
1745 silly packumentCache corgi:https://registry.npmjs.org/postcss-browser-comments set size:11280 disposed:false
1746 http fetch GET 200 https://registry.npmjs.org/css-declaration-sorter 756ms (cache revalidated)
1747 silly packumentCache corgi:https://registry.npmjs.org/css-declaration-sorter set size:58247 disposed:false
1748 http fetch GET 200 https://registry.npmjs.org/cssnano-utils 754ms (cache revalidated)
1749 silly packumentCache corgi:https://registry.npmjs.org/cssnano-utils set size:53706 disposed:false
1750 http fetch GET 200 https://registry.npmjs.org/css-prefers-color-scheme 757ms (cache revalidated)
1751 silly packumentCache corgi:https://registry.npmjs.org/css-prefers-color-scheme set size:30626 disposed:false
1752 http fetch GET 200 https://registry.npmjs.org/postcss-color-rebeccapurple 753ms (cache revalidated)
1753 silly packumentCache corgi:https://registry.npmjs.org/postcss-color-rebeccapurple set size:30583 disposed:false
1754 http fetch GET 200 https://registry.npmjs.org/postcss-color-functional-notation 756ms (cache revalidated)
1755 silly packumentCache corgi:https://registry.npmjs.org/postcss-color-functional-notation set size:68052 disposed:false
1756 http fetch GET 200 https://registry.npmjs.org/postcss-calc 758ms (cache revalidated)
1757 silly packumentCache corgi:https://registry.npmjs.org/postcss-calc set size:45697 disposed:false
1758 http fetch GET 200 https://registry.npmjs.org/css-minimizer-webpack-plugin 765ms (cache revalidated)
1759 silly packumentCache corgi:https://registry.npmjs.org/css-minimizer-webpack-plugin set size:92918 disposed:false
1760 http fetch GET 200 https://registry.npmjs.org/postcss-color-hex-alpha 788ms (cache revalidated)
1761 silly packumentCache corgi:https://registry.npmjs.org/postcss-color-hex-alpha set size:32873 disposed:false
1762 http fetch GET 200 https://registry.npmjs.org/postcss-gap-properties 778ms (cache revalidated)
1763 silly packumentCache corgi:https://registry.npmjs.org/postcss-gap-properties set size:19023 disposed:false
1764 http fetch GET 200 https://registry.npmjs.org/postcss-discard-empty 784ms (cache revalidated)
1765 silly packumentCache corgi:https://registry.npmjs.org/postcss-discard-empty set size:57298 disposed:false
1766 http fetch GET 200 https://registry.npmjs.org/postcss-custom-media 791ms (cache revalidated)
1767 silly packumentCache corgi:https://registry.npmjs.org/postcss-custom-media set size:59469 disposed:false
1768 http fetch GET 200 https://registry.npmjs.org/postcss-colormin 796ms (cache revalidated)
1769 silly packumentCache corgi:https://registry.npmjs.org/postcss-colormin set size:91306 disposed:false
1770 http fetch GET 200 https://registry.npmjs.org/postcss-discard-duplicates 794ms (cache revalidated)
1771 silly packumentCache corgi:https://registry.npmjs.org/postcss-discard-duplicates set size:63402 disposed:false
1772 http fetch GET 200 https://registry.npmjs.org/postcss-discard-overridden 800ms (cache revalidated)
1773 silly packumentCache corgi:https://registry.npmjs.org/postcss-discard-overridden set size:54177 disposed:false
1774 http fetch GET 200 https://registry.npmjs.org/postcss-custom-properties 806ms (cache revalidated)
1775 silly packumentCache corgi:https://registry.npmjs.org/postcss-custom-properties set size:120876 disposed:false
1776 http fetch GET 200 https://registry.npmjs.org/postcss-custom-selectors 808ms (cache revalidated)
1777 silly packumentCache corgi:https://registry.npmjs.org/postcss-custom-selectors set size:47804 disposed:false
1778 http fetch GET 200 https://registry.npmjs.org/postcss-discard-comments 810ms (cache revalidated)
1779 silly packumentCache corgi:https://registry.npmjs.org/postcss-discard-comments set size:71663 disposed:false
1780 http fetch GET 200 https://registry.npmjs.org/postcss-dir-pseudo-class 813ms (cache revalidated)
1781 silly packumentCache corgi:https://registry.npmjs.org/postcss-dir-pseudo-class set size:26189 disposed:false
1782 http fetch GET 200 https://registry.npmjs.org/postcss-double-position-gradients 815ms (cache revalidated)
1783 silly packumentCache corgi:https://registry.npmjs.org/postcss-double-position-gradients set size:38824 disposed:false
1784 http fetch GET 200 https://registry.npmjs.org/postcss-convert-values 829ms (cache revalidated)
1785 silly packumentCache corgi:https://registry.npmjs.org/postcss-convert-values set size:92448 disposed:false
1786 http fetch GET 200 https://registry.npmjs.org/postcss-focus-visible 826ms (cache revalidated)
1787 silly packumentCache corgi:https://registry.npmjs.org/postcss-focus-visible set size:24915 disposed:false
1788 http fetch GET 200 https://registry.npmjs.org/postcss-image-set-function 889ms (cache revalidated)
1789 silly packumentCache corgi:https://registry.npmjs.org/postcss-image-set-function set size:30186 disposed:false
1790 http fetch GET 200 https://registry.npmjs.org/postcss-font-variant 908ms (cache revalidated)
1791 silly packumentCache corgi:https://registry.npmjs.org/postcss-font-variant set size:9720 disposed:false
1792 http fetch GET 200 https://registry.npmjs.org/postcss-js 918ms (cache revalidated)
1793 silly packumentCache corgi:https://registry.npmjs.org/postcss-js set size:25314 disposed:false
1794 http fetch GET 200 https://registry.npmjs.org/postcss-env-function 927ms (cache revalidated)
1795 silly packumentCache corgi:https://registry.npmjs.org/postcss-env-function set size:25195 disposed:false
1796 http fetch GET 200 https://registry.npmjs.org/postcss-initial 926ms (cache revalidated)
1797 silly packumentCache corgi:https://registry.npmjs.org/postcss-initial set size:17055 disposed:false
1798 http fetch GET 200 https://registry.npmjs.org/postcss-lab-function 926ms (cache revalidated)
1799 silly packumentCache corgi:https://registry.npmjs.org/postcss-lab-function set size:81861 disposed:false
1800 http fetch GET 200 https://registry.npmjs.org/postcss-merge-longhand 925ms (cache revalidated)
1801 silly packumentCache corgi:https://registry.npmjs.org/postcss-merge-longhand set size:93426 disposed:false
1802 http fetch GET 200 https://registry.npmjs.org/postcss-minify-gradients 926ms (cache revalidated)
1803 silly packumentCache corgi:https://registry.npmjs.org/postcss-minify-gradients set size:68938 disposed:false
1804 http fetch GET 200 https://registry.npmjs.org/postcss-minify-font-values 928ms (cache revalidated)
1805 silly packumentCache corgi:https://registry.npmjs.org/postcss-minify-font-values set size:61173 disposed:false
1806 http fetch GET 200 https://registry.npmjs.org/postcss-flexbugs-fixes 944ms (cache revalidated)
1807 silly packumentCache corgi:https://registry.npmjs.org/postcss-flexbugs-fixes set size:21877 disposed:false
1808 http fetch GET 200 https://registry.npmjs.org/postcss-media-minmax 939ms (cache revalidated)
1809 silly packumentCache corgi:https://registry.npmjs.org/postcss-media-minmax set size:7881 disposed:false
1810 http fetch GET 200 https://registry.npmjs.org/postcss-merge-rules 949ms (cache revalidated)
1811 silly packumentCache corgi:https://registry.npmjs.org/postcss-merge-rules set size:104211 disposed:false
1812 http fetch GET 200 https://registry.npmjs.org/postcss-modules-local-by-default 944ms (cache revalidated)
1813 silly packumentCache corgi:https://registry.npmjs.org/postcss-modules-local-by-default set size:48451 disposed:false
1814 http fetch GET 200 https://registry.npmjs.org/postcss-normalize-charset 941ms (cache revalidated)
1815 silly packumentCache corgi:https://registry.npmjs.org/postcss-normalize-charset set size:52584 disposed:false
1816 http fetch GET 200 https://registry.npmjs.org/postcss-modules-scope 945ms (cache revalidated)
1817 silly packumentCache corgi:https://registry.npmjs.org/postcss-modules-scope set size:31384 disposed:false
1818 http fetch GET 200 https://registry.npmjs.org/postcss-modules-values 950ms (cache revalidated)
1819 silly packumentCache corgi:https://registry.npmjs.org/postcss-modules-values set size:22165 disposed:false
1820 http fetch GET 200 https://registry.npmjs.org/postcss-nested 950ms (cache revalidated)
1821 silly packumentCache corgi:https://registry.npmjs.org/postcss-nested set size:41645 disposed:false
1822 http fetch GET 200 https://registry.npmjs.org/cssnano-preset-default 987ms (cache updated)
1823 silly packumentCache corgi:https://registry.npmjs.org/cssnano-preset-default set size:undefined disposed:false
1824 http fetch GET 200 https://registry.npmjs.org/postcss-logical 973ms (cache revalidated)
1825 silly packumentCache corgi:https://registry.npmjs.org/postcss-logical set size:28962 disposed:false
1826 http fetch GET 200 https://registry.npmjs.org/postcss-modules-extract-imports 962ms (cache revalidated)
1827 silly packumentCache corgi:https://registry.npmjs.org/postcss-modules-extract-imports set size:20843 disposed:false
1828 http fetch GET 200 https://registry.npmjs.org/postcss-normalize-string 954ms (cache revalidated)
1829 silly packumentCache corgi:https://registry.npmjs.org/postcss-normalize-string set size:55524 disposed:false
1830 http fetch GET 200 https://registry.npmjs.org/postcss-nesting 964ms (cache revalidated)
1831 silly packumentCache corgi:https://registry.npmjs.org/postcss-nesting set size:76475 disposed:false
1832 http fetch GET 200 https://registry.npmjs.org/postcss-normalize-unicode 960ms (cache revalidated)
1833 silly packumentCache corgi:https://registry.npmjs.org/postcss-normalize-unicode set size:62851 disposed:false
1834 http fetch GET 200 https://registry.npmjs.org/postcss-normalize-positions 965ms (cache revalidated)
1835 silly packumentCache corgi:https://registry.npmjs.org/postcss-normalize-positions set size:57777 disposed:false
1836 http fetch GET 200 https://registry.npmjs.org/postcss-normalize 968ms (cache revalidated)
1837 silly packumentCache corgi:https://registry.npmjs.org/postcss-normalize set size:27537 disposed:false
1838 http fetch GET 200 https://registry.npmjs.org/css-blank-pseudo 1011ms (cache revalidated)
1839 silly packumentCache corgi:https://registry.npmjs.org/css-blank-pseudo set size:35734 disposed:false
1840 http fetch GET 200 https://registry.npmjs.org/postcss-minify-params 978ms (cache revalidated)
1841 silly packumentCache corgi:https://registry.npmjs.org/postcss-minify-params set size:81363 disposed:false
1842 http fetch GET 200 https://registry.npmjs.org/postcss-focus-within 994ms (cache revalidated)
1843 silly packumentCache corgi:https://registry.npmjs.org/postcss-focus-within set size:26330 disposed:false
1844 http fetch GET 200 https://registry.npmjs.org/postcss-normalize-timing-functions 970ms (cache revalidated)
1845 silly packumentCache corgi:https://registry.npmjs.org/postcss-normalize-timing-functions set size:55509 disposed:false
1846 http fetch GET 200 https://registry.npmjs.org/postcss-normalize-repeat-style 972ms (cache revalidated)
1847 silly packumentCache corgi:https://registry.npmjs.org/postcss-normalize-repeat-style set size:58607 disposed:false
1848 http fetch GET 200 https://registry.npmjs.org/postcss-normalize-display-values 975ms (cache revalidated)
1849 silly packumentCache corgi:https://registry.npmjs.org/postcss-normalize-display-values set size:55277 disposed:false
1850 http fetch GET 200 https://registry.npmjs.org/postcss-normalize-whitespace 971ms (cache revalidated)
1851 silly packumentCache corgi:https://registry.npmjs.org/postcss-normalize-whitespace set size:57396 disposed:false
1852 http fetch GET 200 https://registry.npmjs.org/postcss-overflow-shorthand 974ms (cache revalidated)
1853 silly packumentCache corgi:https://registry.npmjs.org/postcss-overflow-shorthand set size:19703 disposed:false
1854 http fetch GET 200 https://registry.npmjs.org/cssnano 1022ms (cache updated)
1855 silly packumentCache corgi:https://registry.npmjs.org/cssnano set size:undefined disposed:false
1856 http fetch GET 200 https://registry.npmjs.org/postcss-normalize-url 985ms (cache revalidated)
1857 silly packumentCache corgi:https://registry.npmjs.org/postcss-normalize-url set size:73085 disposed:false
1858 http fetch GET 200 https://registry.npmjs.org/postcss-place 974ms (cache revalidated)
1859 silly packumentCache corgi:https://registry.npmjs.org/postcss-place set size:27729 disposed:false
1860 http fetch GET 200 https://registry.npmjs.org/postcss-reduce-initial 972ms (cache revalidated)
1861 silly packumentCache corgi:https://registry.npmjs.org/postcss-reduce-initial set size:68268 disposed:false
1862 http fetch GET 200 https://registry.npmjs.org/postcss-preset-env 976ms (cache revalidated)
1863 silly packumentCache corgi:https://registry.npmjs.org/postcss-preset-env set size:460646 disposed:false
1864 http fetch GET 200 https://registry.npmjs.org/postcss-pseudo-class-any-link 982ms (cache revalidated)
1865 silly packumentCache corgi:https://registry.npmjs.org/postcss-pseudo-class-any-link set size:36043 disposed:false
1866 http fetch GET 200 https://registry.npmjs.org/postcss-unique-selectors 980ms (cache revalidated)
1867 silly packumentCache corgi:https://registry.npmjs.org/postcss-unique-selectors set size:64482 disposed:false
1868 http fetch GET 200 https://registry.npmjs.org/postcss-page-break 1002ms (cache revalidated)
1869 silly packumentCache corgi:https://registry.npmjs.org/postcss-page-break set size:10950 disposed:false
1870 http fetch GET 200 https://registry.npmjs.org/postcss-replace-overflow-wrap 986ms (cache revalidated)
1871 silly packumentCache corgi:https://registry.npmjs.org/postcss-replace-overflow-wrap set size:5243 disposed:false
1872 http fetch GET 200 https://registry.npmjs.org/postcss-reduce-transforms 987ms (cache revalidated)
1873 silly packumentCache corgi:https://registry.npmjs.org/postcss-reduce-transforms set size:60219 disposed:false
1874 http fetch GET 200 https://registry.npmjs.org/stylehacks 985ms (cache revalidated)
1875 silly packumentCache corgi:https://registry.npmjs.org/stylehacks set size:71589 disposed:false
1876 http fetch GET 200 https://registry.npmjs.org/postcss-svgo 987ms (cache revalidated)
1877 silly packumentCache corgi:https://registry.npmjs.org/postcss-svgo set size:72080 disposed:false
1878 http fetch GET 200 https://registry.npmjs.org/postcss-selector-not 990ms (cache revalidated)
1879 silly packumentCache corgi:https://registry.npmjs.org/postcss-selector-not set size:21595 disposed:false
1880 http fetch GET 200 https://registry.npmjs.org/postcss-minify-selectors 1024ms (cache updated)
1881 silly packumentCache corgi:https://registry.npmjs.org/postcss-minify-selectors set size:undefined disposed:false
1882 http fetch GET 200 https://registry.npmjs.org/postcss-ordered-values 1065ms (cache revalidated)
1883 silly packumentCache corgi:https://registry.npmjs.org/postcss-ordered-values set size:76556 disposed:false
1884 http fetch GET 200 https://registry.npmjs.org/tailwindcss 1049ms (cache updated)
1885 silly packumentCache corgi:https://registry.npmjs.org/tailwindcss set size:undefined disposed:false
1886 silly packumentCache corgi:https://registry.npmjs.org/@rollup%2fplugin-babel cache-miss
1887 silly packumentCache corgi:https://registry.npmjs.org/@rollup%2fplugin-node-resolve cache-miss
1888 silly packumentCache corgi:https://registry.npmjs.org/@rollup%2fplugin-replace cache-miss
1889 silly packumentCache corgi:https://registry.npmjs.org/rollup-plugin-terser cache-miss
1890 http fetch GET 200 https://registry.npmjs.org/rollup-plugin-terser 77ms (cache revalidated)
1891 silly packumentCache corgi:https://registry.npmjs.org/rollup-plugin-terser set size:47323 disposed:false
1892 http fetch GET 200 https://registry.npmjs.org/@rollup%2fplugin-babel 87ms (cache revalidated)
1893 silly packumentCache corgi:https://registry.npmjs.org/@rollup%2fplugin-babel set size:35533 disposed:false
1894 http fetch GET 200 https://registry.npmjs.org/@rollup%2fplugin-replace 86ms (cache revalidated)
1895 silly packumentCache corgi:https://registry.npmjs.org/@rollup%2fplugin-replace set size:38369 disposed:false
1896 http fetch GET 200 https://registry.npmjs.org/@rollup%2fplugin-node-resolve 93ms (cache revalidated)
1897 silly packumentCache corgi:https://registry.npmjs.org/@rollup%2fplugin-node-resolve set size:91698 disposed:false
1898 silly packumentCache corgi:https://registry.npmjs.org/terser-webpack-plugin cache-miss
1899 http fetch GET 200 https://registry.npmjs.org/terser-webpack-plugin 57ms (cache updated)
1900 silly packumentCache corgi:https://registry.npmjs.org/terser-webpack-plugin set size:undefined disposed:false
1901 silly packumentCache corgi:https://registry.npmjs.org/html-minifier-terser cache-miss
1902 http fetch GET 200 https://registry.npmjs.org/html-minifier-terser 64ms (cache miss)
1903 silly packumentCache corgi:https://registry.npmjs.org/html-minifier-terser set size:undefined disposed:false
1904 silly packumentCache corgi:https://registry.npmjs.org/mini-css-extract-plugin cache-miss
1905 silly packumentCache corgi:https://registry.npmjs.org/sass-loader cache-miss
1906 silly packumentCache corgi:https://registry.npmjs.org/source-map-loader cache-miss
1907 silly packumentCache corgi:https://registry.npmjs.org/style-loader cache-miss
1908 silly packumentCache corgi:https://registry.npmjs.org/webpack-manifest-plugin cache-miss
1909 silly packumentCache corgi:https://registry.npmjs.org/workbox-webpack-plugin cache-miss
1910 http fetch GET 200 https://registry.npmjs.org/workbox-webpack-plugin 161ms (cache revalidated)
1911 silly packumentCache corgi:https://registry.npmjs.org/workbox-webpack-plugin set size:136237 disposed:false
1912 http fetch GET 200 https://registry.npmjs.org/webpack-manifest-plugin 170ms (cache revalidated)
1913 silly packumentCache corgi:https://registry.npmjs.org/webpack-manifest-plugin set size:59691 disposed:false
1914 http fetch GET 200 https://registry.npmjs.org/style-loader 179ms (cache revalidated)
1915 silly packumentCache corgi:https://registry.npmjs.org/style-loader set size:87141 disposed:false
1916 http fetch GET 200 https://registry.npmjs.org/mini-css-extract-plugin 182ms (cache revalidated)
1917 silly packumentCache corgi:https://registry.npmjs.org/mini-css-extract-plugin set size:187667 disposed:false
1918 http fetch GET 200 https://registry.npmjs.org/sass-loader 184ms (cache updated)
1919 silly packumentCache corgi:https://registry.npmjs.org/sass-loader set size:undefined disposed:false
1920 http fetch GET 200 https://registry.npmjs.org/source-map-loader 365ms (cache revalidated)
1921 silly packumentCache corgi:https://registry.npmjs.org/source-map-loader set size:45783 disposed:false
1922 silly packumentCache corgi:https://registry.npmjs.org/optionator cache-miss
1923 http fetch GET 200 https://registry.npmjs.org/optionator 51ms (cache revalidated)
1924 silly packumentCache corgi:https://registry.npmjs.org/optionator set size:17570 disposed:false
1925 silly packumentCache corgi:https://registry.npmjs.org/cosmiconfig cache-miss
1926 silly packumentCache corgi:https://registry.npmjs.org/postcss-load-config cache-miss
1927 http fetch GET 200 https://registry.npmjs.org/postcss-load-config 66ms (cache revalidated)
1928 silly packumentCache corgi:https://registry.npmjs.org/postcss-load-config set size:37999 disposed:false
1929 http fetch GET 200 https://registry.npmjs.org/cosmiconfig 82ms (cache revalidated)
1930 silly packumentCache corgi:https://registry.npmjs.org/cosmiconfig set size:83406 disposed:false
1931 silly packumentCache corgi:https://registry.npmjs.org/babel-plugin-polyfill-corejs3 cache-miss
1932 http fetch GET 200 https://registry.npmjs.org/babel-plugin-polyfill-corejs3 228ms (cache miss)
1933 silly packumentCache corgi:https://registry.npmjs.org/babel-plugin-polyfill-corejs3 set size:undefined disposed:false
1934 silly packumentCache corgi:https://registry.npmjs.org/multicast-dns cache-miss
1935 http fetch GET 200 https://registry.npmjs.org/multicast-dns 44ms (cache miss)
1936 silly packumentCache corgi:https://registry.npmjs.org/multicast-dns set size:undefined disposed:false
1937 silly packumentCache corgi:https://registry.npmjs.org/jest-environment-jsdom cache-miss
1938 http fetch GET 200 https://registry.npmjs.org/jest-environment-jsdom 74ms (cache updated)
1939 silly packumentCache corgi:https://registry.npmjs.org/jest-environment-jsdom set size:undefined disposed:false
1940 silly packumentCache corgi:https://registry.npmjs.org/bonjour cache-miss
1941 http fetch GET 200 https://registry.npmjs.org/bonjour 43ms (cache miss)
1942 silly packumentCache corgi:https://registry.npmjs.org/bonjour set size:undefined disposed:false
1943 silly packumentCache corgi:https://registry.npmjs.org/@svgr%2fplugin-svgo cache-miss
1944 http fetch GET 200 https://registry.npmjs.org/@svgr%2fplugin-svgo 113ms (cache revalidated)
1945 silly packumentCache corgi:https://registry.npmjs.org/@svgr%2fplugin-svgo set size:36570 disposed:false
1946 silly packumentCache corgi:https://registry.npmjs.org/jest-runner cache-miss
1947 http fetch GET 200 https://registry.npmjs.org/jest-runner 194ms (cache updated)
1948 silly packumentCache corgi:https://registry.npmjs.org/jest-runner set size:undefined disposed:false
1949 silly packumentCache corgi:https://registry.npmjs.org/jest-cli cache-miss
1950 http fetch GET 200 https://registry.npmjs.org/jest-cli 184ms (cache updated)
1951 silly packumentCache corgi:https://registry.npmjs.org/jest-cli set size:undefined disposed:false
1952 silly packumentCache corgi:https://registry.npmjs.org/jest cache-miss
1953 http fetch GET 200 https://registry.npmjs.org/jest 85ms (cache updated)
1954 silly packumentCache corgi:https://registry.npmjs.org/jest set size:undefined disposed:false
1955 silly packumentCache corgi:https://registry.npmjs.org/jest-watch-typeahead cache-miss
1956 http fetch GET 200 https://registry.npmjs.org/jest-watch-typeahead 51ms (cache revalidated)
1957 silly packumentCache corgi:https://registry.npmjs.org/jest-watch-typeahead set size:69801 disposed:false
1958 silly ADD node_modules/yocto-queue
1959 silly ADD node_modules/yargs-parser
1960 silly ADD node_modules/yargs
1961 silly ADD node_modules/yaml
1962 silly ADD node_modules/yallist
1963 silly ADD node_modules/y18n
1964 silly ADD node_modules/xtend
1965 silly ADD node_modules/xmlchars
1966 silly ADD node_modules/xml-name-validator
1967 silly ADD node_modules/ws
1968 silly ADD node_modules/write-file-atomic
1969 silly ADD node_modules/wrappy
1970 silly ADD node_modules/wrap-ansi
1971 silly ADD node_modules/wrap-ansi/node_modules/color-name
1972 silly ADD node_modules/wrap-ansi/node_modules/color-convert
1973 silly ADD node_modules/wrap-ansi/node_modules/ansi-styles
1974 silly ADD node_modules/workbox-window
1975 silly ADD node_modules/workbox-webpack-plugin
1976 silly ADD node_modules/workbox-webpack-plugin/node_modules/webpack-sources
1977 silly ADD node_modules/workbox-webpack-plugin/node_modules/source-map
1978 silly ADD node_modules/workbox-sw
1979 silly ADD node_modules/workbox-streams
1980 silly ADD node_modules/workbox-strategies
1981 silly ADD node_modules/workbox-routing
1982 silly ADD node_modules/workbox-recipes
1983 silly ADD node_modules/workbox-range-requests
1984 silly ADD node_modules/workbox-precaching
1985 silly ADD node_modules/workbox-navigation-preload
1986 silly ADD node_modules/workbox-google-analytics
1987 silly ADD node_modules/workbox-expiration
1988 silly ADD node_modules/workbox-core
1989 silly ADD node_modules/workbox-cacheable-response
1990 silly ADD node_modules/workbox-build
1991 silly ADD node_modules/workbox-build/node_modules/whatwg-url
1992 silly ADD node_modules/workbox-build/node_modules/webidl-conversions
1993 silly ADD node_modules/workbox-build/node_modules/tr46
1994 silly ADD node_modules/workbox-build/node_modules/source-map
1995 silly ADD node_modules/workbox-build/node_modules/json-schema-traverse
1996 silly ADD node_modules/workbox-build/node_modules/fs-extra
1997 silly ADD node_modules/workbox-build/node_modules/ajv
1998 silly ADD node_modules/workbox-build/node_modules/@apideck/better-ajv-errors
1999 silly ADD node_modules/workbox-broadcast-update
2000 silly ADD node_modules/workbox-background-sync
2001 silly ADD node_modules/word-wrap
2002 silly ADD node_modules/which-boxed-primitive
2003 silly ADD node_modules/which
2004 silly ADD node_modules/whatwg-url
2005 silly ADD node_modules/whatwg-mimetype
2006 silly ADD node_modules/whatwg-fetch
2007 silly ADD node_modules/whatwg-encoding
2008 silly ADD node_modules/whatwg-encoding/node_modules/iconv-lite
2009 silly ADD node_modules/websocket-extensions
2010 silly ADD node_modules/websocket-driver
2011 silly ADD node_modules/webpack-sources
2012 silly ADD node_modules/webpack-manifest-plugin
2013 silly ADD node_modules/webpack-manifest-plugin/node_modules/webpack-sources
2014 silly ADD node_modules/webpack-manifest-plugin/node_modules/source-map
2015 silly ADD node_modules/webpack-dev-server
2016 silly ADD node_modules/webpack-dev-server/node_modules/ws
2017 silly ADD node_modules/webpack-dev-server/node_modules/strip-ansi
2018 silly ADD node_modules/webpack-dev-server/node_modules/schema-utils
2019 silly ADD node_modules/webpack-dev-server/node_modules/json-schema-traverse
2020 silly ADD node_modules/webpack-dev-server/node_modules/ansi-regex
2021 silly ADD node_modules/webpack-dev-server/node_modules/ajv-keywords
2022 silly ADD node_modules/webpack-dev-server/node_modules/ajv
2023 silly ADD node_modules/webpack-dev-middleware
2024 silly ADD node_modules/webpack-dev-middleware/node_modules/schema-utils
2025 silly ADD node_modules/webpack-dev-middleware/node_modules/json-schema-traverse
2026 silly ADD node_modules/webpack-dev-middleware/node_modules/ajv-keywords
2027 silly ADD node_modules/webpack-dev-middleware/node_modules/ajv
2028 silly ADD node_modules/webpack
2029 silly ADD node_modules/webpack/node_modules/estraverse
2030 silly ADD node_modules/webpack/node_modules/eslint-scope
2031 silly ADD node_modules/webidl-conversions
2032 silly ADD node_modules/web-vitals
2033 silly ADD node_modules/wbuf
2034 silly ADD node_modules/watchpack
2035 silly ADD node_modules/walker
2036 silly ADD node_modules/w3c-xmlserializer
2037 silly ADD node_modules/w3c-hr-time
2038 silly ADD node_modules/vary
2039 silly ADD node_modules/value-equal
2040 silly ADD node_modules/v8-to-istanbul
2041 silly ADD node_modules/v8-to-istanbul/node_modules/source-map
2042 silly ADD node_modules/v8-compile-cache
2043 silly ADD node_modules/uuid
2044 silly ADD node_modules/utils-merge
2045 silly ADD node_modules/utila
2046 silly ADD node_modules/util.promisify
2047 silly ADD node_modules/util-deprecate
2048 silly ADD node_modules/uri-js
2049 silly ADD node_modules/upath
2050 silly ADD node_modules/unquote
2051 silly ADD node_modules/unpipe
2052 silly ADD node_modules/universalify
2053 silly ADD node_modules/unique-string
2054 silly ADD node_modules/unicode-property-aliases-ecmascript
2055 silly ADD node_modules/unicode-match-property-value-ecmascript
2056 silly ADD node_modules/unicode-match-property-ecmascript
2057 silly ADD node_modules/unicode-canonical-property-names-ecmascript
2058 silly ADD node_modules/unbox-primitive
2059 silly ADD node_modules/typescript
2060 silly ADD node_modules/typedarray-to-buffer
2061 silly ADD node_modules/type-is
2062 silly ADD node_modules/type-fest
2063 silly ADD node_modules/type-detect
2064 silly ADD node_modules/type-check
2065 silly ADD node_modules/tsutils
2066 silly ADD node_modules/tsutils/node_modules/tslib
2067 silly ADD node_modules/tslib
2068 silly ADD node_modules/tsconfig-paths
2069 silly ADD node_modules/tsconfig-paths/node_modules/strip-bom
2070 silly ADD node_modules/tsconfig-paths/node_modules/json5
2071 silly ADD node_modules/tryer
2072 silly ADD node_modules/tr46
2073 silly ADD node_modules/tough-cookie
2074 silly ADD node_modules/tough-cookie/node_modules/universalify
2075 silly ADD node_modules/toidentifier
2076 silly ADD node_modules/to-regex-range
2077 silly ADD node_modules/to-fast-properties
2078 silly ADD node_modules/tmpl
2079 silly ADD node_modules/tiny-warning
2080 silly ADD node_modules/tiny-invariant
2081 silly ADD node_modules/timsort
2082 silly ADD node_modules/thunky
2083 silly ADD node_modules/throat
2084 silly ADD node_modules/text-table
2085 silly ADD node_modules/test-exclude
2086 silly ADD node_modules/terser-webpack-plugin
2087 silly ADD node_modules/terser-webpack-plugin/node_modules/source-map
2088 silly ADD node_modules/terser
2089 silly ADD node_modules/terser/node_modules/source-map
2090 silly ADD node_modules/terser/node_modules/commander
2091 silly ADD node_modules/terminal-link
2092 silly ADD node_modules/tempy
2093 silly ADD node_modules/tempy/node_modules/type-fest
2094 silly ADD node_modules/temp-dir
2095 silly ADD node_modules/tapable
2096 silly ADD node_modules/tailwindcss
2097 silly ADD node_modules/tailwindcss/node_modules/supports-color
2098 silly ADD node_modules/tailwindcss/node_modules/has-flag
2099 silly ADD node_modules/tailwindcss/node_modules/color-name
2100 silly ADD node_modules/tailwindcss/node_modules/color-convert
2101 silly ADD node_modules/tailwindcss/node_modules/chalk
2102 silly ADD node_modules/tailwindcss/node_modules/ansi-styles
2103 silly ADD node_modules/symbol-tree
2104 silly ADD node_modules/svgo
2105 silly ADD node_modules/svgo/node_modules/nth-check
2106 silly ADD node_modules/svgo/node_modules/domutils
2107 silly ADD node_modules/svgo/node_modules/domutils/node_modules/domelementtype
2108 silly ADD node_modules/svgo/node_modules/dom-serializer
2109 silly ADD node_modules/svgo/node_modules/css-what
2110 silly ADD node_modules/svgo/node_modules/css-select
2111 silly ADD node_modules/svg-parser
2112 silly ADD node_modules/supports-preserve-symlinks-flag
2113 silly ADD node_modules/supports-hyperlinks
2114 silly ADD node_modules/supports-hyperlinks/node_modules/supports-color
2115 silly ADD node_modules/supports-hyperlinks/node_modules/has-flag
2116 silly ADD node_modules/supports-color
2117 silly ADD node_modules/stylehacks
2118 silly ADD node_modules/style-loader
2119 silly ADD node_modules/strip-json-comments
2120 silly ADD node_modules/strip-indent
2121 silly ADD node_modules/strip-final-newline
2122 silly ADD node_modules/strip-comments
2123 silly ADD node_modules/strip-bom
2124 silly ADD node_modules/strip-ansi
2125 silly ADD node_modules/stringify-object
2126 silly ADD node_modules/string.prototype.trimstart
2127 silly ADD node_modules/string.prototype.trimend
2128 silly ADD node_modules/string.prototype.matchall
2129 silly ADD node_modules/string-width
2130 silly ADD node_modules/string-width/node_modules/emoji-regex
2131 silly ADD node_modules/string-natural-compare
2132 silly ADD node_modules/string-length
2133 silly ADD node_modules/string_decoder
2134 silly ADD node_modules/string_decoder/node_modules/safe-buffer
2135 silly ADD node_modules/statuses
2136 silly ADD node_modules/stackframe
2137 silly ADD node_modules/stack-utils
2138 silly ADD node_modules/stack-utils/node_modules/escape-string-regexp
2139 silly ADD node_modules/stable
2140 silly ADD node_modules/sprintf-js
2141 silly ADD node_modules/spdy-transport
2142 silly ADD node_modules/spdy
2143 silly ADD node_modules/sourcemap-codec
2144 silly ADD node_modules/source-map-url
2145 silly ADD node_modules/source-map-support
2146 silly ADD node_modules/source-map-support/node_modules/source-map
2147 silly ADD node_modules/source-map-resolve
2148 silly ADD node_modules/source-map-loader
2149 silly ADD node_modules/source-map-js
2150 silly ADD node_modules/source-map
2151 silly ADD node_modules/source-list-map
2152 silly ADD node_modules/sockjs
2153 silly ADD node_modules/slash
2154 silly ADD node_modules/sisteransi
2155 silly ADD node_modules/signal-exit
2156 silly ADD node_modules/side-channel
2157 silly ADD node_modules/shell-quote
2158 silly ADD node_modules/shebang-regex
2159 silly ADD node_modules/shebang-command
2160 silly ADD node_modules/setprototypeof
2161 silly ADD node_modules/serve-static
2162 silly ADD node_modules/serve-index
2163 silly ADD node_modules/serve-index/node_modules/setprototypeof
2164 silly ADD node_modules/serve-index/node_modules/ms
2165 silly ADD node_modules/serve-index/node_modules/inherits
2166 silly ADD node_modules/serve-index/node_modules/http-errors
2167 silly ADD node_modules/serve-index/node_modules/debug
2168 silly ADD node_modules/serialize-javascript
2169 silly ADD node_modules/send
2170 silly ADD node_modules/send/node_modules/ms
2171 silly ADD node_modules/send/node_modules/debug
2172 silly ADD node_modules/send/node_modules/debug/node_modules/ms
2173 silly ADD node_modules/semver
2174 silly ADD node_modules/selfsigned
2175 silly ADD node_modules/select-hose
2176 silly ADD node_modules/schema-utils
2177 silly ADD node_modules/scheduler
2178 silly ADD node_modules/saxes
2179 silly ADD node_modules/sax
2180 silly ADD node_modules/sass-loader
2181 silly ADD node_modules/sanitize.css
2182 silly ADD node_modules/safer-buffer
2183 silly ADD node_modules/safe-buffer
2184 silly ADD node_modules/run-parallel
2185 silly ADD node_modules/rollup-plugin-terser
2186 silly ADD node_modules/rollup-plugin-terser/node_modules/supports-color
2187 silly ADD node_modules/rollup-plugin-terser/node_modules/serialize-javascript
2188 silly ADD node_modules/rollup-plugin-terser/node_modules/jest-worker
2189 silly ADD node_modules/rollup-plugin-terser/node_modules/has-flag
2190 silly ADD node_modules/rollup
2191 silly ADD node_modules/rimraf
2192 silly ADD node_modules/reusify
2193 silly ADD node_modules/retry
2194 silly ADD node_modules/resolve.exports
2195 silly ADD node_modules/resolve-url-loader
2196 silly ADD node_modules/resolve-url-loader/node_modules/source-map
2197 silly ADD node_modules/resolve-url-loader/node_modules/postcss
2198 silly ADD node_modules/resolve-url-loader/node_modules/picocolors
2199 silly ADD node_modules/resolve-pathname
2200 silly ADD node_modules/resolve-from
2201 silly ADD node_modules/resolve-cwd
2202 silly ADD node_modules/resolve
2203 silly ADD node_modules/requires-port
2204 silly ADD node_modules/require-from-string
2205 silly ADD node_modules/require-directory
2206 silly ADD node_modules/renderkid
2207 silly ADD node_modules/relateurl
2208 silly ADD node_modules/regjsparser
2209 silly ADD node_modules/regjsparser/node_modules/jsesc
2210 silly ADD node_modules/regjsgen
2211 silly ADD node_modules/regexpu-core
2212 silly ADD node_modules/regexpp
2213 silly ADD node_modules/regexp.prototype.flags
2214 silly ADD node_modules/regex-parser
2215 silly ADD node_modules/regenerator-transform
2216 silly ADD node_modules/regenerator-runtime
2217 silly ADD node_modules/regenerate-unicode-properties
2218 silly ADD node_modules/regenerate
2219 silly ADD node_modules/redent
2220 silly ADD node_modules/recursive-readdir
2221 silly ADD node_modules/readdirp
2222 silly ADD node_modules/readable-stream
2223 silly ADD node_modules/react-scripts
2224 silly ADD node_modules/react-router-dom
2225 silly ADD node_modules/react-router
2226 silly ADD node_modules/react-router/node_modules/react-is
2227 silly ADD node_modules/react-router/node_modules/path-to-regexp
2228 silly ADD node_modules/react-router/node_modules/isarray
2229 silly ADD node_modules/react-refresh
2230 silly ADD node_modules/react-is
2231 silly ADD node_modules/react-error-overlay
2232 silly ADD node_modules/react-dom
2233 silly ADD node_modules/react-dev-utils
2234 silly ADD node_modules/react-dev-utils/node_modules/supports-color
2235 silly ADD node_modules/react-dev-utils/node_modules/loader-utils
2236 silly ADD node_modules/react-dev-utils/node_modules/has-flag
2237 silly ADD node_modules/react-dev-utils/node_modules/escape-string-regexp
2238 silly ADD node_modules/react-dev-utils/node_modules/color-name
2239 silly ADD node_modules/react-dev-utils/node_modules/color-convert
2240 silly ADD node_modules/react-dev-utils/node_modules/chalk
2241 silly ADD node_modules/react-dev-utils/node_modules/ansi-styles
2242 silly ADD node_modules/react-app-polyfill
2243 silly ADD node_modules/react
2244 silly ADD node_modules/raw-body
2245 silly ADD node_modules/raw-body/node_modules/iconv-lite
2246 silly ADD node_modules/raw-body/node_modules/bytes
2247 silly ADD node_modules/range-parser
2248 silly ADD node_modules/randombytes
2249 silly ADD node_modules/raf
2250 silly ADD node_modules/quick-lru
2251 silly ADD node_modules/queue-microtask
2252 silly ADD node_modules/qs
2253 silly ADD node_modules/q
2254 silly ADD node_modules/punycode
2255 silly ADD node_modules/psl
2256 silly ADD node_modules/proxy-addr
2257 silly ADD node_modules/proxy-addr/node_modules/ipaddr.js
2258 silly ADD node_modules/prop-types
2259 silly ADD node_modules/prop-types/node_modules/react-is
2260 silly ADD node_modules/prompts
2261 silly ADD node_modules/promise
2262 silly ADD node_modules/progress
2263 silly ADD node_modules/process-nextick-args
2264 silly ADD node_modules/pretty-format
2265 silly ADD node_modules/pretty-format/node_modules/ansi-styles
2266 silly ADD node_modules/pretty-error
2267 silly ADD node_modules/pretty-bytes
2268 silly ADD node_modules/prelude-ls
2269 silly ADD node_modules/postcss-value-parser
2270 silly ADD node_modules/postcss-unique-selectors
2271 silly ADD node_modules/postcss-svgo
2272 silly ADD node_modules/postcss-svgo/node_modules/svgo
2273 silly ADD node_modules/postcss-svgo/node_modules/source-map
2274 silly ADD node_modules/postcss-svgo/node_modules/mdn-data
2275 silly ADD node_modules/postcss-svgo/node_modules/css-tree
2276 silly ADD node_modules/postcss-svgo/node_modules/commander
2277 silly ADD node_modules/postcss-selector-parser
2278 silly ADD node_modules/postcss-selector-not
2279 silly ADD node_modules/postcss-replace-overflow-wrap
2280 silly ADD node_modules/postcss-reduce-transforms
2281 silly ADD node_modules/postcss-reduce-initial
2282 silly ADD node_modules/postcss-pseudo-class-any-link
2283 silly ADD node_modules/postcss-preset-env
2284 silly ADD node_modules/postcss-place
2285 silly ADD node_modules/postcss-page-break
2286 silly ADD node_modules/postcss-overflow-shorthand
2287 silly ADD node_modules/postcss-ordered-values
2288 silly ADD node_modules/postcss-normalize-whitespace
2289 silly ADD node_modules/postcss-normalize-url
2290 silly ADD node_modules/postcss-normalize-unicode
2291 silly ADD node_modules/postcss-normalize-timing-functions
2292 silly ADD node_modules/postcss-normalize-string
2293 silly ADD node_modules/postcss-normalize-repeat-style
2294 silly ADD node_modules/postcss-normalize-positions
2295 silly ADD node_modules/postcss-normalize-display-values
2296 silly ADD node_modules/postcss-normalize-charset
2297 silly ADD node_modules/postcss-normalize
2298 silly ADD node_modules/postcss-nesting
2299 silly ADD node_modules/postcss-nested
2300 silly ADD node_modules/postcss-modules-values
2301 silly ADD node_modules/postcss-modules-scope
2302 silly ADD node_modules/postcss-modules-local-by-default
2303 silly ADD node_modules/postcss-modules-extract-imports
2304 silly ADD node_modules/postcss-minify-selectors
2305 silly ADD node_modules/postcss-minify-params
2306 silly ADD node_modules/postcss-minify-gradients
2307 silly ADD node_modules/postcss-minify-font-values
2308 silly ADD node_modules/postcss-merge-rules
2309 silly ADD node_modules/postcss-merge-longhand
2310 silly ADD node_modules/postcss-media-minmax
2311 silly ADD node_modules/postcss-logical
2312 silly ADD node_modules/postcss-loader
2313 silly ADD node_modules/postcss-load-config
2314 silly ADD node_modules/postcss-lab-function
2315 silly ADD node_modules/postcss-js
2316 silly ADD node_modules/postcss-initial
2317 silly ADD node_modules/postcss-image-set-function
2318 silly ADD node_modules/postcss-gap-properties
2319 silly ADD node_modules/postcss-font-variant
2320 silly ADD node_modules/postcss-focus-within
2321 silly ADD node_modules/postcss-focus-visible
2322 silly ADD node_modules/postcss-flexbugs-fixes
2323 silly ADD node_modules/postcss-env-function
2324 silly ADD node_modules/postcss-double-position-gradients
2325 silly ADD node_modules/postcss-discard-overridden
2326 silly ADD node_modules/postcss-discard-empty
2327 silly ADD node_modules/postcss-discard-duplicates
2328 silly ADD node_modules/postcss-discard-comments
2329 silly ADD node_modules/postcss-dir-pseudo-class
2330 silly ADD node_modules/postcss-custom-selectors
2331 silly ADD node_modules/postcss-custom-properties
2332 silly ADD node_modules/postcss-custom-media
2333 silly ADD node_modules/postcss-convert-values
2334 silly ADD node_modules/postcss-colormin
2335 silly ADD node_modules/postcss-color-rebeccapurple
2336 silly ADD node_modules/postcss-color-hex-alpha
2337 silly ADD node_modules/postcss-color-functional-notation
2338 silly ADD node_modules/postcss-calc
2339 silly ADD node_modules/postcss-browser-comments
2340 silly ADD node_modules/postcss-attribute-case-insensitive
2341 silly ADD node_modules/postcss
2342 silly ADD node_modules/portfinder
2343 silly ADD node_modules/portfinder/node_modules/debug
2344 silly ADD node_modules/pkg-up
2345 silly ADD node_modules/pkg-up/node_modules/path-exists
2346 silly ADD node_modules/pkg-up/node_modules/p-locate
2347 silly ADD node_modules/pkg-up/node_modules/p-limit
2348 silly ADD node_modules/pkg-up/node_modules/locate-path
2349 silly ADD node_modules/pkg-up/node_modules/find-up
2350 silly ADD node_modules/pkg-dir
2351 silly ADD node_modules/pkg-dir/node_modules/p-locate
2352 silly ADD node_modules/pkg-dir/node_modules/p-limit
2353 silly ADD node_modules/pkg-dir/node_modules/locate-path
2354 silly ADD node_modules/pkg-dir/node_modules/find-up
2355 silly ADD node_modules/pirates
2356 silly ADD node_modules/picomatch
2357 silly ADD node_modules/picocolors
2358 silly ADD node_modules/performance-now
2359 silly ADD node_modules/path-type
2360 silly ADD node_modules/path-to-regexp
2361 silly ADD node_modules/path-parse
2362 silly ADD node_modules/path-key
2363 silly ADD node_modules/path-is-absolute
2364 silly ADD node_modules/path-exists
2365 silly ADD node_modules/pascal-case
2366 silly ADD node_modules/parseurl
2367 silly ADD node_modules/parse5
2368 silly ADD node_modules/parse-json
2369 silly ADD node_modules/parent-module
2370 silly ADD node_modules/param-case
2371 silly ADD node_modules/p-try
2372 silly ADD node_modules/p-retry
2373 silly ADD node_modules/p-map
2374 silly ADD node_modules/p-locate
2375 silly ADD node_modules/p-limit
2376 silly ADD node_modules/optionator
2377 silly ADD node_modules/open
2378 silly ADD node_modules/onetime
2379 silly ADD node_modules/once
2380 silly ADD node_modules/on-headers
2381 silly ADD node_modules/on-finished
2382 silly ADD node_modules/obuf
2383 silly ADD node_modules/object.values
2384 silly ADD node_modules/object.hasown
2385 silly ADD node_modules/object.getownpropertydescriptors
2386 silly ADD node_modules/object.fromentries
2387 silly ADD node_modules/object.entries
2388 silly ADD node_modules/object.assign
2389 silly ADD node_modules/object-keys
2390 silly ADD node_modules/object-is
2391 silly ADD node_modules/object-inspect
2392 silly ADD node_modules/object-hash
2393 silly ADD node_modules/object-assign
2394 silly ADD node_modules/nwsapi
2395 silly ADD node_modules/nth-check
2396 silly ADD node_modules/npm-run-path
2397 silly ADD node_modules/normalize-url
2398 silly ADD node_modules/normalize-range
2399 silly ADD node_modules/normalize-path
2400 silly ADD node_modules/node-releases
2401 silly ADD node_modules/node-int64
2402 silly ADD node_modules/node-forge
2403 silly ADD node_modules/no-case
2404 silly ADD node_modules/neo-async
2405 silly ADD node_modules/negotiator
2406 silly ADD node_modules/natural-compare
2407 silly ADD node_modules/nanoid
2408 silly ADD node_modules/multicast-dns-service-types
2409 silly ADD node_modules/multicast-dns
2410 silly ADD node_modules/ms
2411 silly ADD node_modules/mkdirp
2412 silly ADD node_modules/minimist
2413 silly ADD node_modules/minimatch
2414 silly ADD node_modules/minimalistic-assert
2415 silly ADD node_modules/mini-css-extract-plugin
2416 silly ADD node_modules/mini-css-extract-plugin/node_modules/schema-utils
2417 silly ADD node_modules/mini-css-extract-plugin/node_modules/json-schema-traverse
2418 silly ADD node_modules/mini-css-extract-plugin/node_modules/ajv-keywords
2419 silly ADD node_modules/mini-css-extract-plugin/node_modules/ajv
2420 silly ADD node_modules/mini-create-react-context
2421 silly ADD node_modules/min-indent
2422 silly ADD node_modules/mimic-fn
2423 silly ADD node_modules/mime-types
2424 silly ADD node_modules/mime-db
2425 silly ADD node_modules/mime
2426 silly ADD node_modules/micromatch
2427 silly ADD node_modules/methods
2428 silly ADD node_modules/merge2
2429 silly ADD node_modules/merge-stream
2430 silly ADD node_modules/merge-descriptors
2431 silly ADD node_modules/memfs
2432 silly ADD node_modules/media-typer
2433 silly ADD node_modules/mdn-data
2434 silly ADD node_modules/makeerror
2435 silly ADD node_modules/make-dir
2436 silly ADD node_modules/make-dir/node_modules/semver
2437 silly ADD node_modules/magic-string
2438 silly ADD node_modules/lz-string
2439 silly ADD node_modules/lru-cache
2440 silly ADD node_modules/lower-case
2441 silly ADD node_modules/loose-envify
2442 silly ADD node_modules/lodash.uniq
2443 silly ADD node_modules/lodash.sortby
2444 silly ADD node_modules/lodash.merge
2445 silly ADD node_modules/lodash.memoize
2446 silly ADD node_modules/lodash.debounce
2447 silly ADD node_modules/lodash
2448 silly ADD node_modules/locate-path
2449 silly ADD node_modules/loader-utils
2450 silly ADD node_modules/loader-runner
2451 silly ADD node_modules/lines-and-columns
2452 silly ADD node_modules/lilconfig
2453 silly ADD node_modules/levn
2454 silly ADD node_modules/leven
2455 silly ADD node_modules/language-tags
2456 silly ADD node_modules/language-subtag-registry
2457 silly ADD node_modules/klona
2458 silly ADD node_modules/kleur
2459 silly ADD node_modules/kind-of
2460 silly ADD node_modules/jsx-ast-utils
2461 silly ADD node_modules/jsonpointer
2462 silly ADD node_modules/jsonfile
2463 silly ADD node_modules/json5
2464 silly ADD node_modules/json-stable-stringify-without-jsonify
2465 silly ADD node_modules/json-schema-traverse
2466 silly ADD node_modules/json-schema
2467 silly ADD node_modules/json-parse-even-better-errors
2468 silly ADD node_modules/json-parse-better-errors
2469 silly ADD node_modules/jsesc
2470 silly ADD node_modules/jsdom
2471 silly ADD node_modules/js-yaml
2472 silly ADD node_modules/js-tokens
2473 silly ADD node_modules/jest-worker
2474 silly ADD node_modules/jest-worker/node_modules/supports-color
2475 silly ADD node_modules/jest-worker/node_modules/has-flag
2476 silly ADD node_modules/jest-watcher
2477 silly ADD node_modules/jest-watcher/node_modules/supports-color
2478 silly ADD node_modules/jest-watcher/node_modules/has-flag
2479 silly ADD node_modules/jest-watcher/node_modules/color-name
2480 silly ADD node_modules/jest-watcher/node_modules/color-convert
2481 silly ADD node_modules/jest-watcher/node_modules/chalk
2482 silly ADD node_modules/jest-watcher/node_modules/ansi-styles
2483 silly ADD node_modules/jest-watch-typeahead
2484 silly ADD node_modules/jest-watch-typeahead/node_modules/supports-color
2485 silly ADD node_modules/jest-watch-typeahead/node_modules/strip-ansi
2486 silly ADD node_modules/jest-watch-typeahead/node_modules/string-length
2487 silly ADD node_modules/jest-watch-typeahead/node_modules/slash
2488 silly ADD node_modules/jest-watch-typeahead/node_modules/has-flag
2489 silly ADD node_modules/jest-watch-typeahead/node_modules/color-name
2490 silly ADD node_modules/jest-watch-typeahead/node_modules/color-convert
2491 silly ADD node_modules/jest-watch-typeahead/node_modules/char-regex
2492 silly ADD node_modules/jest-watch-typeahead/node_modules/chalk
2493 silly ADD node_modules/jest-watch-typeahead/node_modules/ansi-styles
2494 silly ADD node_modules/jest-watch-typeahead/node_modules/ansi-regex
2495 silly ADD node_modules/jest-validate
2496 silly ADD node_modules/jest-validate/node_modules/supports-color
2497 silly ADD node_modules/jest-validate/node_modules/has-flag
2498 silly ADD node_modules/jest-validate/node_modules/color-name
2499 silly ADD node_modules/jest-validate/node_modules/color-convert
2500 silly ADD node_modules/jest-validate/node_modules/chalk
2501 silly ADD node_modules/jest-validate/node_modules/ansi-styles
2502 silly ADD node_modules/jest-util
2503 silly ADD node_modules/jest-util/node_modules/supports-color
2504 silly ADD node_modules/jest-util/node_modules/has-flag
2505 silly ADD node_modules/jest-util/node_modules/color-name
2506 silly ADD node_modules/jest-util/node_modules/color-convert
2507 silly ADD node_modules/jest-util/node_modules/chalk
2508 silly ADD node_modules/jest-util/node_modules/ansi-styles
2509 silly ADD node_modules/jest-snapshot
2510 silly ADD node_modules/jest-snapshot/node_modules/supports-color
2511 silly ADD node_modules/jest-snapshot/node_modules/has-flag
2512 silly ADD node_modules/jest-snapshot/node_modules/color-name
2513 silly ADD node_modules/jest-snapshot/node_modules/color-convert
2514 silly ADD node_modules/jest-snapshot/node_modules/chalk
2515 silly ADD node_modules/jest-snapshot/node_modules/ansi-styles
2516 silly ADD node_modules/jest-serializer
2517 silly ADD node_modules/jest-runtime
2518 silly ADD node_modules/jest-runtime/node_modules/supports-color
2519 silly ADD node_modules/jest-runtime/node_modules/has-flag
2520 silly ADD node_modules/jest-runtime/node_modules/color-name
2521 silly ADD node_modules/jest-runtime/node_modules/color-convert
2522 silly ADD node_modules/jest-runtime/node_modules/chalk
2523 silly ADD node_modules/jest-runtime/node_modules/ansi-styles
2524 silly ADD node_modules/jest-runner
2525 silly ADD node_modules/jest-runner/node_modules/supports-color
2526 silly ADD node_modules/jest-runner/node_modules/has-flag
2527 silly ADD node_modules/jest-runner/node_modules/color-name
2528 silly ADD node_modules/jest-runner/node_modules/color-convert
2529 silly ADD node_modules/jest-runner/node_modules/chalk
2530 silly ADD node_modules/jest-runner/node_modules/ansi-styles
2531 silly ADD node_modules/jest-resolve-dependencies
2532 silly ADD node_modules/jest-resolve
2533 silly ADD node_modules/jest-resolve/node_modules/supports-color
2534 silly ADD node_modules/jest-resolve/node_modules/has-flag
2535 silly ADD node_modules/jest-resolve/node_modules/color-name
2536 silly ADD node_modules/jest-resolve/node_modules/color-convert
2537 silly ADD node_modules/jest-resolve/node_modules/chalk
2538 silly ADD node_modules/jest-resolve/node_modules/ansi-styles
2539 silly ADD node_modules/jest-regex-util
2540 silly ADD node_modules/jest-pnp-resolver
2541 silly ADD node_modules/jest-mock
2542 silly ADD node_modules/jest-message-util
2543 silly ADD node_modules/jest-message-util/node_modules/supports-color
2544 silly ADD node_modules/jest-message-util/node_modules/has-flag
2545 silly ADD node_modules/jest-message-util/node_modules/color-name
2546 silly ADD node_modules/jest-message-util/node_modules/color-convert
2547 silly ADD node_modules/jest-message-util/node_modules/chalk
2548 silly ADD node_modules/jest-message-util/node_modules/ansi-styles
2549 silly ADD node_modules/jest-matcher-utils
2550 silly ADD node_modules/jest-matcher-utils/node_modules/supports-color
2551 silly ADD node_modules/jest-matcher-utils/node_modules/has-flag
2552 silly ADD node_modules/jest-matcher-utils/node_modules/color-name
2553 silly ADD node_modules/jest-matcher-utils/node_modules/color-convert
2554 silly ADD node_modules/jest-matcher-utils/node_modules/chalk
2555 silly ADD node_modules/jest-matcher-utils/node_modules/ansi-styles
2556 silly ADD node_modules/jest-leak-detector
2557 silly ADD node_modules/jest-jasmine2
2558 silly ADD node_modules/jest-jasmine2/node_modules/supports-color
2559 silly ADD node_modules/jest-jasmine2/node_modules/has-flag
2560 silly ADD node_modules/jest-jasmine2/node_modules/color-name
2561 silly ADD node_modules/jest-jasmine2/node_modules/color-convert
2562 silly ADD node_modules/jest-jasmine2/node_modules/chalk
2563 silly ADD node_modules/jest-jasmine2/node_modules/ansi-styles
2564 silly ADD node_modules/jest-haste-map
2565 silly ADD node_modules/jest-get-type
2566 silly ADD node_modules/jest-environment-node
2567 silly ADD node_modules/jest-environment-jsdom
2568 silly ADD node_modules/jest-each
2569 silly ADD node_modules/jest-each/node_modules/supports-color
2570 silly ADD node_modules/jest-each/node_modules/has-flag
2571 silly ADD node_modules/jest-each/node_modules/color-name
2572 silly ADD node_modules/jest-each/node_modules/color-convert
2573 silly ADD node_modules/jest-each/node_modules/chalk
2574 silly ADD node_modules/jest-each/node_modules/ansi-styles
2575 silly ADD node_modules/jest-docblock
2576 silly ADD node_modules/jest-diff
2577 silly ADD node_modules/jest-diff/node_modules/supports-color
2578 silly ADD node_modules/jest-diff/node_modules/has-flag
2579 silly ADD node_modules/jest-diff/node_modules/color-name
2580 silly ADD node_modules/jest-diff/node_modules/color-convert
2581 silly ADD node_modules/jest-diff/node_modules/chalk
2582 silly ADD node_modules/jest-diff/node_modules/ansi-styles
2583 silly ADD node_modules/jest-config
2584 silly ADD node_modules/jest-config/node_modules/supports-color
2585 silly ADD node_modules/jest-config/node_modules/has-flag
2586 silly ADD node_modules/jest-config/node_modules/color-name
2587 silly ADD node_modules/jest-config/node_modules/color-convert
2588 silly ADD node_modules/jest-config/node_modules/chalk
2589 silly ADD node_modules/jest-config/node_modules/ansi-styles
2590 silly ADD node_modules/jest-cli
2591 silly ADD node_modules/jest-cli/node_modules/supports-color
2592 silly ADD node_modules/jest-cli/node_modules/has-flag
2593 silly ADD node_modules/jest-cli/node_modules/color-name
2594 silly ADD node_modules/jest-cli/node_modules/color-convert
2595 silly ADD node_modules/jest-cli/node_modules/chalk
2596 silly ADD node_modules/jest-cli/node_modules/ansi-styles
2597 silly ADD node_modules/jest-circus
2598 silly ADD node_modules/jest-circus/node_modules/supports-color
2599 silly ADD node_modules/jest-circus/node_modules/has-flag
2600 silly ADD node_modules/jest-circus/node_modules/color-name
2601 silly ADD node_modules/jest-circus/node_modules/color-convert
2602 silly ADD node_modules/jest-circus/node_modules/chalk
2603 silly ADD node_modules/jest-circus/node_modules/ansi-styles
2604 silly ADD node_modules/jest-changed-files
2605 silly ADD node_modules/jest
2606 silly ADD node_modules/jake
2607 silly ADD node_modules/jake/node_modules/async
2608 silly ADD node_modules/istanbul-reports
2609 silly ADD node_modules/istanbul-lib-source-maps
2610 silly ADD node_modules/istanbul-lib-source-maps/node_modules/source-map
2611 silly ADD node_modules/istanbul-lib-report
2612 silly ADD node_modules/istanbul-lib-report/node_modules/supports-color
2613 silly ADD node_modules/istanbul-lib-report/node_modules/has-flag
2614 silly ADD node_modules/istanbul-lib-instrument
2615 silly ADD node_modules/istanbul-lib-instrument/node_modules/semver
2616 silly ADD node_modules/istanbul-lib-coverage
2617 silly ADD node_modules/isexe
2618 silly ADD node_modules/isarray
2619 silly ADD node_modules/is-wsl
2620 silly ADD node_modules/is-weakref
2621 silly ADD node_modules/is-typedarray
2622 silly ADD node_modules/is-symbol
2623 silly ADD node_modules/is-string
2624 silly ADD node_modules/is-stream
2625 silly ADD node_modules/is-shared-array-buffer
2626 silly ADD node_modules/is-root
2627 silly ADD node_modules/is-regexp
2628 silly ADD node_modules/is-regex
2629 silly ADD node_modules/is-potential-custom-element-name
2630 silly ADD node_modules/is-plain-obj
2631 silly ADD node_modules/is-path-inside
2632 silly ADD node_modules/is-path-cwd
2633 silly ADD node_modules/is-obj
2634 silly ADD node_modules/is-number-object
2635 silly ADD node_modules/is-number
2636 silly ADD node_modules/is-negative-zero
2637 silly ADD node_modules/is-module
2638 silly ADD node_modules/is-glob
2639 silly ADD node_modules/is-generator-fn
2640 silly ADD node_modules/is-fullwidth-code-point
2641 silly ADD node_modules/is-extglob
2642 silly ADD node_modules/is-docker
2643 silly ADD node_modules/is-date-object
2644 silly ADD node_modules/is-core-module
2645 silly ADD node_modules/is-callable
2646 silly ADD node_modules/is-boolean-object
2647 silly ADD node_modules/is-binary-path
2648 silly ADD node_modules/is-bigint
2649 silly ADD node_modules/is-arrayish
2650 silly ADD node_modules/is-arguments
2651 silly ADD node_modules/ipaddr.js
2652 silly ADD node_modules/ip
2653 silly ADD node_modules/internal-slot
2654 silly ADD node_modules/ini
2655 silly ADD node_modules/inherits
2656 silly ADD node_modules/inflight
2657 silly ADD node_modules/indent-string
2658 silly ADD node_modules/imurmurhash
2659 silly ADD node_modules/import-local
2660 silly ADD node_modules/import-fresh
2661 silly ADD node_modules/import-fresh/node_modules/resolve-from
2662 silly ADD node_modules/immer
2663 silly ADD node_modules/ignore
2664 silly ADD node_modules/identity-obj-proxy
2665 silly ADD node_modules/idb
2666 silly ADD node_modules/icss-utils
2667 silly ADD node_modules/iconv-lite
2668 silly ADD node_modules/human-signals
2669 silly ADD node_modules/https-proxy-agent
2670 silly ADD node_modules/http-proxy-middleware
2671 silly ADD node_modules/http-proxy-agent
2672 silly ADD node_modules/http-proxy
2673 silly ADD node_modules/http-parser-js
2674 silly ADD node_modules/http-errors
2675 silly ADD node_modules/http-deceiver
2676 silly ADD node_modules/htmlparser2
2677 silly ADD node_modules/html-webpack-plugin
2678 silly ADD node_modules/html-minifier-terser
2679 silly ADD node_modules/html-escaper
2680 silly ADD node_modules/html-entities
2681 silly ADD node_modules/html-encoding-sniffer
2682 silly ADD node_modules/hpack.js
2683 silly ADD node_modules/hpack.js/node_modules/string_decoder
2684 silly ADD node_modules/hpack.js/node_modules/readable-stream
2685 silly ADD node_modules/hoopy
2686 silly ADD node_modules/hoist-non-react-statics
2687 silly ADD node_modules/hoist-non-react-statics/node_modules/react-is
2688 silly ADD node_modules/history
2689 silly ADD node_modules/he
2690 silly ADD node_modules/has-tostringtag
2691 silly ADD node_modules/has-symbols
2692 silly ADD node_modules/has-flag
2693 silly ADD node_modules/has-bigints
2694 silly ADD node_modules/has
2695 silly ADD node_modules/harmony-reflect
2696 silly ADD node_modules/handle-thing
2697 silly ADD node_modules/gzip-size
2698 silly ADD node_modules/graceful-fs
2699 silly ADD node_modules/globby
2700 silly ADD node_modules/globby/node_modules/ignore
2701 silly ADD node_modules/globals
2702 silly ADD node_modules/global-prefix
2703 silly ADD node_modules/global-prefix/node_modules/which
2704 silly ADD node_modules/global-modules
2705 silly ADD node_modules/glob-to-regexp
2706 silly ADD node_modules/glob-parent
2707 silly ADD node_modules/glob
2708 silly ADD node_modules/get-symbol-description
2709 silly ADD node_modules/get-stream
2710 silly ADD node_modules/get-package-type
2711 silly ADD node_modules/get-own-enumerable-property-symbols
2712 silly ADD node_modules/get-intrinsic
2713 silly ADD node_modules/get-caller-file
2714 silly ADD node_modules/gensync
2715 silly ADD node_modules/functional-red-black-tree
2716 silly ADD node_modules/function-bind
2717 silly ADD
2718 silly ADD node_modules/fs.realpath
2719 silly ADD node_modules/fs-monkey
2720 silly ADD node_modules/fs-extra
2721 silly ADD node_modules/fresh
2722 silly ADD node_modules/fraction.js
2723 silly ADD node_modules/forwarded
2724 silly ADD node_modules/form-data
2725 silly ADD node_modules/fork-ts-checker-webpack-plugin
2726 silly ADD node_modules/fork-ts-checker-webpack-plugin/node_modules/tapable
2727 silly ADD node_modules/fork-ts-checker-webpack-plugin/node_modules/supports-color
2728 silly ADD node_modules/fork-ts-checker-webpack-plugin/node_modules/schema-utils
2729 silly ADD node_modules/fork-ts-checker-webpack-plugin/node_modules/has-flag
2730 silly ADD node_modules/fork-ts-checker-webpack-plugin/node_modules/fs-extra
2731 silly ADD node_modules/fork-ts-checker-webpack-plugin/node_modules/cosmiconfig
2732 silly ADD node_modules/fork-ts-checker-webpack-plugin/node_modules/color-name
2733 silly ADD node_modules/fork-ts-checker-webpack-plugin/node_modules/color-convert
2734 silly ADD node_modules/fork-ts-checker-webpack-plugin/node_modules/chalk
2735 silly ADD node_modules/fork-ts-checker-webpack-plugin/node_modules/ansi-styles
2736 silly ADD node_modules/follow-redirects
2737 silly ADD node_modules/flatted
2738 silly ADD node_modules/flat-cache
2739 silly ADD node_modules/find-up
2740 silly ADD node_modules/find-cache-dir
2741 silly ADD node_modules/finalhandler
2742 silly ADD node_modules/finalhandler/node_modules/ms
2743 silly ADD node_modules/finalhandler/node_modules/debug
2744 silly ADD node_modules/fill-range
2745 silly ADD node_modules/filesize
2746 silly ADD node_modules/filelist
2747 silly ADD node_modules/file-loader
2748 silly ADD node_modules/file-entry-cache
2749 silly ADD node_modules/fb-watchman
2750 silly ADD node_modules/faye-websocket
2751 silly ADD node_modules/fastq
2752 silly ADD node_modules/fast-levenshtein
2753 silly ADD node_modules/fast-json-stable-stringify
2754 silly ADD node_modules/fast-glob
2755 silly ADD node_modules/fast-glob/node_modules/glob-parent
2756 silly ADD node_modules/fast-deep-equal
2757 silly ADD node_modules/express
2758 silly ADD node_modules/express/node_modules/safe-buffer
2759 silly ADD node_modules/express/node_modules/ms
2760 silly ADD node_modules/express/node_modules/debug
2761 silly ADD node_modules/express/node_modules/array-flatten
2762 silly ADD node_modules/expect
2763 silly ADD node_modules/exit
2764 silly ADD node_modules/execa
2765 silly ADD node_modules/events
2766 silly ADD node_modules/eventemitter3
2767 silly ADD node_modules/etag
2768 silly ADD node_modules/esutils
2769 silly ADD node_modules/estree-walker
2770 silly ADD node_modules/estraverse
2771 silly ADD node_modules/esrecurse
2772 silly ADD node_modules/esquery
2773 silly ADD node_modules/esprima
2774 silly ADD node_modules/espree
2775 silly ADD node_modules/eslint-webpack-plugin
2776 silly ADD node_modules/eslint-visitor-keys
2777 silly ADD node_modules/eslint-utils
2778 silly ADD node_modules/eslint-utils/node_modules/eslint-visitor-keys
2779 silly ADD node_modules/eslint-scope
2780 silly ADD node_modules/eslint-plugin-testing-library
2781 silly ADD node_modules/eslint-plugin-react-hooks
2782 silly ADD node_modules/eslint-plugin-react
2783 silly ADD node_modules/eslint-plugin-react/node_modules/semver
2784 silly ADD node_modules/eslint-plugin-react/node_modules/resolve
2785 silly ADD node_modules/eslint-plugin-react/node_modules/doctrine
2786 silly ADD node_modules/eslint-plugin-jsx-a11y
2787 silly ADD node_modules/eslint-plugin-jest
2788 silly ADD node_modules/eslint-plugin-import
2789 silly ADD node_modules/eslint-plugin-import/node_modules/ms
2790 silly ADD node_modules/eslint-plugin-import/node_modules/doctrine
2791 silly ADD node_modules/eslint-plugin-import/node_modules/debug
2792 silly ADD node_modules/eslint-plugin-flowtype
2793 silly ADD node_modules/eslint-module-utils
2794 silly ADD node_modules/eslint-module-utils/node_modules/path-exists
2795 silly ADD node_modules/eslint-module-utils/node_modules/p-try
2796 silly ADD node_modules/eslint-module-utils/node_modules/p-locate
2797 silly ADD node_modules/eslint-module-utils/node_modules/p-limit
2798 silly ADD node_modules/eslint-module-utils/node_modules/locate-path
2799 silly ADD node_modules/eslint-module-utils/node_modules/find-up
2800 silly ADD node_modules/eslint-module-utils/node_modules/debug
2801 silly ADD node_modules/eslint-import-resolver-node
2802 silly ADD node_modules/eslint-import-resolver-node/node_modules/debug
2803 silly ADD node_modules/eslint-config-react-app
2804 silly ADD node_modules/eslint
2805 silly ADD node_modules/eslint/node_modules/type-fest
2806 silly ADD node_modules/eslint/node_modules/supports-color
2807 silly ADD node_modules/eslint/node_modules/js-yaml
2808 silly ADD node_modules/eslint/node_modules/has-flag
2809 silly ADD node_modules/eslint/node_modules/globals
2810 silly ADD node_modules/eslint/node_modules/escape-string-regexp
2811 silly ADD node_modules/eslint/node_modules/color-name
2812 silly ADD node_modules/eslint/node_modules/color-convert
2813 silly ADD node_modules/eslint/node_modules/chalk
2814 silly ADD node_modules/eslint/node_modules/argparse
2815 silly ADD node_modules/eslint/node_modules/ansi-styles
2816 silly ADD node_modules/escodegen
2817 silly ADD node_modules/escodegen/node_modules/type-check
2818 silly ADD node_modules/escodegen/node_modules/source-map
2819 silly ADD node_modules/escodegen/node_modules/prelude-ls
2820 silly ADD node_modules/escodegen/node_modules/optionator
2821 silly ADD node_modules/escodegen/node_modules/levn
2822 silly ADD node_modules/escape-string-regexp
2823 silly ADD node_modules/escape-html
2824 silly ADD node_modules/escalade
2825 silly ADD node_modules/es-to-primitive
2826 silly ADD node_modules/es-module-lexer
2827 silly ADD node_modules/es-abstract
2828 silly ADD node_modules/error-stack-parser
2829 silly ADD node_modules/error-ex
2830 silly ADD node_modules/entities
2831 silly ADD node_modules/enquirer
2832 silly ADD node_modules/enhanced-resolve
2833 silly ADD node_modules/encodeurl
2834 silly ADD node_modules/emojis-list
2835 silly ADD node_modules/emoji-regex
2836 silly ADD node_modules/emittery
2837 silly ADD node_modules/electron-to-chromium
2838 silly ADD node_modules/ejs
2839 silly ADD node_modules/ee-first
2840 silly ADD node_modules/duplexer
2841 silly ADD node_modules/dotenv-expand
2842 silly ADD node_modules/dotenv
2843 silly ADD node_modules/dot-case
2844 silly ADD node_modules/domutils
2845 silly ADD node_modules/domhandler
2846 silly ADD node_modules/domexception
2847 silly ADD node_modules/domexception/node_modules/webidl-conversions
2848 silly ADD node_modules/domelementtype
2849 silly ADD node_modules/dom-serializer
2850 silly ADD node_modules/dom-converter
2851 silly ADD node_modules/dom-accessibility-api
2852 silly ADD node_modules/doctrine
2853 silly ADD node_modules/dns-txt
2854 silly ADD node_modules/dns-packet
2855 silly ADD node_modules/dns-equal
2856 silly ADD node_modules/dlv
2857 silly ADD node_modules/dir-glob
2858 silly ADD node_modules/diff-sequences
2859 silly ADD node_modules/didyoumean
2860 silly ADD node_modules/detective
2861 silly ADD node_modules/detect-port-alt
2862 silly ADD node_modules/detect-port-alt/node_modules/ms
2863 silly ADD node_modules/detect-port-alt/node_modules/debug
2864 silly ADD node_modules/detect-node
2865 silly ADD node_modules/detect-newline
2866 silly ADD node_modules/destroy
2867 silly ADD node_modules/depd
2868 silly ADD node_modules/delayed-stream
2869 silly ADD node_modules/del
2870 silly ADD node_modules/defined
2871 silly ADD node_modules/define-properties
2872 silly ADD node_modules/define-lazy-prop
2873 silly ADD node_modules/default-gateway
2874 silly ADD node_modules/deepmerge
2875 silly ADD node_modules/deep-is
2876 silly ADD node_modules/deep-equal
2877 silly ADD node_modules/dedent
2878 silly ADD node_modules/decode-uri-component
2879 silly ADD node_modules/decimal.js
2880 silly ADD node_modules/debug
2881 silly ADD node_modules/data-urls
2882 silly ADD node_modules/damerau-levenshtein
2883 silly ADD node_modules/cssstyle
2884 silly ADD node_modules/cssstyle/node_modules/cssom
2885 silly ADD node_modules/cssom
2886 silly ADD node_modules/csso
2887 silly ADD node_modules/csso/node_modules/source-map
2888 silly ADD node_modules/csso/node_modules/mdn-data
2889 silly ADD node_modules/csso/node_modules/css-tree
2890 silly ADD node_modules/cssnano-utils
2891 silly ADD node_modules/cssnano-preset-default
2892 silly ADD node_modules/cssnano
2893 silly ADD node_modules/cssesc
2894 silly ADD node_modules/cssdb
2895 silly ADD node_modules/css.escape
2896 silly ADD node_modules/css-what
2897 silly ADD node_modules/css-tree
2898 silly ADD node_modules/css-tree/node_modules/source-map
2899 silly ADD node_modules/css-select-base-adapter
2900 silly ADD node_modules/css-select
2901 silly ADD node_modules/css-prefers-color-scheme
2902 silly ADD node_modules/css-minimizer-webpack-plugin
2903 silly ADD node_modules/css-minimizer-webpack-plugin/node_modules/source-map
2904 silly ADD node_modules/css-minimizer-webpack-plugin/node_modules/schema-utils
2905 silly ADD node_modules/css-minimizer-webpack-plugin/node_modules/json-schema-traverse
2906 silly ADD node_modules/css-minimizer-webpack-plugin/node_modules/ajv-keywords
2907 silly ADD node_modules/css-minimizer-webpack-plugin/node_modules/ajv
2908 silly ADD node_modules/css-loader
2909 silly ADD node_modules/css-has-pseudo
2910 silly ADD node_modules/css-declaration-sorter
2911 silly ADD node_modules/css-blank-pseudo
2912 silly ADD node_modules/css
2913 silly ADD node_modules/css/node_modules/source-map
2914 silly ADD node_modules/crypto-random-string
2915 silly ADD node_modules/cross-spawn
2916 silly ADD node_modules/cosmiconfig
2917 silly ADD node_modules/core-util-is
2918 silly ADD node_modules/core-js-pure
2919 silly ADD node_modules/core-js-compat
2920 silly ADD node_modules/core-js-compat/node_modules/semver
2921 silly ADD node_modules/core-js
2922 silly ADD node_modules/cookie-signature
2923 silly ADD node_modules/cookie
2924 silly ADD node_modules/convert-source-map
2925 silly ADD node_modules/content-type
2926 silly ADD node_modules/content-disposition
2927 silly ADD node_modules/content-disposition/node_modules/safe-buffer
2928 silly ADD node_modules/connect-history-api-fallback
2929 silly ADD node_modules/confusing-browser-globals
2930 silly ADD node_modules/concat-map
2931 silly ADD node_modules/compression
2932 silly ADD node_modules/compression/node_modules/ms
2933 silly ADD node_modules/compression/node_modules/debug
2934 silly ADD node_modules/compressible
2935 silly ADD node_modules/commondir
2936 silly ADD node_modules/common-tags
2937 silly ADD node_modules/common-path-prefix
2938 silly ADD node_modules/commander
2939 silly ADD node_modules/combined-stream
2940 silly ADD node_modules/colorette
2941 silly ADD node_modules/colord
2942 silly ADD node_modules/color-name
2943 silly ADD node_modules/color-convert
2944 silly ADD node_modules/collect-v8-coverage
2945 silly ADD node_modules/coa
2946 silly ADD node_modules/co
2947 silly ADD node_modules/cliui
2948 silly ADD node_modules/clean-stack
2949 silly ADD node_modules/clean-css
2950 silly ADD node_modules/clean-css/node_modules/source-map
2951 silly ADD node_modules/cjs-module-lexer
2952 silly ADD node_modules/ci-info
2953 silly ADD node_modules/chrome-trace-event
2954 silly ADD node_modules/chokidar
2955 silly ADD node_modules/chokidar/node_modules/glob-parent
2956 silly ADD node_modules/check-types
2957 silly ADD node_modules/char-regex
2958 silly ADD node_modules/chalk
2959 silly ADD node_modules/case-sensitive-paths-webpack-plugin
2960 silly ADD node_modules/caniuse-lite
2961 silly ADD node_modules/caniuse-api
2962 silly ADD node_modules/camelcase-css
2963 silly ADD node_modules/camelcase
2964 silly ADD node_modules/camel-case
2965 silly ADD node_modules/callsites
2966 silly ADD node_modules/call-bind
2967 silly ADD node_modules/bytes
2968 silly ADD node_modules/builtin-modules
2969 silly ADD node_modules/buffer-indexof
2970 silly ADD node_modules/buffer-from
2971 silly ADD node_modules/bser
2972 silly ADD node_modules/browserslist
2973 silly ADD node_modules/browser-process-hrtime
2974 silly ADD node_modules/braces
2975 silly ADD node_modules/brace-expansion
2976 silly ADD node_modules/boolbase
2977 silly ADD node_modules/bonjour
2978 silly ADD node_modules/body-parser
2979 silly ADD node_modules/body-parser/node_modules/ms
2980 silly ADD node_modules/body-parser/node_modules/iconv-lite
2981 silly ADD node_modules/body-parser/node_modules/debug
2982 silly ADD node_modules/body-parser/node_modules/bytes
2983 silly ADD node_modules/bluebird
2984 silly ADD node_modules/binary-extensions
2985 silly ADD node_modules/big.js
2986 silly ADD node_modules/bfj
2987 silly ADD node_modules/batch
2988 silly ADD node_modules/balanced-match
2989 silly ADD node_modules/babel-preset-react-app
2990 silly ADD node_modules/babel-preset-jest
2991 silly ADD node_modules/babel-preset-current-node-syntax
2992 silly ADD node_modules/babel-plugin-transform-react-remove-prop-types
2993 silly ADD node_modules/babel-plugin-polyfill-regenerator
2994 silly ADD node_modules/babel-plugin-polyfill-corejs3
2995 silly ADD node_modules/babel-plugin-polyfill-corejs2
2996 silly ADD node_modules/babel-plugin-polyfill-corejs2/node_modules/semver
2997 silly ADD node_modules/babel-plugin-named-asset-import
2998 silly ADD node_modules/babel-plugin-macros
2999 silly ADD node_modules/babel-plugin-jest-hoist
3000 silly ADD node_modules/babel-plugin-istanbul
3001 silly ADD node_modules/babel-plugin-dynamic-import-node
3002 silly ADD node_modules/babel-loader
3003 silly ADD node_modules/babel-loader/node_modules/schema-utils
3004 silly ADD node_modules/babel-loader/node_modules/loader-utils
3005 silly ADD node_modules/babel-loader/node_modules/json5
3006 silly ADD node_modules/babel-jest
3007 silly ADD node_modules/babel-jest/node_modules/supports-color
3008 silly ADD node_modules/babel-jest/node_modules/has-flag
3009 silly ADD node_modules/babel-jest/node_modules/color-name
3010 silly ADD node_modules/babel-jest/node_modules/color-convert
3011 silly ADD node_modules/babel-jest/node_modules/chalk
3012 silly ADD node_modules/babel-jest/node_modules/ansi-styles
3013 silly ADD node_modules/axobject-query
3014 silly ADD node_modules/axe-core
3015 silly ADD node_modules/autoprefixer
3016 silly ADD node_modules/atob
3017 silly ADD node_modules/at-least-node
3018 silly ADD node_modules/asynckit
3019 silly ADD node_modules/async
3020 silly ADD node_modules/ast-types-flow
3021 silly ADD node_modules/asap
3022 silly ADD node_modules/array.prototype.flatmap
3023 silly ADD node_modules/array.prototype.flat
3024 silly ADD node_modules/array-union
3025 silly ADD node_modules/array-includes
3026 silly ADD node_modules/array-flatten
3027 silly ADD node_modules/aria-query
3028 silly ADD node_modules/argparse
3029 silly ADD node_modules/arg
3030 silly ADD node_modules/anymatch
3031 silly ADD node_modules/ansi-styles
3032 silly ADD node_modules/ansi-regex
3033 silly ADD node_modules/ansi-html-community
3034 silly ADD node_modules/ansi-escapes
3035 silly ADD node_modules/ansi-colors
3036 silly ADD node_modules/alphanum-sort
3037 silly ADD node_modules/ajv-keywords
3038 silly ADD node_modules/ajv-formats
3039 silly ADD node_modules/ajv-formats/node_modules/json-schema-traverse
3040 silly ADD node_modules/ajv-formats/node_modules/ajv
3041 silly ADD node_modules/ajv
3042 silly ADD node_modules/aggregate-error
3043 silly ADD node_modules/agent-base
3044 silly ADD node_modules/adjust-sourcemap-loader
3045 silly ADD node_modules/address
3046 silly ADD node_modules/acorn-walk
3047 silly ADD node_modules/acorn-node
3048 silly ADD node_modules/acorn-node/node_modules/acorn
3049 silly ADD node_modules/acorn-jsx
3050 silly ADD node_modules/acorn-import-assertions
3051 silly ADD node_modules/acorn-globals
3052 silly ADD node_modules/acorn-globals/node_modules/acorn
3053 silly ADD node_modules/acorn
3054 silly ADD node_modules/accepts
3055 silly ADD node_modules/abab
3056 silly ADD node_modules/@xtuc/long
3057 silly ADD node_modules/@xtuc/ieee754
3058 silly ADD node_modules/@webassemblyjs/wast-printer
3059 silly ADD node_modules/@webassemblyjs/wasm-parser
3060 silly ADD node_modules/@webassemblyjs/wasm-opt
3061 silly ADD node_modules/@webassemblyjs/wasm-gen
3062 silly ADD node_modules/@webassemblyjs/wasm-edit
3063 silly ADD node_modules/@webassemblyjs/utf8
3064 silly ADD node_modules/@webassemblyjs/leb128
3065 silly ADD node_modules/@webassemblyjs/ieee754
3066 silly ADD node_modules/@webassemblyjs/helper-wasm-section
3067 silly ADD node_modules/@webassemblyjs/helper-wasm-bytecode
3068 silly ADD node_modules/@webassemblyjs/helper-numbers
3069 silly ADD node_modules/@webassemblyjs/helper-buffer
3070 silly ADD node_modules/@webassemblyjs/helper-api-error
3071 silly ADD node_modules/@webassemblyjs/floating-point-hex-parser
3072 silly ADD node_modules/@webassemblyjs/ast
3073 silly ADD node_modules/@typescript-eslint/visitor-keys
3074 silly ADD node_modules/@typescript-eslint/typescript-estree
3075 silly ADD node_modules/@typescript-eslint/types
3076 silly ADD node_modules/@typescript-eslint/type-utils
3077 silly ADD node_modules/@typescript-eslint/scope-manager
3078 silly ADD node_modules/@typescript-eslint/parser
3079 silly ADD node_modules/@typescript-eslint/experimental-utils
3080 silly ADD node_modules/@typescript-eslint/experimental-utils/node_modules/estraverse
3081 silly ADD node_modules/@typescript-eslint/experimental-utils/node_modules/eslint-scope
3082 silly ADD node_modules/@typescript-eslint/eslint-plugin
3083 silly ADD node_modules/@typescript-eslint/eslint-plugin/node_modules/ignore
3084 silly ADD node_modules/@types/yargs-parser
3085 silly ADD node_modules/@types/yargs
3086 silly ADD node_modules/@types/ws
3087 silly ADD node_modules/@types/trusted-types
3088 silly ADD node_modules/@types/testing-library__jest-dom
3089 silly ADD node_modules/@types/stack-utils
3090 silly ADD node_modules/@types/sockjs
3091 silly ADD node_modules/@types/serve-static
3092 silly ADD node_modules/@types/serve-index
3093 silly ADD node_modules/@types/retry
3094 silly ADD node_modules/@types/resolve
3095 silly ADD node_modules/@types/range-parser
3096 silly ADD node_modules/@types/qs
3097 silly ADD node_modules/@types/q
3098 silly ADD node_modules/@types/prettier
3099 silly ADD node_modules/@types/parse-json
3100 silly ADD node_modules/@types/node
3101 silly ADD node_modules/@types/mime
3102 silly ADD node_modules/@types/json5
3103 silly ADD node_modules/@types/json-schema
3104 silly ADD node_modules/@types/jest
3105 silly ADD node_modules/@types/istanbul-reports
3106 silly ADD node_modules/@types/istanbul-lib-report
3107 silly ADD node_modules/@types/istanbul-lib-coverage
3108 silly ADD node_modules/@types/http-proxy
3109 silly ADD node_modules/@types/html-minifier-terser
3110 silly ADD node_modules/@types/graceful-fs
3111 silly ADD node_modules/@types/express-serve-static-core
3112 silly ADD node_modules/@types/express
3113 silly ADD node_modules/@types/estree
3114 silly ADD node_modules/@types/eslint-scope
3115 silly ADD node_modules/@types/eslint
3116 silly ADD node_modules/@types/connect-history-api-fallback
3117 silly ADD node_modules/@types/connect
3118 silly ADD node_modules/@types/bonjour
3119 silly ADD node_modules/@types/body-parser
3120 silly ADD node_modules/@types/babel__traverse
3121 silly ADD node_modules/@types/babel__template
3122 silly ADD node_modules/@types/babel__generator
3123 silly ADD node_modules/@types/babel__core
3124 silly ADD node_modules/@types/aria-query
3125 silly ADD node_modules/@trysound/sax
3126 silly ADD node_modules/@tootallnate/once
3127 silly ADD node_modules/@testing-library/user-event
3128 silly ADD node_modules/@testing-library/react
3129 silly ADD node_modules/@testing-library/jest-dom
3130 silly ADD node_modules/@testing-library/jest-dom/node_modules/supports-color
3131 silly ADD node_modules/@testing-library/jest-dom/node_modules/has-flag
3132 silly ADD node_modules/@testing-library/jest-dom/node_modules/color-name
3133 silly ADD node_modules/@testing-library/jest-dom/node_modules/color-convert
3134 silly ADD node_modules/@testing-library/jest-dom/node_modules/chalk
3135 silly ADD node_modules/@testing-library/jest-dom/node_modules/aria-query
3136 silly ADD node_modules/@testing-library/jest-dom/node_modules/ansi-styles
3137 silly ADD node_modules/@testing-library/dom
3138 silly ADD node_modules/@testing-library/dom/node_modules/supports-color
3139 silly ADD node_modules/@testing-library/dom/node_modules/has-flag
3140 silly ADD node_modules/@testing-library/dom/node_modules/color-name
3141 silly ADD node_modules/@testing-library/dom/node_modules/color-convert
3142 silly ADD node_modules/@testing-library/dom/node_modules/chalk
3143 silly ADD node_modules/@testing-library/dom/node_modules/aria-query
3144 silly ADD node_modules/@testing-library/dom/node_modules/ansi-styles
3145 silly ADD node_modules/@svgr/webpack
3146 silly ADD node_modules/@svgr/plugin-svgo
3147 silly ADD node_modules/@svgr/plugin-jsx
3148 silly ADD node_modules/@svgr/hast-util-to-babel-ast
3149 silly ADD node_modules/@svgr/core
3150 silly ADD node_modules/@svgr/babel-preset
3151 silly ADD node_modules/@svgr/babel-plugin-transform-svg-component
3152 silly ADD node_modules/@svgr/babel-plugin-transform-react-native-svg
3153 silly ADD node_modules/@svgr/babel-plugin-svg-em-dimensions
3154 silly ADD node_modules/@svgr/babel-plugin-svg-dynamic-title
3155 silly ADD node_modules/@svgr/babel-plugin-replace-jsx-attribute-value
3156 silly ADD node_modules/@svgr/babel-plugin-remove-jsx-empty-expression
3157 silly ADD node_modules/@svgr/babel-plugin-remove-jsx-attribute
3158 silly ADD node_modules/@svgr/babel-plugin-add-jsx-attribute
3159 silly ADD node_modules/@surma/rollup-plugin-off-main-thread
3160 silly ADD node_modules/@sinonjs/fake-timers
3161 silly ADD node_modules/@sinonjs/commons
3162 silly ADD node_modules/@rushstack/eslint-patch
3163 silly ADD node_modules/@rollup/pluginutils
3164 silly ADD node_modules/@rollup/pluginutils/node_modules/@types/estree
3165 silly ADD node_modules/@rollup/plugin-replace
3166 silly ADD node_modules/@rollup/plugin-node-resolve
3167 silly ADD node_modules/@rollup/plugin-babel
3168 silly ADD node_modules/@pmmmwh/react-refresh-webpack-plugin
3169 silly ADD node_modules/@pmmmwh/react-refresh-webpack-plugin/node_modules/source-map
3170 silly ADD node_modules/@nodelib/fs.walk
3171 silly ADD node_modules/@nodelib/fs.stat
3172 silly ADD node_modules/@nodelib/fs.scandir
3173 silly ADD node_modules/@jest/types
3174 silly ADD node_modules/@jest/types/node_modules/supports-color
3175 silly ADD node_modules/@jest/types/node_modules/has-flag
3176 silly ADD node_modules/@jest/types/node_modules/color-name
3177 silly ADD node_modules/@jest/types/node_modules/color-convert
3178 silly ADD node_modules/@jest/types/node_modules/chalk
3179 silly ADD node_modules/@jest/types/node_modules/ansi-styles
3180 silly ADD node_modules/@jest/transform
3181 silly ADD node_modules/@jest/transform/node_modules/supports-color
3182 silly ADD node_modules/@jest/transform/node_modules/source-map
3183 silly ADD node_modules/@jest/transform/node_modules/has-flag
3184 silly ADD node_modules/@jest/transform/node_modules/color-name
3185 silly ADD node_modules/@jest/transform/node_modules/color-convert
3186 silly ADD node_modules/@jest/transform/node_modules/chalk
3187 silly ADD node_modules/@jest/transform/node_modules/ansi-styles
3188 silly ADD node_modules/@jest/test-sequencer
3189 silly ADD node_modules/@jest/test-result
3190 silly ADD node_modules/@jest/source-map
3191 silly ADD node_modules/@jest/source-map/node_modules/source-map
3192 silly ADD node_modules/@jest/reporters
3193 silly ADD node_modules/@jest/reporters/node_modules/supports-color
3194 silly ADD node_modules/@jest/reporters/node_modules/source-map
3195 silly ADD node_modules/@jest/reporters/node_modules/has-flag
3196 silly ADD node_modules/@jest/reporters/node_modules/color-name
3197 silly ADD node_modules/@jest/reporters/node_modules/color-convert
3198 silly ADD node_modules/@jest/reporters/node_modules/chalk
3199 silly ADD node_modules/@jest/reporters/node_modules/ansi-styles
3200 silly ADD node_modules/@jest/globals
3201 silly ADD node_modules/@jest/fake-timers
3202 silly ADD node_modules/@jest/environment
3203 silly ADD node_modules/@jest/core
3204 silly ADD node_modules/@jest/core/node_modules/supports-color
3205 silly ADD node_modules/@jest/core/node_modules/has-flag
3206 silly ADD node_modules/@jest/core/node_modules/color-name
3207 silly ADD node_modules/@jest/core/node_modules/color-convert
3208 silly ADD node_modules/@jest/core/node_modules/chalk
3209 silly ADD node_modules/@jest/core/node_modules/ansi-styles
3210 silly ADD node_modules/@jest/console
3211 silly ADD node_modules/@jest/console/node_modules/supports-color
3212 silly ADD node_modules/@jest/console/node_modules/has-flag
3213 silly ADD node_modules/@jest/console/node_modules/color-name
3214 silly ADD node_modules/@jest/console/node_modules/color-convert
3215 silly ADD node_modules/@jest/console/node_modules/chalk
3216 silly ADD node_modules/@jest/console/node_modules/ansi-styles
3217 silly ADD node_modules/@istanbuljs/schema
3218 silly ADD node_modules/@istanbuljs/load-nyc-config
3219 silly ADD node_modules/@istanbuljs/load-nyc-config/node_modules/p-locate
3220 silly ADD node_modules/@istanbuljs/load-nyc-config/node_modules/p-limit
3221 silly ADD node_modules/@istanbuljs/load-nyc-config/node_modules/locate-path
3222 silly ADD node_modules/@istanbuljs/load-nyc-config/node_modules/find-up
3223 silly ADD node_modules/@istanbuljs/load-nyc-config/node_modules/camelcase
3224 silly ADD node_modules/@humanwhocodes/object-schema
3225 silly ADD node_modules/@humanwhocodes/config-array
3226 silly ADD node_modules/@eslint/eslintrc
3227 silly ADD node_modules/@eslint/eslintrc/node_modules/type-fest
3228 silly ADD node_modules/@eslint/eslintrc/node_modules/js-yaml
3229 silly ADD node_modules/@eslint/eslintrc/node_modules/globals
3230 silly ADD node_modules/@eslint/eslintrc/node_modules/argparse
3231 silly ADD node_modules/@csstools/normalize.css
3232 silly ADD node_modules/@bcoe/v8-coverage
3233 silly ADD node_modules/@babel/types
3234 silly ADD node_modules/@babel/traverse
3235 silly ADD node_modules/@babel/template
3236 silly ADD node_modules/@babel/runtime-corejs3
3237 silly ADD node_modules/@babel/runtime
3238 silly ADD node_modules/@babel/preset-typescript
3239 silly ADD node_modules/@babel/preset-react
3240 silly ADD node_modules/@babel/preset-modules
3241 silly ADD node_modules/@babel/preset-env
3242 silly ADD node_modules/@babel/preset-env/node_modules/semver
3243 silly ADD node_modules/@babel/plugin-transform-unicode-regex
3244 silly ADD node_modules/@babel/plugin-transform-unicode-escapes
3245 silly ADD node_modules/@babel/plugin-transform-typescript
3246 silly ADD node_modules/@babel/plugin-transform-typeof-symbol
3247 silly ADD node_modules/@babel/plugin-transform-template-literals
3248 silly ADD node_modules/@babel/plugin-transform-sticky-regex
3249 silly ADD node_modules/@babel/plugin-transform-spread
3250 silly ADD node_modules/@babel/plugin-transform-shorthand-properties
3251 silly ADD node_modules/@babel/plugin-transform-runtime
3252 silly ADD node_modules/@babel/plugin-transform-runtime/node_modules/semver
3253 silly ADD node_modules/@babel/plugin-transform-reserved-words
3254 silly ADD node_modules/@babel/plugin-transform-regenerator
3255 silly ADD node_modules/@babel/plugin-transform-react-pure-annotations
3256 silly ADD node_modules/@babel/plugin-transform-react-jsx-development
3257 silly ADD node_modules/@babel/plugin-transform-react-jsx
3258 silly ADD node_modules/@babel/plugin-transform-react-display-name
3259 silly ADD node_modules/@babel/plugin-transform-react-constant-elements
3260 silly ADD node_modules/@babel/plugin-transform-property-literals
3261 silly ADD node_modules/@babel/plugin-transform-parameters
3262 silly ADD node_modules/@babel/plugin-transform-object-super
3263 silly ADD node_modules/@babel/plugin-transform-new-target
3264 silly ADD node_modules/@babel/plugin-transform-named-capturing-groups-regex
3265 silly ADD node_modules/@babel/plugin-transform-modules-umd
3266 silly ADD node_modules/@babel/plugin-transform-modules-systemjs
3267 silly ADD node_modules/@babel/plugin-transform-modules-commonjs
3268 silly ADD node_modules/@babel/plugin-transform-modules-amd
3269 silly ADD node_modules/@babel/plugin-transform-member-expression-literals
3270 silly ADD node_modules/@babel/plugin-transform-literals
3271 silly ADD node_modules/@babel/plugin-transform-function-name
3272 silly ADD node_modules/@babel/plugin-transform-for-of
3273 silly ADD node_modules/@babel/plugin-transform-flow-strip-types
3274 silly ADD node_modules/@babel/plugin-transform-exponentiation-operator
3275 silly ADD node_modules/@babel/plugin-transform-duplicate-keys
3276 silly ADD node_modules/@babel/plugin-transform-dotall-regex
3277 silly ADD node_modules/@babel/plugin-transform-destructuring
3278 silly ADD node_modules/@babel/plugin-transform-computed-properties
3279 silly ADD node_modules/@babel/plugin-transform-classes
3280 silly ADD node_modules/@babel/plugin-transform-block-scoping
3281 silly ADD node_modules/@babel/plugin-transform-block-scoped-functions
3282 silly ADD node_modules/@babel/plugin-transform-async-to-generator
3283 silly ADD node_modules/@babel/plugin-transform-arrow-functions
3284 silly ADD node_modules/@babel/plugin-syntax-typescript
3285 silly ADD node_modules/@babel/plugin-syntax-top-level-await
3286 silly ADD node_modules/@babel/plugin-syntax-private-property-in-object
3287 silly ADD node_modules/@babel/plugin-syntax-optional-chaining
3288 silly ADD node_modules/@babel/plugin-syntax-optional-catch-binding
3289 silly ADD node_modules/@babel/plugin-syntax-object-rest-spread
3290 silly ADD node_modules/@babel/plugin-syntax-numeric-separator
3291 silly ADD node_modules/@babel/plugin-syntax-nullish-coalescing-operator
3292 silly ADD node_modules/@babel/plugin-syntax-logical-assignment-operators
3293 silly ADD node_modules/@babel/plugin-syntax-jsx
3294 silly ADD node_modules/@babel/plugin-syntax-json-strings
3295 silly ADD node_modules/@babel/plugin-syntax-import-meta
3296 silly ADD node_modules/@babel/plugin-syntax-flow
3297 silly ADD node_modules/@babel/plugin-syntax-export-namespace-from
3298 silly ADD node_modules/@babel/plugin-syntax-dynamic-import
3299 silly ADD node_modules/@babel/plugin-syntax-decorators
3300 silly ADD node_modules/@babel/plugin-syntax-class-static-block
3301 silly ADD node_modules/@babel/plugin-syntax-class-properties
3302 silly ADD node_modules/@babel/plugin-syntax-bigint
3303 silly ADD node_modules/@babel/plugin-syntax-async-generators
3304 silly ADD node_modules/@babel/plugin-proposal-unicode-property-regex
3305 silly ADD node_modules/@babel/plugin-proposal-private-property-in-object
3306 silly ADD node_modules/@babel/plugin-proposal-private-methods
3307 silly ADD node_modules/@babel/plugin-proposal-optional-chaining
3308 silly ADD node_modules/@babel/plugin-proposal-optional-catch-binding
3309 silly ADD node_modules/@babel/plugin-proposal-object-rest-spread
3310 silly ADD node_modules/@babel/plugin-proposal-numeric-separator
3311 silly ADD node_modules/@babel/plugin-proposal-nullish-coalescing-operator
3312 silly ADD node_modules/@babel/plugin-proposal-logical-assignment-operators
3313 silly ADD node_modules/@babel/plugin-proposal-json-strings
3314 silly ADD node_modules/@babel/plugin-proposal-export-namespace-from
3315 silly ADD node_modules/@babel/plugin-proposal-dynamic-import
3316 silly ADD node_modules/@babel/plugin-proposal-decorators
3317 silly ADD node_modules/@babel/plugin-proposal-class-static-block
3318 silly ADD node_modules/@babel/plugin-proposal-class-properties
3319 silly ADD node_modules/@babel/plugin-proposal-async-generator-functions
3320 silly ADD node_modules/@babel/plugin-bugfix-v8-spread-parameters-in-optional-chaining
3321 silly ADD node_modules/@babel/plugin-bugfix-safari-id-destructuring-collision-in-function-expression
3322 silly ADD node_modules/@babel/parser
3323 silly ADD node_modules/@babel/highlight
3324 silly ADD node_modules/@babel/helpers
3325 silly ADD node_modules/@babel/helper-wrap-function
3326 silly ADD node_modules/@babel/helper-validator-option
3327 silly ADD node_modules/@babel/helper-validator-identifier
3328 silly ADD node_modules/@babel/helper-split-export-declaration
3329 silly ADD node_modules/@babel/helper-skip-transparent-expression-wrappers
3330 silly ADD node_modules/@babel/helper-simple-access
3331 silly ADD node_modules/@babel/helper-replace-supers
3332 silly ADD node_modules/@babel/helper-remap-async-to-generator
3333 silly ADD node_modules/@babel/helper-plugin-utils
3334 silly ADD node_modules/@babel/helper-optimise-call-expression
3335 silly ADD node_modules/@babel/helper-module-transforms
3336 silly ADD node_modules/@babel/helper-module-imports
3337 silly ADD node_modules/@babel/helper-member-expression-to-functions
3338 silly ADD node_modules/@babel/helper-hoist-variables
3339 silly ADD node_modules/@babel/helper-get-function-arity
3340 silly ADD node_modules/@babel/helper-function-name
3341 silly ADD node_modules/@babel/helper-explode-assignable-expression
3342 silly ADD node_modules/@babel/helper-environment-visitor
3343 silly ADD node_modules/@babel/helper-define-polyfill-provider
3344 silly ADD node_modules/@babel/helper-define-polyfill-provider/node_modules/semver
3345 silly ADD node_modules/@babel/helper-create-regexp-features-plugin
3346 silly ADD node_modules/@babel/helper-create-class-features-plugin
3347 silly ADD node_modules/@babel/helper-compilation-targets
3348 silly ADD node_modules/@babel/helper-compilation-targets/node_modules/semver
3349 silly ADD node_modules/@babel/helper-builder-binary-assignment-operator-visitor
3350 silly ADD node_modules/@babel/helper-annotate-as-pure
3351 silly ADD node_modules/@babel/generator
3352 silly ADD node_modules/@babel/eslint-parser
3353 silly ADD node_modules/@babel/eslint-parser/node_modules/semver
3354 silly ADD node_modules/@babel/eslint-parser/node_modules/estraverse
3355 silly ADD node_modules/@babel/eslint-parser/node_modules/eslint-visitor-keys
3356 silly ADD node_modules/@babel/eslint-parser/node_modules/eslint-scope
3357 silly ADD node_modules/@babel/core
3358 silly ADD node_modules/@babel/core/node_modules/semver
3359 silly ADD node_modules/@babel/compat-data
3360 silly ADD node_modules/@babel/code-frame
3361 verbose cwd /home/ubuntu/infra_sprint1/frontend
3362 verbose os Linux 6.8.0-111-generic
3363 verbose node v18.20.8
3364 verbose npm  v10.8.2
3365 verbose exit 0
3366 info ok
