0 verbose cli /usr/bin/node /usr/bin/npm
1 info using npm@10.8.2
2 info using node@v18.20.8
3 silly config load:file:/usr/lib/node_modules/npm/npmrc
4 silly config load:file:/home/ubuntu/taski/frontend/.npmrc
5 silly config load:file:/home/ubuntu/.npmrc
6 silly config load:file:/usr/etc/npmrc
7 verbose title npm i
8 verbose argv "i"
9 verbose logfile logs-max:10 dir:/home/ubuntu/.npm/_logs/2026-05-06T16_22_08_372Z-
10 verbose logfile /home/ubuntu/.npm/_logs/2026-05-06T16_22_08_372Z-debug-0.log
11 silly packumentCache heap:2102919168 maxSize:525729792 maxEntrySize:262864896
12 silly logfile done cleaning log files
13 silly idealTree buildDeps
14 silly reify moves {}
15 silly audit bulk request {
15 silly audit   '@adobe/css-tools': [ '4.0.1' ],
15 silly audit   '@ampproject/remapping': [ '2.2.0' ],
15 silly audit   '@babel/code-frame': [ '7.18.6' ],
15 silly audit   '@babel/compat-data': [ '7.20.5' ],
15 silly audit   '@babel/core': [ '7.20.5' ],
15 silly audit   semver: [ '6.3.0', '7.3.8' ],
15 silly audit   '@babel/eslint-parser': [ '7.19.1' ],
15 silly audit   'eslint-visitor-keys': [ '2.1.0', '3.3.0' ],
15 silly audit   '@babel/generator': [ '7.20.5' ],
15 silly audit   '@jridgewell/gen-mapping': [ '0.3.2', '0.1.1' ],
15 silly audit   '@babel/helper-annotate-as-pure': [ '7.18.6' ],
15 silly audit   '@babel/helper-builder-binary-assignment-operator-visitor': [ '7.18.9' ],
15 silly audit   '@babel/helper-compilation-targets': [ '7.20.0' ],
15 silly audit   '@babel/helper-create-class-features-plugin': [ '7.20.5' ],
15 silly audit   '@babel/helper-create-regexp-features-plugin': [ '7.20.5' ],
15 silly audit   '@babel/helper-define-polyfill-provider': [ '0.3.3' ],
15 silly audit   '@babel/helper-environment-visitor': [ '7.18.9' ],
15 silly audit   '@babel/helper-explode-assignable-expression': [ '7.18.6' ],
15 silly audit   '@babel/helper-function-name': [ '7.19.0' ],
15 silly audit   '@babel/helper-hoist-variables': [ '7.18.6' ],
15 silly audit   '@babel/helper-member-expression-to-functions': [ '7.18.9' ],
15 silly audit   '@babel/helper-module-imports': [ '7.18.6' ],
15 silly audit   '@babel/helper-module-transforms': [ '7.20.2' ],
15 silly audit   '@babel/helper-optimise-call-expression': [ '7.18.6' ],
15 silly audit   '@babel/helper-plugin-utils': [ '7.20.2' ],
15 silly audit   '@babel/helper-remap-async-to-generator': [ '7.18.9' ],
15 silly audit   '@babel/helper-replace-supers': [ '7.19.1' ],
15 silly audit   '@babel/helper-simple-access': [ '7.20.2' ],
15 silly audit   '@babel/helper-skip-transparent-expression-wrappers': [ '7.20.0' ],
15 silly audit   '@babel/helper-split-export-declaration': [ '7.18.6' ],
15 silly audit   '@babel/helper-string-parser': [ '7.19.4' ],
15 silly audit   '@babel/helper-validator-identifier': [ '7.19.1' ],
15 silly audit   '@babel/helper-validator-option': [ '7.18.6' ],
15 silly audit   '@babel/helper-wrap-function': [ '7.20.5' ],
15 silly audit   '@babel/helpers': [ '7.20.6' ],
15 silly audit   '@babel/highlight': [ '7.18.6' ],
15 silly audit   '@babel/parser': [ '7.20.5' ],
15 silly audit   '@babel/plugin-bugfix-safari-id-destructuring-collision-in-function-expression': [ '7.18.6' ],
15 silly audit   '@babel/plugin-bugfix-v8-spread-parameters-in-optional-chaining': [ '7.18.9' ],
15 silly audit   '@babel/plugin-proposal-async-generator-functions': [ '7.20.1' ],
15 silly audit   '@babel/plugin-proposal-class-properties': [ '7.18.6' ],
15 silly audit   '@babel/plugin-proposal-class-static-block': [ '7.18.6' ],
15 silly audit   '@babel/plugin-proposal-decorators': [ '7.20.5' ],
15 silly audit   '@babel/plugin-proposal-dynamic-import': [ '7.18.6' ],
15 silly audit   '@babel/plugin-proposal-export-namespace-from': [ '7.18.9' ],
15 silly audit   '@babel/plugin-proposal-json-strings': [ '7.18.6' ],
15 silly audit   '@babel/plugin-proposal-logical-assignment-operators': [ '7.18.9' ],
15 silly audit   '@babel/plugin-proposal-nullish-coalescing-operator': [ '7.18.6' ],
15 silly audit   '@babel/plugin-proposal-numeric-separator': [ '7.18.6' ],
15 silly audit   '@babel/plugin-proposal-object-rest-spread': [ '7.20.2' ],
15 silly audit   '@babel/plugin-proposal-optional-catch-binding': [ '7.18.6' ],
15 silly audit   '@babel/plugin-proposal-optional-chaining': [ '7.18.9' ],
15 silly audit   '@babel/plugin-proposal-private-methods': [ '7.18.6' ],
15 silly audit   '@babel/plugin-proposal-private-property-in-object': [ '7.20.5' ],
15 silly audit   '@babel/plugin-proposal-unicode-property-regex': [ '7.18.6' ],
15 silly audit   '@babel/plugin-syntax-async-generators': [ '7.8.4' ],
15 silly audit   '@babel/plugin-syntax-bigint': [ '7.8.3' ],
15 silly audit   '@babel/plugin-syntax-class-properties': [ '7.12.13' ],
15 silly audit   '@babel/plugin-syntax-class-static-block': [ '7.14.5' ],
15 silly audit   '@babel/plugin-syntax-decorators': [ '7.19.0' ],
15 silly audit   '@babel/plugin-syntax-dynamic-import': [ '7.8.3' ],
15 silly audit   '@babel/plugin-syntax-export-namespace-from': [ '7.8.3' ],
15 silly audit   '@babel/plugin-syntax-flow': [ '7.18.6' ],
15 silly audit   '@babel/plugin-syntax-import-assertions': [ '7.20.0' ],
15 silly audit   '@babel/plugin-syntax-import-meta': [ '7.10.4' ],
15 silly audit   '@babel/plugin-syntax-json-strings': [ '7.8.3' ],
15 silly audit   '@babel/plugin-syntax-jsx': [ '7.18.6' ],
15 silly audit   '@babel/plugin-syntax-logical-assignment-operators': [ '7.10.4' ],
15 silly audit   '@babel/plugin-syntax-nullish-coalescing-operator': [ '7.8.3' ],
15 silly audit   '@babel/plugin-syntax-numeric-separator': [ '7.10.4' ],
15 silly audit   '@babel/plugin-syntax-object-rest-spread': [ '7.8.3' ],
15 silly audit   '@babel/plugin-syntax-optional-catch-binding': [ '7.8.3' ],
15 silly audit   '@babel/plugin-syntax-optional-chaining': [ '7.8.3' ],
15 silly audit   '@babel/plugin-syntax-private-property-in-object': [ '7.14.5' ],
15 silly audit   '@babel/plugin-syntax-top-level-await': [ '7.14.5' ],
15 silly audit   '@babel/plugin-syntax-typescript': [ '7.20.0' ],
15 silly audit   '@babel/plugin-transform-arrow-functions': [ '7.18.6' ],
15 silly audit   '@babel/plugin-transform-async-to-generator': [ '7.18.6' ],
15 silly audit   '@babel/plugin-transform-block-scoped-functions': [ '7.18.6' ],
15 silly audit   '@babel/plugin-transform-block-scoping': [ '7.20.5' ],
15 silly audit   '@babel/plugin-transform-classes': [ '7.20.2' ],
15 silly audit   '@babel/plugin-transform-computed-properties': [ '7.18.9' ],
15 silly audit   '@babel/plugin-transform-destructuring': [ '7.20.2' ],
15 silly audit   '@babel/plugin-transform-dotall-regex': [ '7.18.6' ],
15 silly audit   '@babel/plugin-transform-duplicate-keys': [ '7.18.9' ],
15 silly audit   '@babel/plugin-transform-exponentiation-operator': [ '7.18.6' ],
15 silly audit   '@babel/plugin-transform-flow-strip-types': [ '7.19.0' ],
15 silly audit   '@babel/plugin-transform-for-of': [ '7.18.8' ],
15 silly audit   '@babel/plugin-transform-function-name': [ '7.18.9' ],
15 silly audit   '@babel/plugin-transform-literals': [ '7.18.9' ],
15 silly audit   '@babel/plugin-transform-member-expression-literals': [ '7.18.6' ],
15 silly audit   '@babel/plugin-transform-modules-amd': [ '7.19.6' ],
15 silly audit   '@babel/plugin-transform-modules-commonjs': [ '7.19.6' ],
15 silly audit   '@babel/plugin-transform-modules-systemjs': [ '7.19.6' ],
15 silly audit   '@babel/plugin-transform-modules-umd': [ '7.18.6' ],
15 silly audit   '@babel/plugin-transform-named-capturing-groups-regex': [ '7.20.5' ],
15 silly audit   '@babel/plugin-transform-new-target': [ '7.18.6' ],
15 silly audit   '@babel/plugin-transform-object-super': [ '7.18.6' ],
15 silly audit   '@babel/plugin-transform-parameters': [ '7.20.5' ],
15 silly audit   '@babel/plugin-transform-property-literals': [ '7.18.6' ],
15 silly audit   '@babel/plugin-transform-react-constant-elements': [ '7.20.2' ],
15 silly audit   '@babel/plugin-transform-react-display-name': [ '7.18.6' ],
15 silly audit   '@babel/plugin-transform-react-jsx': [ '7.19.0' ],
15 silly audit   '@babel/plugin-transform-react-jsx-development': [ '7.18.6' ],
15 silly audit   '@babel/plugin-transform-react-pure-annotations': [ '7.18.6' ],
15 silly audit   '@babel/plugin-transform-regenerator': [ '7.20.5' ],
15 silly audit   '@babel/plugin-transform-reserved-words': [ '7.18.6' ],
15 silly audit   '@babel/plugin-transform-runtime': [ '7.19.6' ],
15 silly audit   '@babel/plugin-transform-shorthand-properties': [ '7.18.6' ],
15 silly audit   '@babel/plugin-transform-spread': [ '7.19.0' ],
15 silly audit   '@babel/plugin-transform-sticky-regex': [ '7.18.6' ],
15 silly audit   '@babel/plugin-transform-template-literals': [ '7.18.9' ],
15 silly audit   '@babel/plugin-transform-typeof-symbol': [ '7.18.9' ],
15 silly audit   '@babel/plugin-transform-typescript': [ '7.20.2' ],
15 silly audit   '@babel/plugin-transform-unicode-escapes': [ '7.18.10' ],
15 silly audit   '@babel/plugin-transform-unicode-regex': [ '7.18.6' ],
15 silly audit   '@babel/preset-env': [ '7.20.2' ],
15 silly audit   '@babel/preset-modules': [ '0.1.5' ],
15 silly audit   '@babel/preset-react': [ '7.18.6' ],
15 silly audit   '@babel/preset-typescript': [ '7.18.6' ],
15 silly audit   '@babel/runtime': [ '7.20.6' ],
15 silly audit   '@babel/runtime-corejs3': [ '7.20.6' ],
15 silly audit   '@babel/template': [ '7.18.10' ],
15 silly audit   '@babel/traverse': [ '7.20.5' ],
15 silly audit   '@babel/types': [ '7.20.5' ],
15 silly audit   '@bcoe/v8-coverage': [ '0.2.3' ],
15 silly audit   '@csstools/normalize.css': [ '12.0.0' ],
15 silly audit   '@csstools/postcss-cascade-layers': [ '1.1.1' ],
15 silly audit   '@csstools/postcss-color-function': [ '1.1.1' ],
15 silly audit   '@csstools/postcss-font-format-keywords': [ '1.0.1' ],
15 silly audit   '@csstools/postcss-hwb-function': [ '1.0.2' ],
15 silly audit   '@csstools/postcss-ic-unit': [ '1.0.1' ],
15 silly audit   '@csstools/postcss-is-pseudo-class': [ '2.0.7' ],
15 silly audit   '@csstools/postcss-nested-calc': [ '1.0.0' ],
15 silly audit   '@csstools/postcss-normalize-display-values': [ '1.0.1' ],
15 silly audit   '@csstools/postcss-oklab-function': [ '1.1.1' ],
15 silly audit   '@csstools/postcss-progressive-custom-properties': [ '1.3.0' ],
15 silly audit   '@csstools/postcss-stepped-value-functions': [ '1.0.1' ],
15 silly audit   '@csstools/postcss-text-decoration-shorthand': [ '1.0.0' ],
15 silly audit   '@csstools/postcss-trigonometric-functions': [ '1.0.2' ],
15 silly audit   '@csstools/postcss-unset-value': [ '1.0.2' ],
15 silly audit   '@csstools/selector-specificity': [ '2.0.2' ],
15 silly audit   '@eslint/eslintrc': [ '1.3.3' ],
15 silly audit   argparse: [ '2.0.1', '1.0.10' ],
15 silly audit   globals: [ '13.18.0', '11.12.0' ],
15 silly audit   'js-yaml': [ '4.1.0', '3.14.1' ],
15 silly audit   'type-fest': [ '0.20.2', '0.16.0', '0.21.3' ],
15 silly audit   '@humanwhocodes/config-array': [ '0.11.7' ],
15 silly audit   '@humanwhocodes/module-importer': [ '1.0.1' ],
15 silly audit   '@humanwhocodes/object-schema': [ '1.2.1' ],
15 silly audit   '@istanbuljs/load-nyc-config': [ '1.1.0' ],
15 silly audit   camelcase: [ '5.3.1', '6.3.0' ],
15 silly audit   'find-up': [ '4.1.0', '5.0.0', '3.0.0' ],
15 silly audit   'locate-path': [ '5.0.0', '6.0.0', '3.0.0' ],
15 silly audit   'p-limit': [ '2.3.0', '3.1.0' ],
15 silly audit   'p-locate': [ '4.1.0', '5.0.0', '3.0.0' ],
15 silly audit   '@istanbuljs/schema': [ '0.1.3' ],
15 silly audit   '@jest/console': [ '27.5.1', '28.1.3' ],
15 silly audit   'ansi-styles': [ '4.3.0', '5.2.0', '3.2.1' ],
15 silly audit   chalk: [ '4.1.2', '3.0.0', '2.4.2' ],
15 silly audit   'color-convert': [ '2.0.1', '1.9.3' ],
15 silly audit   'color-name': [ '1.1.4', '1.1.3' ],
15 silly audit   'has-flag': [ '4.0.0', '3.0.0' ],
15 silly audit   'supports-color': [ '7.2.0', '8.1.1', '5.5.0' ],
15 silly audit   '@jest/core': [ '27.5.1' ],
15 silly audit   '@jest/environment': [ '27.5.1' ],
15 silly audit   '@jest/expect-utils': [ '29.3.1' ],
15 silly audit   'jest-get-type': [ '29.2.0', '27.5.1' ],
15 silly audit   '@jest/fake-timers': [ '27.5.1' ],
15 silly audit   '@jest/globals': [ '27.5.1' ],
15 silly audit   '@jest/reporters': [ '27.5.1' ],
15 silly audit   'source-map': [ '0.6.1', '0.7.4', '0.8.0-beta.0' ],
15 silly audit   '@jest/schemas': [ '28.1.3', '29.0.0' ],
15 silly audit   '@jest/source-map': [ '27.5.1' ],
15 silly audit   '@jest/test-result': [ '27.5.1', '28.1.3' ],
15 silly audit   '@jest/test-sequencer': [ '27.5.1' ],
15 silly audit   '@jest/transform': [ '27.5.1' ],
15 silly audit   '@jest/types': [ '27.5.1', '29.3.1', '28.1.3' ],
15 silly audit   '@jridgewell/resolve-uri': [ '3.1.0' ],
15 silly audit   '@jridgewell/set-array': [ '1.1.2' ],
15 silly audit   '@jridgewell/source-map': [ '0.3.2' ],
15 silly audit   '@jridgewell/sourcemap-codec': [ '1.4.14' ],
15 silly audit   '@jridgewell/trace-mapping': [ '0.3.17' ],
15 silly audit   '@leichtgewicht/ip-codec': [ '2.0.4' ],
15 silly audit   '@nicolo-ribaudo/eslint-scope-5-internals': [ '5.1.1-v1' ],
15 silly audit   'eslint-scope': [ '5.1.1', '7.1.1' ],
15 silly audit   estraverse: [ '4.3.0', '5.3.0' ],
15 silly audit   '@nodelib/fs.scandir': [ '2.1.5' ],
15 silly audit   '@nodelib/fs.stat': [ '2.0.5' ],
15 silly audit   '@nodelib/fs.walk': [ '1.2.8' ],
15 silly audit   '@pmmmwh/react-refresh-webpack-plugin': [ '0.5.10' ],
15 silly audit   '@popperjs/core': [ '2.11.6' ],
15 silly audit   '@rollup/plugin-babel': [ '5.3.1' ],
15 silly audit   '@rollup/plugin-node-resolve': [ '11.2.1' ],
15 silly audit   '@rollup/plugin-replace': [ '2.4.2' ],
15 silly audit   '@rollup/pluginutils': [ '3.1.0' ],
15 silly audit   '@types/estree': [ '0.0.39', '1.0.0', '0.0.51' ],
15 silly audit   '@rushstack/eslint-patch': [ '1.2.0' ],
15 silly audit   '@sinclair/typebox': [ '0.24.51' ],
15 silly audit   '@sinonjs/commons': [ '1.8.6' ],
15 silly audit   '@sinonjs/fake-timers': [ '8.1.0' ],
15 silly audit   '@surma/rollup-plugin-off-main-thread': [ '2.2.3' ],
15 silly audit   '@svgr/babel-plugin-add-jsx-attribute': [ '5.4.0' ],
15 silly audit   '@svgr/babel-plugin-remove-jsx-attribute': [ '5.4.0' ],
15 silly audit   '@svgr/babel-plugin-remove-jsx-empty-expression': [ '5.0.1' ],
15 silly audit   '@svgr/babel-plugin-replace-jsx-attribute-value': [ '5.0.1' ],
15 silly audit   '@svgr/babel-plugin-svg-dynamic-title': [ '5.4.0' ],
15 silly audit   '@svgr/babel-plugin-svg-em-dimensions': [ '5.4.0' ],
15 silly audit   '@svgr/babel-plugin-transform-react-native-svg': [ '5.4.0' ],
15 silly audit   '@svgr/babel-plugin-transform-svg-component': [ '5.5.0' ],
15 silly audit   '@svgr/babel-preset': [ '5.5.0' ],
15 silly audit   '@svgr/core': [ '5.5.0' ],
15 silly audit   '@svgr/hast-util-to-babel-ast': [ '5.5.0' ],
15 silly audit   '@svgr/plugin-jsx': [ '5.5.0' ],
15 silly audit   '@svgr/plugin-svgo': [ '5.5.0' ],
15 silly audit   '@svgr/webpack': [ '5.5.0' ],
15 silly audit   '@testing-library/dom': [ '8.19.0' ],
15 silly audit   'aria-query': [ '5.1.3', '4.2.2' ],
15 silly audit   '@testing-library/jest-dom': [ '5.16.5' ],
15 silly audit   '@testing-library/react': [ '13.4.0' ],
15 silly audit   '@testing-library/user-event': [ '13.5.0' ],
15 silly audit   '@tootallnate/once': [ '1.1.2' ],
15 silly audit   '@trysound/sax': [ '0.2.0' ],
15 silly audit   '@types/aria-query': [ '4.2.2' ],
15 silly audit   '@types/babel__core': [ '7.1.20' ],
15 silly audit   '@types/babel__generator': [ '7.6.4' ],
15 silly audit   '@types/babel__template': [ '7.4.1' ],
15 silly audit   '@types/babel__traverse': [ '7.18.3' ],
15 silly audit   '@types/body-parser': [ '1.19.2' ],
15 silly audit   '@types/bonjour': [ '3.5.10' ],
15 silly audit   '@types/connect': [ '3.4.35' ],
15 silly audit   '@types/connect-history-api-fallback': [ '1.3.5' ],
15 silly audit   '@types/eslint': [ '8.4.10' ],
15 silly audit   '@types/eslint-scope': [ '3.7.4' ],
15 silly audit   '@types/express': [ '4.17.14' ],
15 silly audit   '@types/express-serve-static-core': [ '4.17.31' ],
15 silly audit   '@types/graceful-fs': [ '4.1.5' ],
15 silly audit   '@types/html-minifier-terser': [ '6.1.0' ],
15 silly audit   '@types/http-proxy': [ '1.17.9' ],
15 silly audit   '@types/istanbul-lib-coverage': [ '2.0.4' ],
15 silly audit   '@types/istanbul-lib-report': [ '3.0.0' ],
15 silly audit   '@types/istanbul-reports': [ '3.0.1' ],
15 silly audit   '@types/jest': [ '29.2.3' ],
15 silly audit   '@types/yargs': [ '17.0.15', '16.0.4' ],
15 silly audit   'diff-sequences': [ '29.3.1', '27.5.1' ],
15 silly audit   expect: [ '29.3.1', '27.5.1' ],
15 silly audit   'jest-diff': [ '29.3.1', '27.5.1' ],
15 silly audit   'jest-matcher-utils': [ '29.3.1', '27.5.1' ],
15 silly audit   'jest-message-util': [ '29.3.1', '27.5.1', '28.1.3' ],
15 silly audit   'jest-util': [ '29.3.1', '27.5.1', '28.1.3' ],
15 silly audit   'pretty-format': [ '29.3.1', '28.1.3', '27.5.1' ],
15 silly audit   'react-is': [ '18.2.0', '16.13.1', '17.0.2' ],
15 silly audit   '@types/json-schema': [ '7.0.11' ],
15 silly audit   '@types/json5': [ '0.0.29' ],
15 silly audit   '@types/mime': [ '3.0.1' ],
15 silly audit   '@types/node': [ '18.11.10' ],
15 silly audit   '@types/parse-json': [ '4.0.0' ],
15 silly audit   '@types/prettier': [ '2.7.1' ],
15 silly audit   '@types/prop-types': [ '15.7.5' ],
15 silly audit   '@types/q': [ '1.5.5' ],
15 silly audit   '@types/qs': [ '6.9.7' ],
15 silly audit   '@types/range-parser': [ '1.2.4' ],
15 silly audit   '@types/react': [ '18.0.26' ],
15 silly audit   '@types/react-dom': [ '18.0.9' ],
15 silly audit   '@types/resolve': [ '1.17.1' ],
15 silly audit   '@types/retry': [ '0.12.0' ],
15 silly audit   '@types/scheduler': [ '0.16.2' ],
15 silly audit   '@types/semver': [ '7.3.13' ],
15 silly audit   '@types/serve-index': [ '1.9.1' ],
15 silly audit   '@types/serve-static': [ '1.15.0' ],
15 silly audit   '@types/sockjs': [ '0.3.33' ],
15 silly audit   '@types/stack-utils': [ '2.0.1' ],
15 silly audit   '@types/testing-library__jest-dom': [ '5.14.5' ],
15 silly audit   '@types/trusted-types': [ '2.0.2' ],
15 silly audit   '@types/ws': [ '8.5.3' ],
15 silly audit   '@types/yargs-parser': [ '21.0.0' ],
15 silly audit   '@typescript-eslint/eslint-plugin': [ '5.45.0' ],
15 silly audit   '@typescript-eslint/experimental-utils': [ '5.45.0' ],
15 silly audit   '@typescript-eslint/parser': [ '5.45.0' ],
15 silly audit   '@typescript-eslint/scope-manager': [ '5.45.0' ],
15 silly audit   '@typescript-eslint/type-utils': [ '5.45.0' ],
15 silly audit   '@typescript-eslint/types': [ '5.45.0' ],
15 silly audit   '@typescript-eslint/typescript-estree': [ '5.45.0' ],
15 silly audit   '@typescript-eslint/utils': [ '5.45.0' ],
15 silly audit   '@typescript-eslint/visitor-keys': [ '5.45.0' ],
15 silly audit   '@webassemblyjs/ast': [ '1.11.1' ],
15 silly audit   '@webassemblyjs/floating-point-hex-parser': [ '1.11.1' ],
15 silly audit   '@webassemblyjs/helper-api-error': [ '1.11.1' ],
15 silly audit   '@webassemblyjs/helper-buffer': [ '1.11.1' ],
15 silly audit   '@webassemblyjs/helper-numbers': [ '1.11.1' ],
15 silly audit   '@webassemblyjs/helper-wasm-bytecode': [ '1.11.1' ],
15 silly audit   '@webassemblyjs/helper-wasm-section': [ '1.11.1' ],
15 silly audit   '@webassemblyjs/ieee754': [ '1.11.1' ],
15 silly audit   '@webassemblyjs/leb128': [ '1.11.1' ],
15 silly audit   '@webassemblyjs/utf8': [ '1.11.1' ],
15 silly audit   '@webassemblyjs/wasm-edit': [ '1.11.1' ],
15 silly audit   '@webassemblyjs/wasm-gen': [ '1.11.1' ],
15 silly audit   '@webassemblyjs/wasm-opt': [ '1.11.1' ],
15 silly audit   '@webassemblyjs/wasm-parser': [ '1.11.1' ],
15 silly audit   '@webassemblyjs/wast-printer': [ '1.11.1' ],
15 silly audit   '@xtuc/ieee754': [ '1.2.0' ],
15 silly audit   '@xtuc/long': [ '4.2.2' ],
15 silly audit   abab: [ '2.0.6' ],
15 silly audit   accepts: [ '1.3.8' ],
15 silly audit   acorn: [ '8.8.1', '7.4.1' ],
15 silly audit   'acorn-globals': [ '6.0.0' ],
15 silly audit   'acorn-import-assertions': [ '1.8.0' ],
15 silly audit   'acorn-jsx': [ '5.3.2' ],
15 silly audit   'acorn-node': [ '1.8.2' ],
15 silly audit   'acorn-walk': [ '7.2.0' ],
15 silly audit   address: [ '1.2.1' ],
15 silly audit   'adjust-sourcemap-loader': [ '4.0.0' ],
15 silly audit   'agent-base': [ '6.0.2' ],
15 silly audit   ajv: [ '6.12.6', '8.11.2' ],
15 silly audit   'ajv-formats': [ '2.1.1' ],
15 silly audit   'json-schema-traverse': [ '1.0.0', '0.4.1' ],
15 silly audit   'ajv-keywords': [ '3.5.2', '5.1.0' ],
15 silly audit   'ansi-escapes': [ '4.3.2' ],
15 silly audit   'ansi-html-community': [ '0.0.8' ],
15 silly audit   'ansi-regex': [ '5.0.1', '6.0.1' ],
15 silly audit   anymatch: [ '3.1.3' ],
15 silly audit   arg: [ '5.0.2' ],
15 silly audit   'array-flatten': [ '2.1.2', '1.1.1' ],
15 silly audit   'array-includes': [ '3.1.6' ],
15 silly audit   'array-union': [ '2.1.0' ],
15 silly audit   'array.prototype.flat': [ '1.3.1' ],
15 silly audit   'array.prototype.flatmap': [ '1.3.1' ],
15 silly audit   'array.prototype.reduce': [ '1.0.5' ],
15 silly audit   'array.prototype.tosorted': [ '1.1.1' ],
15 silly audit   asap: [ '2.0.6' ],
15 silly audit   'ast-types-flow': [ '0.0.7' ],
15 silly audit   async: [ '3.2.4' ],
15 silly audit   asynckit: [ '0.4.0' ],
15 silly audit   'at-least-node': [ '1.0.0' ],
15 silly audit   autoprefixer: [ '10.4.13' ],
15 silly audit   'available-typed-arrays': [ '1.0.5' ],
15 silly audit   'axe-core': [ '4.5.2' ],
15 silly audit   axios: [ '1.2.1' ],
15 silly audit   'form-data': [ '4.0.0', '3.0.1' ],
15 silly audit   'axobject-query': [ '2.2.0' ],
15 silly audit   'babel-jest': [ '27.5.1' ],
15 silly audit   'babel-loader': [ '8.3.0' ],
15 silly audit   'schema-utils': [ '2.7.1', '4.0.0', '2.7.0', '3.1.1' ],
15 silly audit   'babel-plugin-istanbul': [ '6.1.1' ],
15 silly audit   'babel-plugin-jest-hoist': [ '27.5.1' ],
15 silly audit   'babel-plugin-macros': [ '3.1.0' ],
15 silly audit   'babel-plugin-named-asset-import': [ '0.3.8' ],
15 silly audit   'babel-plugin-polyfill-corejs2': [ '0.3.3' ],
15 silly audit   'babel-plugin-polyfill-corejs3': [ '0.6.0' ],
15 silly audit   'babel-plugin-polyfill-regenerator': [ '0.4.1' ],
15 silly audit   'babel-plugin-transform-react-remove-prop-types': [ '0.4.24' ],
15 silly audit   'babel-preset-current-node-syntax': [ '1.0.1' ],
15 silly audit   'babel-preset-jest': [ '27.5.1' ],
15 silly audit   'babel-preset-react-app': [ '10.0.1' ],
15 silly audit   'balanced-match': [ '1.0.2' ],
15 silly audit   batch: [ '0.6.1' ],
15 silly audit   bfj: [ '7.0.2' ],
15 silly audit   'big.js': [ '5.2.2' ],
15 silly audit   'binary-extensions': [ '2.2.0' ],
15 silly audit   bluebird: [ '3.7.2' ],
15 silly audit   'body-parser': [ '1.20.1' ],
15 silly audit   bytes: [ '3.1.2', '3.0.0' ],
15 silly audit   debug: [ '2.6.9', '4.3.4', '3.2.7' ],
15 silly audit   'iconv-lite': [ '0.4.24', '0.6.3' ],
15 silly audit   ms: [ '2.0.0', '2.1.2', '2.1.3' ],
15 silly audit   'bonjour-service': [ '1.0.14' ],
15 silly audit   boolbase: [ '1.0.0' ],
15 silly audit   bootstrap: [ '5.2.3' ],
15 silly audit   'brace-expansion': [ '1.1.11', '2.0.1' ],
15 silly audit   braces: [ '3.0.2' ],
15 silly audit   'browser-process-hrtime': [ '1.0.0' ],
15 silly audit   browserslist: [ '4.21.4' ],
15 silly audit   bser: [ '2.1.1' ],
15 silly audit   'buffer-from': [ '1.1.2' ],
15 silly audit   'builtin-modules': [ '3.3.0' ],
15 silly audit   'call-bind': [ '1.0.2' ],
15 silly audit   callsites: [ '3.1.0' ],
15 silly audit   'camel-case': [ '4.1.2' ],
15 silly audit   'camelcase-css': [ '2.0.1' ],
15 silly audit   'caniuse-api': [ '3.0.0' ],
15 silly audit   'caniuse-lite': [ '1.0.30001436' ],
15 silly audit   'case-sensitive-paths-webpack-plugin': [ '2.4.0' ],
15 silly audit   'char-regex': [ '1.0.2', '2.0.1' ],
15 silly audit   'check-types': [ '11.2.2' ],
15 silly audit   chokidar: [ '3.5.3' ],
15 silly audit   'glob-parent': [ '5.1.2', '6.0.2' ],
15 silly audit   'chrome-trace-event': [ '1.0.3' ],
15 silly audit   'ci-info': [ '3.7.0' ],
15 silly audit   'cjs-module-lexer': [ '1.2.2' ],
15 silly audit   classnames: [ '2.3.2' ],
15 silly audit   'clean-css': [ '5.3.1' ],
15 silly audit   cliui: [ '7.0.4' ],
15 silly audit   co: [ '4.6.0' ],
15 silly audit   coa: [ '2.0.2' ],
15 silly audit   'collect-v8-coverage': [ '1.0.1' ],
15 silly audit   colord: [ '2.9.3' ],
15 silly audit   colorette: [ '2.0.19' ],
15 silly audit   'combined-stream': [ '1.0.8' ],
15 silly audit   commander: [ '8.3.0', '7.2.0', '2.20.3' ],
15 silly audit   'common-path-prefix': [ '3.0.0' ],
15 silly audit   'common-tags': [ '1.8.2' ],
15 silly audit   commondir: [ '1.0.1' ],
15 silly audit   compressible: [ '2.0.18' ],
15 silly audit   compression: [ '1.7.4' ],
15 silly audit   'safe-buffer': [ '5.1.2', '5.2.1' ],
15 silly audit   'concat-map': [ '0.0.1' ],
15 silly audit   'confusing-browser-globals': [ '1.0.11' ],
15 silly audit   'connect-history-api-fallback': [ '2.0.0' ],
15 silly audit   'content-disposition': [ '0.5.4' ],
15 silly audit   'content-type': [ '1.0.4' ],
15 silly audit   'convert-source-map': [ '1.9.0' ],
15 silly audit   cookie: [ '0.5.0' ],
15 silly audit   'cookie-signature': [ '1.0.6' ],
15 silly audit   'core-js': [ '3.26.1' ],
15 silly audit   'core-js-compat': [ '3.26.1' ],
15 silly audit   'core-js-pure': [ '3.26.1' ],
15 silly audit   'core-util-is': [ '1.0.3' ],
15 silly audit   cosmiconfig: [ '7.1.0', '6.0.0' ],
15 silly audit   'cross-spawn': [ '7.0.3' ],
15 silly audit   'crypto-random-string': [ '2.0.0' ],
15 silly audit   'css-blank-pseudo': [ '3.0.3' ],
15 silly audit   'css-declaration-sorter': [ '6.3.1' ],
15 silly audit   'css-has-pseudo': [ '3.0.4' ],
15 silly audit   'css-loader': [ '6.7.2' ],
15 silly audit   'css-minimizer-webpack-plugin': [ '3.4.1' ],
15 silly audit   'css-prefers-color-scheme': [ '6.0.3' ],
15 silly audit   'css-select': [ '4.3.0', '2.1.0' ],
15 silly audit   'css-select-base-adapter': [ '0.1.1' ],
15 silly audit   'css-tree': [ '1.0.0-alpha.37', '1.1.3' ],
15 silly audit   'css-what': [ '6.1.0', '3.4.2' ],
15 silly audit   'css.escape': [ '1.5.1' ],
15 silly audit   cssdb: [ '7.2.0' ],
15 silly audit   cssesc: [ '3.0.0' ],
15 silly audit   cssnano: [ '5.1.14' ],
15 silly audit   'cssnano-preset-default': [ '5.2.13' ],
15 silly audit   'cssnano-utils': [ '3.1.0' ],
15 silly audit   csso: [ '4.2.0' ],
15 silly audit   'mdn-data': [ '2.0.14', '2.0.4' ],
15 silly audit   cssom: [ '0.4.4', '0.3.8' ],
15 silly audit   cssstyle: [ '2.3.0' ],
15 silly audit   csstype: [ '3.1.1' ],
15 silly audit   'damerau-levenshtein': [ '1.0.8' ],
15 silly audit   'data-urls': [ '2.0.0' ],
15 silly audit   'decimal.js': [ '10.4.2' ],
15 silly audit   dedent: [ '0.7.0' ],
15 silly audit   'deep-equal': [ '2.1.0' ],
15 silly audit   isarray: [ '2.0.5', '1.0.0' ],
15 silly audit   'deep-is': [ '0.1.4' ],
15 silly audit   deepmerge: [ '4.2.2' ],
15 silly audit   'default-gateway': [ '6.0.3' ],
15 silly audit   'define-lazy-prop': [ '2.0.0' ],
15 silly audit   'define-properties': [ '1.1.4' ],
15 silly audit   defined: [ '1.0.1' ],
15 silly audit   'delayed-stream': [ '1.0.0' ],
15 silly audit   depd: [ '2.0.0', '1.1.2' ],
15 silly audit   destroy: [ '1.2.0' ],
15 silly audit   'detect-newline': [ '3.1.0' ],
15 silly audit   'detect-node': [ '2.1.0' ],
15 silly audit   'detect-port-alt': [ '1.1.6' ],
15 silly audit   detective: [ '5.2.1' ],
15 silly audit   didyoumean: [ '1.2.2' ],
15 silly audit   'dir-glob': [ '3.0.1' ],
15 silly audit   dlv: [ '1.1.3' ],
15 silly audit   'dns-equal': [ '1.0.0' ],
15 silly audit   'dns-packet': [ '5.4.0' ],
15 silly audit   doctrine: [ '3.0.0', '2.1.0' ],
15 silly audit   'dom-accessibility-api': [ '0.5.14' ],
15 silly audit   'dom-converter': [ '0.2.0' ],
15 silly audit   'dom-helpers': [ '5.2.1' ],
15 silly audit   'dom-serializer': [ '1.4.1', '0.2.2' ],
15 silly audit   domelementtype: [ '2.3.0', '1.3.1' ],
15 silly audit   domexception: [ '2.0.1' ],
15 silly audit   'webidl-conversions': [ '5.0.0', '6.1.0', '4.0.2' ],
15 silly audit   domhandler: [ '4.3.1' ],
15 silly audit   domutils: [ '2.8.0', '1.7.0' ],
15 silly audit   'dot-case': [ '3.0.4' ],
15 silly audit   dotenv: [ '10.0.0' ],
15 silly audit   'dotenv-expand': [ '5.1.0' ],
15 silly audit   duplexer: [ '0.1.2' ],
15 silly audit   'ee-first': [ '1.1.1' ],
15 silly audit   ejs: [ '3.1.8' ],
15 silly audit   'electron-to-chromium': [ '1.4.284' ],
15 silly audit   emittery: [ '0.8.1', '0.10.2' ],
15 silly audit   'emoji-regex': [ '9.2.2', '8.0.0' ],
15 silly audit   'emojis-list': [ '3.0.0' ],
15 silly audit   encodeurl: [ '1.0.2' ],
15 silly audit   'enhanced-resolve': [ '5.12.0' ],
15 silly audit   entities: [ '2.2.0' ],
15 silly audit   'error-ex': [ '1.3.2' ],
15 silly audit   'error-stack-parser': [ '2.1.4' ],
15 silly audit   'es-abstract': [ '1.20.4' ],
15 silly audit   'es-array-method-boxes-properly': [ '1.0.0' ],
15 silly audit   'es-get-iterator': [ '1.1.2' ],
15 silly audit   'es-module-lexer': [ '0.9.3' ],
15 silly audit   'es-shim-unscopables': [ '1.0.0' ],
15 silly audit   'es-to-primitive': [ '1.2.1' ],
15 silly audit   escalade: [ '3.1.1' ],
15 silly audit   'escape-html': [ '1.0.3' ],
15 silly audit   'escape-string-regexp': [ '1.0.5', '4.0.0', '2.0.0' ],
15 silly audit   escodegen: [ '2.0.0' ],
15 silly audit   levn: [ '0.3.0', '0.4.1' ],
15 silly audit   optionator: [ '0.8.3', '0.9.1' ],
15 silly audit   'prelude-ls': [ '1.1.2', '1.2.1' ],
15 silly audit   'type-check': [ '0.3.2', '0.4.0' ],
15 silly audit   eslint: [ '8.29.0' ],
15 silly audit   'eslint-config-react-app': [ '7.0.1' ],
15 silly audit   'eslint-import-resolver-node': [ '0.3.6' ],
15 silly audit   'eslint-module-utils': [ '2.7.4' ],
15 silly audit   'eslint-plugin-flowtype': [ '8.0.3' ],
15 silly audit   'eslint-plugin-import': [ '2.26.0' ],
15 silly audit   'eslint-plugin-jest': [ '25.7.0' ],
15 silly audit   'eslint-plugin-jsx-a11y': [ '6.6.1' ],
15 silly audit   'eslint-plugin-react': [ '7.31.11' ],
15 silly audit   'eslint-plugin-react-hooks': [ '4.6.0' ],
15 silly audit   resolve: [ '2.0.0-next.4', '1.22.1' ],
15 silly audit   'eslint-plugin-testing-library': [ '5.9.1' ],
15 silly audit   'eslint-utils': [ '3.0.0' ],
15 silly audit   'eslint-webpack-plugin': [ '3.2.0' ],
15 silly audit   'jest-worker': [ '28.1.3', '27.5.1', '26.6.2' ],
15 silly audit   espree: [ '9.4.1' ],
15 silly audit   esprima: [ '4.0.1' ],
15 silly audit   esquery: [ '1.4.0' ],
15 silly audit   esrecurse: [ '4.3.0' ],
15 silly audit   'estree-walker': [ '1.0.1' ],
15 silly audit   esutils: [ '2.0.3' ],
15 silly audit   etag: [ '1.8.1' ],
15 silly audit   eventemitter3: [ '4.0.7' ],
15 silly audit   events: [ '3.3.0' ],
15 silly audit   execa: [ '5.1.1' ],
15 silly audit   exit: [ '0.1.2' ],
15 silly audit   express: [ '4.18.2' ],
15 silly audit   'fast-deep-equal': [ '3.1.3' ],
15 silly audit   'fast-glob': [ '3.2.12' ],
15 silly audit   'fast-json-stable-stringify': [ '2.1.0' ],
15 silly audit   'fast-levenshtein': [ '2.0.6' ],
15 silly audit   fastq: [ '1.14.0' ],
15 silly audit   'faye-websocket': [ '0.11.4' ],
15 silly audit   'fb-watchman': [ '2.0.2' ],
15 silly audit   'file-entry-cache': [ '6.0.1' ],
15 silly audit   'file-loader': [ '6.2.0' ],
15 silly audit   filelist: [ '1.0.4' ],
15 silly audit   minimatch: [ '5.1.1', '3.1.2' ],
15 silly audit   filesize: [ '8.0.7' ],
15 silly audit   'fill-range': [ '7.0.1' ],
15 silly audit   finalhandler: [ '1.2.0' ],
15 silly audit   'find-cache-dir': [ '3.3.2' ],
15 silly audit   'flat-cache': [ '3.0.4' ],
15 silly audit   flatted: [ '3.2.7' ],
15 silly audit   'follow-redirects': [ '1.15.2' ],
15 silly audit   'for-each': [ '0.3.3' ],
15 silly audit   'fork-ts-checker-webpack-plugin': [ '6.5.2' ],
15 silly audit   'fs-extra': [ '9.1.0', '10.1.0' ],
15 silly audit   tapable: [ '1.1.3', '2.2.1' ],
15 silly audit   forwarded: [ '0.2.0' ],
15 silly audit   'fraction.js': [ '4.2.0' ],
15 silly audit   fresh: [ '0.5.2' ],
15 silly audit   'fs-monkey': [ '1.0.3' ],
15 silly audit   'fs.realpath': [ '1.0.0' ],
15 silly audit   fsevents: [ '2.3.2' ],
15 silly audit   'function-bind': [ '1.1.1' ],
15 silly audit   'function.prototype.name': [ '1.1.5' ],
15 silly audit   'functions-have-names': [ '1.2.3' ],
15 silly audit   gensync: [ '1.0.0-beta.2' ],
15 silly audit   'get-caller-file': [ '2.0.5' ],
15 silly audit   'get-intrinsic': [ '1.1.3' ],
15 silly audit   'get-own-enumerable-property-symbols': [ '3.0.2' ],
15 silly audit   'get-package-type': [ '0.1.0' ],
15 silly audit   'get-stream': [ '6.0.1' ],
15 silly audit   'get-symbol-description': [ '1.0.0' ],
15 silly audit   glob: [ '7.2.3' ],
15 silly audit   'glob-to-regexp': [ '0.4.1' ],
15 silly audit   'global-modules': [ '2.0.0' ],
15 silly audit   'global-prefix': [ '3.0.0' ],
15 silly audit   which: [ '1.3.1', '2.0.2' ],
15 silly audit   globby: [ '11.1.0' ],
15 silly audit   gopd: [ '1.0.1' ],
15 silly audit   'graceful-fs': [ '4.2.10' ],
15 silly audit   'grapheme-splitter': [ '1.0.4' ],
15 silly audit   'gzip-size': [ '6.0.0' ],
15 silly audit   'handle-thing': [ '2.0.1' ],
15 silly audit   'harmony-reflect': [ '1.6.2' ],
15 silly audit   has: [ '1.0.3' ],
15 silly audit   'has-bigints': [ '1.0.2' ],
15 silly audit   'has-property-descriptors': [ '1.0.0' ],
15 silly audit   'has-symbols': [ '1.0.3' ],
15 silly audit   'has-tostringtag': [ '1.0.0' ],
15 silly audit   he: [ '1.2.0' ],
15 silly audit   hoopy: [ '0.1.4' ],
15 silly audit   'hpack.js': [ '2.1.6' ],
15 silly audit   'readable-stream': [ '2.3.7', '3.6.0' ],
15 silly audit   string_decoder: [ '1.1.1', '1.3.0' ],
15 silly audit   'html-encoding-sniffer': [ '2.0.1' ],
15 silly audit   'html-entities': [ '2.3.3' ],
15 silly audit   'html-escaper': [ '2.0.2' ],
15 silly audit   'html-minifier-terser': [ '6.1.0' ],
15 silly audit   'html-webpack-plugin': [ '5.5.0' ],
15 silly audit   htmlparser2: [ '6.1.0' ],
15 silly audit   'http-deceiver': [ '1.2.7' ],
15 silly audit   'http-errors': [ '2.0.0', '1.6.3' ],
15 silly audit   'http-parser-js': [ '0.5.8' ],
15 silly audit   'http-proxy': [ '1.18.1' ],
15 silly audit   'http-proxy-agent': [ '4.0.1' ],
15 silly audit   'http-proxy-middleware': [ '2.0.6' ],
15 silly audit   'https-proxy-agent': [ '5.0.1' ],
15 silly audit   'human-signals': [ '2.1.0' ],
15 silly audit   'icss-utils': [ '5.1.0' ],
15 silly audit   idb: [ '7.1.1' ],
15 silly audit   'identity-obj-proxy': [ '3.0.0' ],
15 silly audit   ignore: [ '5.2.1' ],
15 silly audit   immer: [ '9.0.16' ],
15 silly audit   'import-fresh': [ '3.3.0' ],
15 silly audit   'resolve-from': [ '4.0.0', '5.0.0' ],
15 silly audit   'import-local': [ '3.1.0' ],
15 silly audit   imurmurhash: [ '0.1.4' ],
15 silly audit   'indent-string': [ '4.0.0' ],
15 silly audit   inflight: [ '1.0.6' ],
15 silly audit   inherits: [ '2.0.4', '2.0.3' ],
15 silly audit   ini: [ '1.3.8' ],
15 silly audit   'internal-slot': [ '1.0.3' ],
15 silly audit   'ipaddr.js': [ '2.0.1', '1.9.1' ],
15 silly audit   'is-arguments': [ '1.1.1' ],
15 silly audit   'is-arrayish': [ '0.2.1' ],
15 silly audit   'is-bigint': [ '1.0.4' ],
15 silly audit   'is-binary-path': [ '2.1.0' ],
15 silly audit   'is-boolean-object': [ '1.1.2' ],
15 silly audit   'is-callable': [ '1.2.7' ],
15 silly audit   'is-core-module': [ '2.11.0' ],
15 silly audit   'is-date-object': [ '1.0.5' ],
15 silly audit   'is-docker': [ '2.2.1' ],
15 silly audit   'is-extglob': [ '2.1.1' ],
15 silly audit   'is-fullwidth-code-point': [ '3.0.0' ],
15 silly audit   'is-generator-fn': [ '2.1.0' ],
15 silly audit   'is-glob': [ '4.0.3' ],
15 silly audit   'is-map': [ '2.0.2' ],
15 silly audit   'is-module': [ '1.0.0' ],
15 silly audit   'is-negative-zero': [ '2.0.2' ],
15 silly audit   'is-number': [ '7.0.0' ],
15 silly audit   'is-number-object': [ '1.0.7' ],
15 silly audit   'is-obj': [ '1.0.1' ],
15 silly audit   'is-path-inside': [ '3.0.3' ],
15 silly audit   'is-plain-obj': [ '3.0.0' ],
15 silly audit   'is-potential-custom-element-name': [ '1.0.1' ],
15 silly audit   'is-regex': [ '1.1.4' ],
15 silly audit   'is-regexp': [ '1.0.0' ],
15 silly audit   'is-root': [ '2.1.0' ],
15 silly audit   'is-set': [ '2.0.2' ],
15 silly audit   'is-shared-array-buffer': [ '1.0.2' ],
15 silly audit   'is-stream': [ '2.0.1' ],
15 silly audit   'is-string': [ '1.0.7' ],
15 silly audit   'is-symbol': [ '1.0.4' ],
15 silly audit   'is-typed-array': [ '1.1.10' ],
15 silly audit   'is-typedarray': [ '1.0.0' ],
15 silly audit   'is-weakmap': [ '2.0.1' ],
15 silly audit   'is-weakref': [ '1.0.2' ],
15 silly audit   'is-weakset': [ '2.0.2' ],
15 silly audit   'is-wsl': [ '2.2.0' ],
15 silly audit   isexe: [ '2.0.0' ],
15 silly audit   'istanbul-lib-coverage': [ '3.2.0' ],
15 silly audit   'istanbul-lib-instrument': [ '5.2.1' ],
15 silly audit   'istanbul-lib-report': [ '3.0.0' ],
15 silly audit   'istanbul-lib-source-maps': [ '4.0.1' ],
15 silly audit   'istanbul-reports': [ '3.1.5' ],
15 silly audit   jake: [ '10.8.5' ],
15 silly audit   jest: [ '27.5.1' ],
15 silly audit   'jest-changed-files': [ '27.5.1' ],
15 silly audit   'jest-circus': [ '27.5.1' ],
15 silly audit   'jest-cli': [ '27.5.1' ],
15 silly audit   'jest-config': [ '27.5.1' ],
15 silly audit   'jest-docblock': [ '27.5.1' ],
15 silly audit   'jest-each': [ '27.5.1' ],
15 silly audit   'jest-environment-jsdom': [ '27.5.1' ],
15 silly audit   'jest-environment-node': [ '27.5.1' ],
15 silly audit   'jest-haste-map': [ '27.5.1' ],
15 silly audit   'jest-jasmine2': [ '27.5.1' ],
15 silly audit   'jest-leak-detector': [ '27.5.1' ],
15 silly audit   'jest-mock': [ '27.5.1' ],
15 silly audit   'jest-pnp-resolver': [ '1.2.3' ],
15 silly audit   'jest-regex-util': [ '27.5.1', '28.0.2' ],
15 silly audit   'jest-resolve': [ '27.5.1' ],
15 silly audit   'jest-resolve-dependencies': [ '27.5.1' ],
15 silly audit   'jest-runner': [ '27.5.1' ],
15 silly audit   'jest-runtime': [ '27.5.1' ],
15 silly audit   'jest-serializer': [ '27.5.1' ],
15 silly audit   'jest-snapshot': [ '27.5.1' ],
15 silly audit   'jest-validate': [ '27.5.1' ],
15 silly audit   'jest-watch-typeahead': [ '1.1.0' ],
15 silly audit   slash: [ '3.0.0', '4.0.0' ],
15 silly audit   'jest-watcher': [ '28.1.3', '27.5.1' ],
15 silly audit   'string-length': [ '4.0.2', '5.0.1' ],
15 silly audit   'strip-ansi': [ '6.0.1', '7.0.1' ],
15 silly audit   'js-sdsl': [ '4.2.0' ],
15 silly audit   'js-tokens': [ '4.0.0' ],
15 silly audit   jsdom: [ '16.7.0' ],
15 silly audit   jsesc: [ '2.5.2', '0.5.0' ],
15 silly audit   'json-parse-even-better-errors': [ '2.3.1' ],
15 silly audit   'json-schema': [ '0.4.0' ],
15 silly audit   'json-stable-stringify-without-jsonify': [ '1.0.1' ],
15 silly audit   json5: [ '2.2.1', '1.0.1' ],
15 silly audit   jsonfile: [ '6.1.0' ],
15 silly audit   jsonpointer: [ '5.0.1' ],
15 silly audit   'jsx-ast-utils': [ '3.3.3' ],
15 silly audit   'kind-of': [ '6.0.3' ],
15 silly audit   kleur: [ '3.0.3' ],
15 silly audit   klona: [ '2.0.5' ],
15 silly audit   'language-subtag-registry': [ '0.3.22' ],
15 silly audit   'language-tags': [ '1.0.6' ],
15 silly audit   leven: [ '3.1.0' ],
15 silly audit   lilconfig: [ '2.0.6' ],
15 silly audit   'lines-and-columns': [ '1.2.4' ],
15 silly audit   'loader-runner': [ '4.3.0' ],
15 silly audit   'loader-utils': [ '2.0.4', '3.2.1' ],
15 silly audit   lodash: [ '4.17.21' ],
15 silly audit   'lodash.debounce': [ '4.0.8' ],
15 silly audit   'lodash.memoize': [ '4.1.2' ],
15 silly audit   'lodash.merge': [ '4.6.2' ],
15 silly audit   'lodash.sortby': [ '4.7.0' ],
15 silly audit   'lodash.uniq': [ '4.5.0' ],
15 silly audit   'loose-envify': [ '1.4.0' ],
15 silly audit   'lower-case': [ '2.0.2' ],
15 silly audit   'lru-cache': [ '6.0.0' ],
15 silly audit   'lz-string': [ '1.4.4' ],
15 silly audit   'magic-string': [ '0.25.9' ],
15 silly audit   'make-dir': [ '3.1.0' ],
15 silly audit   makeerror: [ '1.0.12' ],
15 silly audit   'media-typer': [ '0.3.0' ],
15 silly audit   memfs: [ '3.4.12' ],
15 silly audit   'merge-descriptors': [ '1.0.1' ],
15 silly audit   'merge-stream': [ '2.0.0' ],
15 silly audit   merge2: [ '1.4.1' ],
15 silly audit   methods: [ '1.1.2' ],
15 silly audit   micromatch: [ '4.0.5' ],
15 silly audit   mime: [ '1.6.0' ],
15 silly audit   'mime-db': [ '1.52.0' ],
15 silly audit   'mime-types': [ '2.1.35' ],
15 silly audit   'mimic-fn': [ '2.1.0' ],
15 silly audit   'min-indent': [ '1.0.1' ],
15 silly audit   'mini-css-extract-plugin': [ '2.7.1' ],
15 silly audit   'minimalistic-assert': [ '1.0.1' ],
15 silly audit   minimist: [ '1.2.7' ],
15 silly audit   mkdirp: [ '0.5.6' ],
15 silly audit   'multicast-dns': [ '7.2.5' ],
15 silly audit   nanoid: [ '3.3.4' ],
15 silly audit   'natural-compare': [ '1.4.0' ],
15 silly audit   'natural-compare-lite': [ '1.4.0' ],
15 silly audit   negotiator: [ '0.6.3' ],
15 silly audit   'neo-async': [ '2.6.2' ],
15 silly audit   'no-case': [ '3.0.4' ],
15 silly audit   'node-forge': [ '1.3.1' ],
15 silly audit   'node-int64': [ '0.4.0' ],
15 silly audit   'node-releases': [ '2.0.6' ],
15 silly audit   'normalize-path': [ '3.0.0' ],
15 silly audit   'normalize-range': [ '0.1.2' ],
15 silly audit   'normalize-url': [ '6.1.0' ],
15 silly audit   'npm-run-path': [ '4.0.1' ],
15 silly audit   'nth-check': [ '2.1.1', '1.0.2' ],
15 silly audit   nwsapi: [ '2.2.2' ],
15 silly audit   'object-assign': [ '4.1.1' ],
15 silly audit   'object-hash': [ '3.0.0' ],
15 silly audit   'object-inspect': [ '1.12.2' ],
15 silly audit   'object-is': [ '1.1.5' ],
15 silly audit   'object-keys': [ '1.1.1' ],
15 silly audit   'object.assign': [ '4.1.4' ],
15 silly audit   'object.entries': [ '1.1.6' ],
15 silly audit   'object.fromentries': [ '2.0.6' ],
15 silly audit   'object.getownpropertydescriptors': [ '2.1.5' ],
15 silly audit   'object.hasown': [ '1.1.2' ],
15 silly audit   'object.values': [ '1.1.6' ],
15 silly audit   obuf: [ '1.1.2' ],
15 silly audit   'on-finished': [ '2.4.1' ],
15 silly audit   'on-headers': [ '1.0.2' ],
15 silly audit   once: [ '1.4.0' ],
15 silly audit   onetime: [ '5.1.2' ],
15 silly audit   open: [ '8.4.0' ],
15 silly audit   'p-retry': [ '4.6.2' ],
15 silly audit   'p-try': [ '2.2.0' ],
15 silly audit   'param-case': [ '3.0.4' ],
15 silly audit   'parent-module': [ '1.0.1' ],
15 silly audit   'parse-json': [ '5.2.0' ],
15 silly audit   parse5: [ '6.0.1' ],
15 silly audit   parseurl: [ '1.3.3' ],
15 silly audit   'pascal-case': [ '3.1.2' ],
15 silly audit   'path-exists': [ '4.0.0', '3.0.0' ],
15 silly audit   'path-is-absolute': [ '1.0.1' ],
15 silly audit   'path-key': [ '3.1.1' ],
15 silly audit   'path-parse': [ '1.0.7' ],
15 silly audit   'path-to-regexp': [ '0.1.7' ],
15 silly audit   'path-type': [ '4.0.0' ],
15 silly audit   'performance-now': [ '2.1.0' ],
15 silly audit   picocolors: [ '1.0.0', '0.2.1' ],
15 silly audit   picomatch: [ '2.3.1' ],
15 silly audit   pify: [ '2.3.0' ],
15 silly audit   pirates: [ '4.0.5' ],
15 silly audit   'pkg-dir': [ '4.2.0' ],
15 silly audit   'pkg-up': [ '3.1.0' ],
15 silly audit   postcss: [ '8.4.19', '7.0.39' ],
15 silly audit   'postcss-attribute-case-insensitive': [ '5.0.2' ],
15 silly audit   'postcss-browser-comments': [ '4.0.0' ],
15 silly audit   'postcss-calc': [ '8.2.4' ],
15 silly audit   'postcss-clamp': [ '4.1.0' ],
15 silly audit   'postcss-color-functional-notation': [ '4.2.4' ],
15 silly audit   'postcss-color-hex-alpha': [ '8.0.4' ],
15 silly audit   'postcss-color-rebeccapurple': [ '7.1.1' ],
15 silly audit   'postcss-colormin': [ '5.3.0' ],
15 silly audit   'postcss-convert-values': [ '5.1.3' ],
15 silly audit   'postcss-custom-media': [ '8.0.2' ],
15 silly audit   'postcss-custom-properties': [ '12.1.11' ],
15 silly audit   'postcss-custom-selectors': [ '6.0.3' ],
15 silly audit   'postcss-dir-pseudo-class': [ '6.0.5' ],
15 silly audit   'postcss-discard-comments': [ '5.1.2' ],
15 silly audit   'postcss-discard-duplicates': [ '5.1.0' ],
15 silly audit   'postcss-discard-empty': [ '5.1.1' ],
15 silly audit   'postcss-discard-overridden': [ '5.1.0' ],
15 silly audit   'postcss-double-position-gradients': [ '3.1.2' ],
15 silly audit   'postcss-env-function': [ '4.0.6' ],
15 silly audit   'postcss-flexbugs-fixes': [ '5.0.2' ],
15 silly audit   'postcss-focus-visible': [ '6.0.4' ],
15 silly audit   'postcss-focus-within': [ '5.0.4' ],
15 silly audit   'postcss-font-variant': [ '5.0.0' ],
15 silly audit   'postcss-gap-properties': [ '3.0.5' ],
15 silly audit   'postcss-image-set-function': [ '4.0.7' ],
15 silly audit   'postcss-import': [ '14.1.0' ],
15 silly audit   'postcss-initial': [ '4.0.1' ],
15 silly audit   'postcss-js': [ '4.0.0' ],
15 silly audit   'postcss-lab-function': [ '4.2.1' ],
15 silly audit   'postcss-load-config': [ '3.1.4' ],
15 silly audit   'postcss-loader': [ '6.2.1' ],
15 silly audit   'postcss-logical': [ '5.0.4' ],
15 silly audit   'postcss-media-minmax': [ '5.0.0' ],
15 silly audit   'postcss-merge-longhand': [ '5.1.7' ],
15 silly audit   'postcss-merge-rules': [ '5.1.3' ],
15 silly audit   'postcss-minify-font-values': [ '5.1.0' ],
15 silly audit   'postcss-minify-gradients': [ '5.1.1' ],
15 silly audit   'postcss-minify-params': [ '5.1.4' ],
15 silly audit   'postcss-minify-selectors': [ '5.2.1' ],
15 silly audit   'postcss-modules-extract-imports': [ '3.0.0' ],
15 silly audit   'postcss-modules-local-by-default': [ '4.0.0' ],
15 silly audit   'postcss-modules-scope': [ '3.0.0' ],
15 silly audit   'postcss-modules-values': [ '4.0.0' ],
15 silly audit   'postcss-nested': [ '6.0.0' ],
15 silly audit   'postcss-nesting': [ '10.2.0' ],
15 silly audit   'postcss-normalize': [ '10.0.1' ],
15 silly audit   'postcss-normalize-charset': [ '5.1.0' ],
15 silly audit   'postcss-normalize-display-values': [ '5.1.0' ],
15 silly audit   'postcss-normalize-positions': [ '5.1.1' ],
15 silly audit   'postcss-normalize-repeat-style': [ '5.1.1' ],
15 silly audit   'postcss-normalize-string': [ '5.1.0' ],
15 silly audit   'postcss-normalize-timing-functions': [ '5.1.0' ],
15 silly audit   'postcss-normalize-unicode': [ '5.1.1' ],
15 silly audit   'postcss-normalize-url': [ '5.1.0' ],
15 silly audit   'postcss-normalize-whitespace': [ '5.1.1' ],
15 silly audit   'postcss-opacity-percentage': [ '1.1.2' ],
15 silly audit   'postcss-ordered-values': [ '5.1.3' ],
15 silly audit   'postcss-overflow-shorthand': [ '3.0.4' ],
15 silly audit   'postcss-page-break': [ '3.0.4' ],
15 silly audit   'postcss-place': [ '7.0.5' ],
15 silly audit   'postcss-preset-env': [ '7.8.3' ],
15 silly audit   'postcss-pseudo-class-any-link': [ '7.1.6' ],
15 silly audit   'postcss-reduce-initial': [ '5.1.1' ],
15 silly audit   'postcss-reduce-transforms': [ '5.1.0' ],
15 silly audit   'postcss-replace-overflow-wrap': [ '4.0.0' ],
15 silly audit   'postcss-selector-not': [ '6.0.1' ],
15 silly audit   'postcss-selector-parser': [ '6.0.11' ],
15 silly audit   'postcss-svgo': [ '5.1.0' ],
15 silly audit   svgo: [ '2.8.0', '1.3.2' ],
15 silly audit   'postcss-unique-selectors': [ '5.1.1' ],
15 silly audit   'postcss-value-parser': [ '4.2.0' ],
15 silly audit   'pretty-bytes': [ '5.6.0' ],
15 silly audit   'pretty-error': [ '4.0.0' ],
15 silly audit   'process-nextick-args': [ '2.0.1' ],
15 silly audit   promise: [ '8.3.0' ],
15 silly audit   prompts: [ '2.4.2' ],
15 silly audit   'prop-types': [ '15.8.1' ],
15 silly audit   'proxy-addr': [ '2.0.7' ],
15 silly audit   'proxy-from-env': [ '1.1.0' ],
15 silly audit   psl: [ '1.9.0' ],
15 silly audit   punycode: [ '2.1.1' ],
15 silly audit   q: [ '1.5.1' ],
15 silly audit   qs: [ '6.11.0' ],
15 silly audit   querystringify: [ '2.2.0' ],
15 silly audit   'queue-microtask': [ '1.2.3' ],
15 silly audit   'quick-lru': [ '5.1.1' ],
15 silly audit   raf: [ '3.4.1' ],
15 silly audit   randombytes: [ '2.1.0' ],
15 silly audit   'range-parser': [ '1.2.1' ],
15 silly audit   'raw-body': [ '2.5.1' ],
15 silly audit   react: [ '18.2.0' ],
15 silly audit   'react-app-polyfill': [ '3.0.0' ],
15 silly audit   'react-dev-utils': [ '12.0.1' ],
15 silly audit   'react-dom': [ '18.2.0' ],
15 silly audit   'react-error-overlay': [ '6.0.11' ],
15 silly audit   'react-fast-compare': [ '3.2.0' ],
15 silly audit   'react-popper': [ '2.3.0' ],
15 silly audit   'react-refresh': [ '0.11.0' ],
15 silly audit   'react-scripts': [ '5.0.1' ],
15 silly audit   'react-transition-group': [ '4.4.5' ],
15 silly audit   reactstrap: [ '9.1.5' ],
15 silly audit   'read-cache': [ '1.0.0' ],
15 silly audit   readdirp: [ '3.6.0' ],
15 silly audit   'recursive-readdir': [ '2.2.3' ],
15 silly audit   redent: [ '3.0.0' ],
15 silly audit   regenerate: [ '1.4.2' ],
15 silly audit   'regenerate-unicode-properties': [ '10.1.0' ],
15 silly audit   'regenerator-runtime': [ '0.13.11' ],
15 silly audit   'regenerator-transform': [ '0.15.1' ],
15 silly audit   'regex-parser': [ '2.2.11' ],
15 silly audit   'regexp.prototype.flags': [ '1.4.3' ],
15 silly audit   regexpp: [ '3.2.0' ],
15 silly audit   'regexpu-core': [ '5.2.2' ],
15 silly audit   regjsgen: [ '0.7.1' ],
15 silly audit   regjsparser: [ '0.9.1' ],
15 silly audit   relateurl: [ '0.2.7' ],
15 silly audit   renderkid: [ '3.0.0' ],
15 silly audit   'require-directory': [ '2.1.1' ],
15 silly audit   'require-from-string': [ '2.0.2' ],
15 silly audit   'requires-port': [ '1.0.0' ],
15 silly audit   'resolve-cwd': [ '3.0.0' ],
15 silly audit   'resolve-url-loader': [ '4.0.0' ],
15 silly audit   'resolve.exports': [ '1.1.0' ],
15 silly audit   retry: [ '0.13.1' ],
15 silly audit   reusify: [ '1.0.4' ],
15 silly audit   rimraf: [ '3.0.2' ],
15 silly audit   rollup: [ '2.79.1' ],
15 silly audit   'rollup-plugin-terser': [ '7.0.2' ],
15 silly audit   'serialize-javascript': [ '4.0.0', '6.0.0' ],
15 silly audit   'run-parallel': [ '1.2.0' ],
15 silly audit   'safe-regex-test': [ '1.0.0' ],
15 silly audit   'safer-buffer': [ '2.1.2' ],
15 silly audit   'sanitize.css': [ '13.0.0' ],
15 silly audit   'sass-loader': [ '12.6.0' ],
15 silly audit   sax: [ '1.2.4' ],
15 silly audit   saxes: [ '5.0.1' ],
15 silly audit   scheduler: [ '0.23.0' ],
15 silly audit   'select-hose': [ '2.0.0' ],
15 silly audit   selfsigned: [ '2.1.1' ],
15 silly audit   send: [ '0.18.0' ],
15 silly audit   'serve-index': [ '1.9.1' ],
15 silly audit   setprototypeof: [ '1.1.0', '1.2.0' ],
15 silly audit   statuses: [ '1.5.0', '2.0.1' ],
15 silly audit   'serve-static': [ '1.15.0' ],
15 silly audit   'shebang-command': [ '2.0.0' ],
15 silly audit   'shebang-regex': [ '3.0.0' ],
15 silly audit   'shell-quote': [ '1.7.4' ],
15 silly audit   'side-channel': [ '1.0.4' ],
15 silly audit   'signal-exit': [ '3.0.7' ],
15 silly audit   sisteransi: [ '1.0.5' ],
15 silly audit   sockjs: [ '0.3.24' ],
15 silly audit   'source-list-map': [ '2.0.1' ],
15 silly audit   'source-map-js': [ '1.0.2' ],
15 silly audit   'source-map-loader': [ '3.0.2' ],
15 silly audit   'source-map-support': [ '0.5.21' ],
15 silly audit   'sourcemap-codec': [ '1.4.8' ],
15 silly audit   spdy: [ '4.0.2' ],
15 silly audit   'spdy-transport': [ '3.0.0' ],
15 silly audit   'sprintf-js': [ '1.0.3' ],
15 silly audit   stable: [ '0.1.8' ],
15 silly audit   'stack-utils': [ '2.0.6' ],
15 silly audit   stackframe: [ '1.3.4' ],
15 silly audit   'string-natural-compare': [ '3.0.1' ],
15 silly audit   'string-width': [ '4.2.3' ],
15 silly audit   'string.prototype.matchall': [ '4.0.8' ],
15 silly audit   'string.prototype.trimend': [ '1.0.6' ],
15 silly audit   'string.prototype.trimstart': [ '1.0.6' ],
15 silly audit   'stringify-object': [ '3.3.0' ],
15 silly audit   'strip-bom': [ '4.0.0', '3.0.0' ],
15 silly audit   'strip-comments': [ '2.0.1' ],
15 silly audit   'strip-final-newline': [ '2.0.0' ],
15 silly audit   'strip-indent': [ '3.0.0' ],
15 silly audit   'strip-json-comments': [ '3.1.1' ],
15 silly audit   'style-loader': [ '3.3.1' ],
15 silly audit   stylehacks: [ '5.1.1' ],
15 silly audit   'supports-hyperlinks': [ '2.3.0' ],
15 silly audit   'supports-preserve-symlinks-flag': [ '1.0.0' ],
15 silly audit   'svg-parser': [ '2.0.4' ],
15 silly audit   'symbol-tree': [ '3.2.4' ],
15 silly audit   tailwindcss: [ '3.2.4' ],
15 silly audit   'temp-dir': [ '2.0.0' ],
15 silly audit   tempy: [ '0.6.0' ],
15 silly audit   'terminal-link': [ '2.1.1' ],
15 silly audit   terser: [ '5.16.1' ],
15 silly audit   'terser-webpack-plugin': [ '5.3.6' ],
15 silly audit   'test-exclude': [ '6.0.0' ],
15 silly audit   'text-table': [ '0.2.0' ],
15 silly audit   throat: [ '6.0.1' ],
15 silly audit   thunky: [ '1.1.0' ],
15 silly audit   tmpl: [ '1.0.5' ],
15 silly audit   'to-fast-properties': [ '2.0.0' ],
15 silly audit   'to-regex-range': [ '5.0.1' ],
15 silly audit   toidentifier: [ '1.0.1' ],
15 silly audit   'tough-cookie': [ '4.1.2' ],
15 silly audit   universalify: [ '0.2.0', '2.0.0' ],
15 silly audit   tr46: [ '2.1.0', '1.0.1' ],
15 silly audit   tryer: [ '1.0.1' ],
15 silly audit   'tsconfig-paths': [ '3.14.1' ],
15 silly audit   tslib: [ '2.4.1', '1.14.1' ],
15 silly audit   tsutils: [ '3.21.0' ],
15 silly audit   'type-detect': [ '4.0.8' ],
15 silly audit   'type-is': [ '1.6.18' ],
15 silly audit   'typedarray-to-buffer': [ '3.1.5' ],
15 silly audit   typescript: [ '4.9.5' ],
15 silly audit   'unbox-primitive': [ '1.0.2' ],
15 silly audit   'unicode-canonical-property-names-ecmascript': [ '2.0.0' ],
15 silly audit   'unicode-match-property-ecmascript': [ '2.0.0' ],
15 silly audit   'unicode-match-property-value-ecmascript': [ '2.1.0' ],
15 silly audit   'unicode-property-aliases-ecmascript': [ '2.1.0' ],
15 silly audit   'unique-string': [ '2.0.0' ],
15 silly audit   unpipe: [ '1.0.0' ],
15 silly audit   unquote: [ '1.1.1' ],
15 silly audit   upath: [ '1.2.0' ],
15 silly audit   'update-browserslist-db': [ '1.0.10' ],
15 silly audit   'uri-js': [ '4.4.1' ],
15 silly audit   'url-parse': [ '1.5.10' ],
15 silly audit   'util-deprecate': [ '1.0.2' ],
15 silly audit   'util.promisify': [ '1.0.1' ],
15 silly audit   utila: [ '0.4.0' ],
15 silly audit   'utils-merge': [ '1.0.1' ],
15 silly audit   uuid: [ '8.3.2' ],
15 silly audit   'v8-to-istanbul': [ '8.1.1' ],
15 silly audit   vary: [ '1.1.2' ],
15 silly audit   'w3c-hr-time': [ '1.0.2' ],
15 silly audit   'w3c-xmlserializer': [ '2.0.0' ],
15 silly audit   walker: [ '1.0.8' ],
15 silly audit   warning: [ '4.0.3' ],
15 silly audit   watchpack: [ '2.4.0' ],
15 silly audit   wbuf: [ '1.7.3' ],
15 silly audit   'web-vitals': [ '2.1.4' ],
15 silly audit   webpack: [ '5.75.0' ],
15 silly audit   'webpack-dev-middleware': [ '5.3.3' ],
15 silly audit   'webpack-dev-server': [ '4.11.1' ],
15 silly audit   ws: [ '8.11.0', '7.5.9' ],
15 silly audit   'webpack-manifest-plugin': [ '4.1.1' ],
15 silly audit   'webpack-sources': [ '2.3.1', '3.2.3', '1.4.3' ],
15 silly audit   'websocket-driver': [ '0.7.4' ],
15 silly audit   'websocket-extensions': [ '0.1.4' ],
15 silly audit   'whatwg-encoding': [ '1.0.5' ],
15 silly audit   'whatwg-fetch': [ '3.6.2' ],
15 silly audit   'whatwg-mimetype': [ '2.3.0' ],
15 silly audit   'whatwg-url': [ '8.7.0', '7.1.0' ],
15 silly audit   'which-boxed-primitive': [ '1.0.2' ],
15 silly audit   'which-collection': [ '1.0.1' ],
15 silly audit   'which-typed-array': [ '1.1.9' ],
15 silly audit   'word-wrap': [ '1.2.3' ],
15 silly audit   'workbox-background-sync': [ '6.5.4' ],
15 silly audit   'workbox-broadcast-update': [ '6.5.4' ],
15 silly audit   'workbox-build': [ '6.5.4' ],
15 silly audit   '@apideck/better-ajv-errors': [ '0.3.6' ],
15 silly audit   'workbox-cacheable-response': [ '6.5.4' ],
15 silly audit   'workbox-core': [ '6.5.4' ],
15 silly audit   'workbox-expiration': [ '6.5.4' ],
15 silly audit   'workbox-google-analytics': [ '6.5.4' ],
15 silly audit   'workbox-navigation-preload': [ '6.5.4' ],
15 silly audit   'workbox-precaching': [ '6.5.4' ],
15 silly audit   'workbox-range-requests': [ '6.5.4' ],
15 silly audit   'workbox-recipes': [ '6.5.4' ],
15 silly audit   'workbox-routing': [ '6.5.4' ],
15 silly audit   'workbox-strategies': [ '6.5.4' ],
15 silly audit   'workbox-streams': [ '6.5.4' ],
15 silly audit   'workbox-sw': [ '6.5.4' ],
15 silly audit   'workbox-webpack-plugin': [ '6.5.4' ],
15 silly audit   'workbox-window': [ '6.5.4' ],
15 silly audit   'wrap-ansi': [ '7.0.0' ],
15 silly audit   wrappy: [ '1.0.2' ],
15 silly audit   'write-file-atomic': [ '3.0.3' ],
15 silly audit   'xml-name-validator': [ '3.0.0' ],
15 silly audit   xmlchars: [ '2.2.0' ],
15 silly audit   xtend: [ '4.0.2' ],
15 silly audit   y18n: [ '5.0.8' ],
15 silly audit   yallist: [ '4.0.0' ],
15 silly audit   yaml: [ '1.10.2' ],
15 silly audit   yargs: [ '16.2.0' ],
15 silly audit   'yargs-parser': [ '20.2.9' ],
15 silly audit   'yocto-queue': [ '0.1.0' ]
15 silly audit }
16 verbose reify failed optional dependency /home/ubuntu/taski/frontend/node_modules/fsevents
17 silly reify mark deleted [ '/home/ubuntu/taski/frontend/node_modules/fsevents' ]
18 silly tarball no local data for yocto-queue@https://registry.npmjs.org/yocto-queue/-/yocto-queue-0.1.0.tgz. Extracting by manifest.
19 silly tarball no local data for yargs-parser@https://registry.npmjs.org/yargs-parser/-/yargs-parser-20.2.9.tgz. Extracting by manifest.
20 silly tarball no local data for yargs@https://registry.npmjs.org/yargs/-/yargs-16.2.0.tgz. Extracting by manifest.
21 silly tarball no local data for yaml@https://registry.npmjs.org/yaml/-/yaml-1.10.2.tgz. Extracting by manifest.
22 silly tarball no local data for yallist@https://registry.npmjs.org/yallist/-/yallist-4.0.0.tgz. Extracting by manifest.
23 silly tarball no local data for y18n@https://registry.npmjs.org/y18n/-/y18n-5.0.8.tgz. Extracting by manifest.
24 silly tarball no local data for xtend@https://registry.npmjs.org/xtend/-/xtend-4.0.2.tgz. Extracting by manifest.
25 silly tarball no local data for xmlchars@https://registry.npmjs.org/xmlchars/-/xmlchars-2.2.0.tgz. Extracting by manifest.
26 silly tarball no local data for xml-name-validator@https://registry.npmjs.org/xml-name-validator/-/xml-name-validator-3.0.0.tgz. Extracting by manifest.
27 silly tarball no local data for ws@https://registry.npmjs.org/ws/-/ws-7.5.9.tgz. Extracting by manifest.
28 silly tarball no local data for write-file-atomic@https://registry.npmjs.org/write-file-atomic/-/write-file-atomic-3.0.3.tgz. Extracting by manifest.
29 silly tarball no local data for wrappy@https://registry.npmjs.org/wrappy/-/wrappy-1.0.2.tgz. Extracting by manifest.
30 silly tarball no local data for wrap-ansi@https://registry.npmjs.org/wrap-ansi/-/wrap-ansi-7.0.0.tgz. Extracting by manifest.
31 silly tarball no local data for workbox-window@https://registry.npmjs.org/workbox-window/-/workbox-window-6.5.4.tgz. Extracting by manifest.
32 silly tarball no local data for workbox-sw@https://registry.npmjs.org/workbox-sw/-/workbox-sw-6.5.4.tgz. Extracting by manifest.
33 silly tarball no local data for workbox-webpack-plugin@https://registry.npmjs.org/workbox-webpack-plugin/-/workbox-webpack-plugin-6.5.4.tgz. Extracting by manifest.
34 silly tarball no local data for workbox-streams@https://registry.npmjs.org/workbox-streams/-/workbox-streams-6.5.4.tgz. Extracting by manifest.
35 silly tarball no local data for workbox-strategies@https://registry.npmjs.org/workbox-strategies/-/workbox-strategies-6.5.4.tgz. Extracting by manifest.
36 silly tarball no local data for workbox-routing@https://registry.npmjs.org/workbox-routing/-/workbox-routing-6.5.4.tgz. Extracting by manifest.
37 silly tarball no local data for workbox-recipes@https://registry.npmjs.org/workbox-recipes/-/workbox-recipes-6.5.4.tgz. Extracting by manifest.
38 silly tarball no local data for workbox-range-requests@https://registry.npmjs.org/workbox-range-requests/-/workbox-range-requests-6.5.4.tgz. Extracting by manifest.
39 silly tarball no local data for workbox-precaching@https://registry.npmjs.org/workbox-precaching/-/workbox-precaching-6.5.4.tgz. Extracting by manifest.
40 silly tarball no local data for workbox-navigation-preload@https://registry.npmjs.org/workbox-navigation-preload/-/workbox-navigation-preload-6.5.4.tgz. Extracting by manifest.
41 silly tarball no local data for workbox-google-analytics@https://registry.npmjs.org/workbox-google-analytics/-/workbox-google-analytics-6.5.4.tgz. Extracting by manifest.
42 silly tarball no local data for workbox-expiration@https://registry.npmjs.org/workbox-expiration/-/workbox-expiration-6.5.4.tgz. Extracting by manifest.
43 silly tarball no local data for workbox-core@https://registry.npmjs.org/workbox-core/-/workbox-core-6.5.4.tgz. Extracting by manifest.
44 silly tarball no local data for workbox-cacheable-response@https://registry.npmjs.org/workbox-cacheable-response/-/workbox-cacheable-response-6.5.4.tgz. Extracting by manifest.
45 silly tarball no local data for workbox-build@https://registry.npmjs.org/workbox-build/-/workbox-build-6.5.4.tgz. Extracting by manifest.
46 silly tarball no local data for workbox-broadcast-update@https://registry.npmjs.org/workbox-broadcast-update/-/workbox-broadcast-update-6.5.4.tgz. Extracting by manifest.
47 silly tarball no local data for workbox-background-sync@https://registry.npmjs.org/workbox-background-sync/-/workbox-background-sync-6.5.4.tgz. Extracting by manifest.
48 silly tarball no local data for word-wrap@https://registry.npmjs.org/word-wrap/-/word-wrap-1.2.3.tgz. Extracting by manifest.
49 silly tarball no local data for which-typed-array@https://registry.npmjs.org/which-typed-array/-/which-typed-array-1.1.9.tgz. Extracting by manifest.
50 silly tarball no local data for which-collection@https://registry.npmjs.org/which-collection/-/which-collection-1.0.1.tgz. Extracting by manifest.
51 silly tarball no local data for which-boxed-primitive@https://registry.npmjs.org/which-boxed-primitive/-/which-boxed-primitive-1.0.2.tgz. Extracting by manifest.
52 silly tarball no local data for which@https://registry.npmjs.org/which/-/which-2.0.2.tgz. Extracting by manifest.
53 silly tarball no local data for whatwg-url@https://registry.npmjs.org/whatwg-url/-/whatwg-url-8.7.0.tgz. Extracting by manifest.
54 silly tarball no local data for whatwg-mimetype@https://registry.npmjs.org/whatwg-mimetype/-/whatwg-mimetype-2.3.0.tgz. Extracting by manifest.
55 silly tarball no local data for whatwg-fetch@https://registry.npmjs.org/whatwg-fetch/-/whatwg-fetch-3.6.2.tgz. Extracting by manifest.
56 silly tarball no local data for whatwg-encoding@https://registry.npmjs.org/whatwg-encoding/-/whatwg-encoding-1.0.5.tgz. Extracting by manifest.
57 silly tarball no local data for websocket-extensions@https://registry.npmjs.org/websocket-extensions/-/websocket-extensions-0.1.4.tgz. Extracting by manifest.
58 silly tarball no local data for websocket-driver@https://registry.npmjs.org/websocket-driver/-/websocket-driver-0.7.4.tgz. Extracting by manifest.
59 silly tarball no local data for webpack-sources@https://registry.npmjs.org/webpack-sources/-/webpack-sources-3.2.3.tgz. Extracting by manifest.
60 silly tarball no local data for webpack-manifest-plugin@https://registry.npmjs.org/webpack-manifest-plugin/-/webpack-manifest-plugin-4.1.1.tgz. Extracting by manifest.
61 silly tarball no local data for webpack-dev-server@https://registry.npmjs.org/webpack-dev-server/-/webpack-dev-server-4.11.1.tgz. Extracting by manifest.
62 silly tarball no local data for webpack-dev-middleware@https://registry.npmjs.org/webpack-dev-middleware/-/webpack-dev-middleware-5.3.3.tgz. Extracting by manifest.
63 silly tarball no local data for webpack@https://registry.npmjs.org/webpack/-/webpack-5.75.0.tgz. Extracting by manifest.
64 silly tarball no local data for webidl-conversions@https://registry.npmjs.org/webidl-conversions/-/webidl-conversions-6.1.0.tgz. Extracting by manifest.
65 silly tarball no local data for web-vitals@https://registry.npmjs.org/web-vitals/-/web-vitals-2.1.4.tgz. Extracting by manifest.
66 silly tarball no local data for wbuf@https://registry.npmjs.org/wbuf/-/wbuf-1.7.3.tgz. Extracting by manifest.
67 silly tarball no local data for watchpack@https://registry.npmjs.org/watchpack/-/watchpack-2.4.0.tgz. Extracting by manifest.
68 silly tarball no local data for warning@https://registry.npmjs.org/warning/-/warning-4.0.3.tgz. Extracting by manifest.
69 silly tarball no local data for walker@https://registry.npmjs.org/walker/-/walker-1.0.8.tgz. Extracting by manifest.
70 silly tarball no local data for w3c-xmlserializer@https://registry.npmjs.org/w3c-xmlserializer/-/w3c-xmlserializer-2.0.0.tgz. Extracting by manifest.
71 silly tarball no local data for w3c-hr-time@https://registry.npmjs.org/w3c-hr-time/-/w3c-hr-time-1.0.2.tgz. Extracting by manifest.
72 silly tarball no local data for vary@https://registry.npmjs.org/vary/-/vary-1.1.2.tgz. Extracting by manifest.
73 silly tarball no local data for v8-to-istanbul@https://registry.npmjs.org/v8-to-istanbul/-/v8-to-istanbul-8.1.1.tgz. Extracting by manifest.
74 silly tarball no local data for uuid@https://registry.npmjs.org/uuid/-/uuid-8.3.2.tgz. Extracting by manifest.
75 silly tarball no local data for utils-merge@https://registry.npmjs.org/utils-merge/-/utils-merge-1.0.1.tgz. Extracting by manifest.
76 silly tarball no local data for utila@https://registry.npmjs.org/utila/-/utila-0.4.0.tgz. Extracting by manifest.
77 silly tarball no local data for util.promisify@https://registry.npmjs.org/util.promisify/-/util.promisify-1.0.1.tgz. Extracting by manifest.
78 silly tarball no local data for util-deprecate@https://registry.npmjs.org/util-deprecate/-/util-deprecate-1.0.2.tgz. Extracting by manifest.
79 silly tarball no local data for url-parse@https://registry.npmjs.org/url-parse/-/url-parse-1.5.10.tgz. Extracting by manifest.
80 silly tarball no local data for uri-js@https://registry.npmjs.org/uri-js/-/uri-js-4.4.1.tgz. Extracting by manifest.
81 silly tarball no local data for update-browserslist-db@https://registry.npmjs.org/update-browserslist-db/-/update-browserslist-db-1.0.10.tgz. Extracting by manifest.
82 silly tarball no local data for upath@https://registry.npmjs.org/upath/-/upath-1.2.0.tgz. Extracting by manifest.
83 silly tarball no local data for unpipe@https://registry.npmjs.org/unpipe/-/unpipe-1.0.0.tgz. Extracting by manifest.
84 silly tarball no local data for unquote@https://registry.npmjs.org/unquote/-/unquote-1.1.1.tgz. Extracting by manifest.
85 silly tarball no local data for universalify@https://registry.npmjs.org/universalify/-/universalify-2.0.0.tgz. Extracting by manifest.
86 silly tarball no local data for unique-string@https://registry.npmjs.org/unique-string/-/unique-string-2.0.0.tgz. Extracting by manifest.
87 silly tarball no local data for unicode-property-aliases-ecmascript@https://registry.npmjs.org/unicode-property-aliases-ecmascript/-/unicode-property-aliases-ecmascript-2.1.0.tgz. Extracting by manifest.
88 silly tarball no local data for unicode-match-property-value-ecmascript@https://registry.npmjs.org/unicode-match-property-value-ecmascript/-/unicode-match-property-value-ecmascript-2.1.0.tgz. Extracting by manifest.
89 silly tarball no local data for unicode-match-property-ecmascript@https://registry.npmjs.org/unicode-match-property-ecmascript/-/unicode-match-property-ecmascript-2.0.0.tgz. Extracting by manifest.
90 silly tarball no local data for unicode-canonical-property-names-ecmascript@https://registry.npmjs.org/unicode-canonical-property-names-ecmascript/-/unicode-canonical-property-names-ecmascript-2.0.0.tgz. Extracting by manifest.
91 silly tarball no local data for unbox-primitive@https://registry.npmjs.org/unbox-primitive/-/unbox-primitive-1.0.2.tgz. Extracting by manifest.
92 silly tarball no local data for typescript@https://registry.npmjs.org/typescript/-/typescript-4.9.5.tgz. Extracting by manifest.
93 silly tarball no local data for typedarray-to-buffer@https://registry.npmjs.org/typedarray-to-buffer/-/typedarray-to-buffer-3.1.5.tgz. Extracting by manifest.
94 silly tarball no local data for type-is@https://registry.npmjs.org/type-is/-/type-is-1.6.18.tgz. Extracting by manifest.
95 silly tarball no local data for type-fest@https://registry.npmjs.org/type-fest/-/type-fest-0.21.3.tgz. Extracting by manifest.
96 silly tarball no local data for type-detect@https://registry.npmjs.org/type-detect/-/type-detect-4.0.8.tgz. Extracting by manifest.
97 silly tarball no local data for type-check@https://registry.npmjs.org/type-check/-/type-check-0.4.0.tgz. Extracting by manifest.
98 silly tarball no local data for tsutils@https://registry.npmjs.org/tsutils/-/tsutils-3.21.0.tgz. Extracting by manifest.
99 silly tarball no local data for tslib@https://registry.npmjs.org/tslib/-/tslib-2.4.1.tgz. Extracting by manifest.
100 silly tarball no local data for tsconfig-paths@https://registry.npmjs.org/tsconfig-paths/-/tsconfig-paths-3.14.1.tgz. Extracting by manifest.
101 silly tarball no local data for tryer@https://registry.npmjs.org/tryer/-/tryer-1.0.1.tgz. Extracting by manifest.
102 silly tarball no local data for tr46@https://registry.npmjs.org/tr46/-/tr46-2.1.0.tgz. Extracting by manifest.
103 silly tarball no local data for tough-cookie@https://registry.npmjs.org/tough-cookie/-/tough-cookie-4.1.2.tgz. Extracting by manifest.
104 silly tarball no local data for toidentifier@https://registry.npmjs.org/toidentifier/-/toidentifier-1.0.1.tgz. Extracting by manifest.
105 silly tarball no local data for to-regex-range@https://registry.npmjs.org/to-regex-range/-/to-regex-range-5.0.1.tgz. Extracting by manifest.
106 silly tarball no local data for to-fast-properties@https://registry.npmjs.org/to-fast-properties/-/to-fast-properties-2.0.0.tgz. Extracting by manifest.
107 silly tarball no local data for tmpl@https://registry.npmjs.org/tmpl/-/tmpl-1.0.5.tgz. Extracting by manifest.
108 silly tarball no local data for thunky@https://registry.npmjs.org/thunky/-/thunky-1.1.0.tgz. Extracting by manifest.
109 silly tarball no local data for throat@https://registry.npmjs.org/throat/-/throat-6.0.1.tgz. Extracting by manifest.
110 silly tarball no local data for text-table@https://registry.npmjs.org/text-table/-/text-table-0.2.0.tgz. Extracting by manifest.
111 silly tarball no local data for test-exclude@https://registry.npmjs.org/test-exclude/-/test-exclude-6.0.0.tgz. Extracting by manifest.
112 silly tarball no local data for terser-webpack-plugin@https://registry.npmjs.org/terser-webpack-plugin/-/terser-webpack-plugin-5.3.6.tgz. Extracting by manifest.
113 silly tarball no local data for terser@https://registry.npmjs.org/terser/-/terser-5.16.1.tgz. Extracting by manifest.
114 silly tarball no local data for terminal-link@https://registry.npmjs.org/terminal-link/-/terminal-link-2.1.1.tgz. Extracting by manifest.
115 silly tarball no local data for tempy@https://registry.npmjs.org/tempy/-/tempy-0.6.0.tgz. Extracting by manifest.
116 silly tarball no local data for temp-dir@https://registry.npmjs.org/temp-dir/-/temp-dir-2.0.0.tgz. Extracting by manifest.
117 silly tarball no local data for tapable@https://registry.npmjs.org/tapable/-/tapable-2.2.1.tgz. Extracting by manifest.
118 silly tarball no local data for tailwindcss@https://registry.npmjs.org/tailwindcss/-/tailwindcss-3.2.4.tgz. Extracting by manifest.
119 silly tarball no local data for symbol-tree@https://registry.npmjs.org/symbol-tree/-/symbol-tree-3.2.4.tgz. Extracting by manifest.
120 silly tarball no local data for svgo@https://registry.npmjs.org/svgo/-/svgo-1.3.2.tgz. Extracting by manifest.
121 silly tarball no local data for svg-parser@https://registry.npmjs.org/svg-parser/-/svg-parser-2.0.4.tgz. Extracting by manifest.
122 silly tarball no local data for supports-hyperlinks@https://registry.npmjs.org/supports-hyperlinks/-/supports-hyperlinks-2.3.0.tgz. Extracting by manifest.
123 silly tarball no local data for supports-color@https://registry.npmjs.org/supports-color/-/supports-color-5.5.0.tgz. Extracting by manifest.
124 silly tarball no local data for stylehacks@https://registry.npmjs.org/stylehacks/-/stylehacks-5.1.1.tgz. Extracting by manifest.
125 silly tarball no local data for style-loader@https://registry.npmjs.org/style-loader/-/style-loader-3.3.1.tgz. Extracting by manifest.
126 silly tarball no local data for supports-preserve-symlinks-flag@https://registry.npmjs.org/supports-preserve-symlinks-flag/-/supports-preserve-symlinks-flag-1.0.0.tgz. Extracting by manifest.
127 silly tarball no local data for strip-json-comments@https://registry.npmjs.org/strip-json-comments/-/strip-json-comments-3.1.1.tgz. Extracting by manifest.
128 silly tarball no local data for strip-indent@https://registry.npmjs.org/strip-indent/-/strip-indent-3.0.0.tgz. Extracting by manifest.
129 silly tarball no local data for strip-final-newline@https://registry.npmjs.org/strip-final-newline/-/strip-final-newline-2.0.0.tgz. Extracting by manifest.
130 silly tarball no local data for strip-comments@https://registry.npmjs.org/strip-comments/-/strip-comments-2.0.1.tgz. Extracting by manifest.
131 silly tarball no local data for strip-bom@https://registry.npmjs.org/strip-bom/-/strip-bom-4.0.0.tgz. Extracting by manifest.
132 silly tarball no local data for strip-ansi@https://registry.npmjs.org/strip-ansi/-/strip-ansi-6.0.1.tgz. Extracting by manifest.
133 silly tarball no local data for stringify-object@https://registry.npmjs.org/stringify-object/-/stringify-object-3.3.0.tgz. Extracting by manifest.
134 silly tarball no local data for string.prototype.trimstart@https://registry.npmjs.org/string.prototype.trimstart/-/string.prototype.trimstart-1.0.6.tgz. Extracting by manifest.
135 silly tarball no local data for string.prototype.trimend@https://registry.npmjs.org/string.prototype.trimend/-/string.prototype.trimend-1.0.6.tgz. Extracting by manifest.
136 silly tarball no local data for string.prototype.matchall@https://registry.npmjs.org/string.prototype.matchall/-/string.prototype.matchall-4.0.8.tgz. Extracting by manifest.
137 silly tarball no local data for string-width@https://registry.npmjs.org/string-width/-/string-width-4.2.3.tgz. Extracting by manifest.
138 silly tarball no local data for string-natural-compare@https://registry.npmjs.org/string-natural-compare/-/string-natural-compare-3.0.1.tgz. Extracting by manifest.
139 silly tarball no local data for string-length@https://registry.npmjs.org/string-length/-/string-length-4.0.2.tgz. Extracting by manifest.
140 silly tarball no local data for string_decoder@https://registry.npmjs.org/string_decoder/-/string_decoder-1.3.0.tgz. Extracting by manifest.
141 silly tarball no local data for statuses@https://registry.npmjs.org/statuses/-/statuses-2.0.1.tgz. Extracting by manifest.
142 silly tarball no local data for stackframe@https://registry.npmjs.org/stackframe/-/stackframe-1.3.4.tgz. Extracting by manifest.
143 silly tarball no local data for stack-utils@https://registry.npmjs.org/stack-utils/-/stack-utils-2.0.6.tgz. Extracting by manifest.
144 silly tarball no local data for stable@https://registry.npmjs.org/stable/-/stable-0.1.8.tgz. Extracting by manifest.
145 silly tarball no local data for sprintf-js@https://registry.npmjs.org/sprintf-js/-/sprintf-js-1.0.3.tgz. Extracting by manifest.
146 silly tarball no local data for spdy-transport@https://registry.npmjs.org/spdy-transport/-/spdy-transport-3.0.0.tgz. Extracting by manifest.
147 silly tarball no local data for spdy@https://registry.npmjs.org/spdy/-/spdy-4.0.2.tgz. Extracting by manifest.
148 silly tarball no local data for sourcemap-codec@https://registry.npmjs.org/sourcemap-codec/-/sourcemap-codec-1.4.8.tgz. Extracting by manifest.
149 silly tarball no local data for source-map-support@https://registry.npmjs.org/source-map-support/-/source-map-support-0.5.21.tgz. Extracting by manifest.
150 silly tarball no local data for source-map-loader@https://registry.npmjs.org/source-map-loader/-/source-map-loader-3.0.2.tgz. Extracting by manifest.
151 silly tarball no local data for source-map-js@https://registry.npmjs.org/source-map-js/-/source-map-js-1.0.2.tgz. Extracting by manifest.
152 silly tarball no local data for source-map@https://registry.npmjs.org/source-map/-/source-map-0.7.4.tgz. Extracting by manifest.
153 silly tarball no local data for source-list-map@https://registry.npmjs.org/source-list-map/-/source-list-map-2.0.1.tgz. Extracting by manifest.
154 silly tarball no local data for sockjs@https://registry.npmjs.org/sockjs/-/sockjs-0.3.24.tgz. Extracting by manifest.
155 silly tarball no local data for slash@https://registry.npmjs.org/slash/-/slash-3.0.0.tgz. Extracting by manifest.
156 silly tarball no local data for sisteransi@https://registry.npmjs.org/sisteransi/-/sisteransi-1.0.5.tgz. Extracting by manifest.
157 silly tarball no local data for signal-exit@https://registry.npmjs.org/signal-exit/-/signal-exit-3.0.7.tgz. Extracting by manifest.
158 silly tarball no local data for side-channel@https://registry.npmjs.org/side-channel/-/side-channel-1.0.4.tgz. Extracting by manifest.
159 silly tarball no local data for shell-quote@https://registry.npmjs.org/shell-quote/-/shell-quote-1.7.4.tgz. Extracting by manifest.
160 silly tarball no local data for shebang-regex@https://registry.npmjs.org/shebang-regex/-/shebang-regex-3.0.0.tgz. Extracting by manifest.
161 silly tarball no local data for shebang-command@https://registry.npmjs.org/shebang-command/-/shebang-command-2.0.0.tgz. Extracting by manifest.
162 silly tarball no local data for setprototypeof@https://registry.npmjs.org/setprototypeof/-/setprototypeof-1.2.0.tgz. Extracting by manifest.
163 silly tarball no local data for serve-static@https://registry.npmjs.org/serve-static/-/serve-static-1.15.0.tgz. Extracting by manifest.
164 silly tarball no local data for serialize-javascript@https://registry.npmjs.org/serialize-javascript/-/serialize-javascript-6.0.0.tgz. Extracting by manifest.
165 silly tarball no local data for send@https://registry.npmjs.org/send/-/send-0.18.0.tgz. Extracting by manifest.
166 silly tarball no local data for semver@https://registry.npmjs.org/semver/-/semver-7.3.8.tgz. Extracting by manifest.
167 silly tarball no local data for selfsigned@https://registry.npmjs.org/selfsigned/-/selfsigned-2.1.1.tgz. Extracting by manifest.
168 silly tarball no local data for serve-index@https://registry.npmjs.org/serve-index/-/serve-index-1.9.1.tgz. Extracting by manifest.
169 silly tarball no local data for select-hose@https://registry.npmjs.org/select-hose/-/select-hose-2.0.0.tgz. Extracting by manifest.
170 silly tarball no local data for schema-utils@https://registry.npmjs.org/schema-utils/-/schema-utils-3.1.1.tgz. Extracting by manifest.
171 silly tarball no local data for scheduler@https://registry.npmjs.org/scheduler/-/scheduler-0.23.0.tgz. Extracting by manifest.
172 silly tarball no local data for saxes@https://registry.npmjs.org/saxes/-/saxes-5.0.1.tgz. Extracting by manifest.
173 silly tarball no local data for sax@https://registry.npmjs.org/sax/-/sax-1.2.4.tgz. Extracting by manifest.
174 silly tarball no local data for sass-loader@https://registry.npmjs.org/sass-loader/-/sass-loader-12.6.0.tgz. Extracting by manifest.
175 silly tarball no local data for sanitize.css@https://registry.npmjs.org/sanitize.css/-/sanitize.css-13.0.0.tgz. Extracting by manifest.
176 silly tarball no local data for safer-buffer@https://registry.npmjs.org/safer-buffer/-/safer-buffer-2.1.2.tgz. Extracting by manifest.
177 silly tarball no local data for safe-regex-test@https://registry.npmjs.org/safe-regex-test/-/safe-regex-test-1.0.0.tgz. Extracting by manifest.
178 silly tarball no local data for safe-buffer@https://registry.npmjs.org/safe-buffer/-/safe-buffer-5.2.1.tgz. Extracting by manifest.
179 silly tarball no local data for run-parallel@https://registry.npmjs.org/run-parallel/-/run-parallel-1.2.0.tgz. Extracting by manifest.
180 silly tarball no local data for rollup-plugin-terser@https://registry.npmjs.org/rollup-plugin-terser/-/rollup-plugin-terser-7.0.2.tgz. Extracting by manifest.
181 silly tarball no local data for rollup@https://registry.npmjs.org/rollup/-/rollup-2.79.1.tgz. Extracting by manifest.
182 silly tarball no local data for rimraf@https://registry.npmjs.org/rimraf/-/rimraf-3.0.2.tgz. Extracting by manifest.
183 silly tarball no local data for reusify@https://registry.npmjs.org/reusify/-/reusify-1.0.4.tgz. Extracting by manifest.
184 silly tarball no local data for retry@https://registry.npmjs.org/retry/-/retry-0.13.1.tgz. Extracting by manifest.
185 silly tarball no local data for resolve.exports@https://registry.npmjs.org/resolve.exports/-/resolve.exports-1.1.0.tgz. Extracting by manifest.
186 silly tarball no local data for resolve-url-loader@https://registry.npmjs.org/resolve-url-loader/-/resolve-url-loader-4.0.0.tgz. Extracting by manifest.
187 silly tarball no local data for resolve-from@https://registry.npmjs.org/resolve-from/-/resolve-from-5.0.0.tgz. Extracting by manifest.
188 silly tarball no local data for resolve-cwd@https://registry.npmjs.org/resolve-cwd/-/resolve-cwd-3.0.0.tgz. Extracting by manifest.
189 silly tarball no local data for resolve@https://registry.npmjs.org/resolve/-/resolve-1.22.1.tgz. Extracting by manifest.
190 silly tarball no local data for requires-port@https://registry.npmjs.org/requires-port/-/requires-port-1.0.0.tgz. Extracting by manifest.
191 silly tarball no local data for require-from-string@https://registry.npmjs.org/require-from-string/-/require-from-string-2.0.2.tgz. Extracting by manifest.
192 silly tarball no local data for require-directory@https://registry.npmjs.org/require-directory/-/require-directory-2.1.1.tgz. Extracting by manifest.
193 silly tarball no local data for renderkid@https://registry.npmjs.org/renderkid/-/renderkid-3.0.0.tgz. Extracting by manifest.
194 silly tarball no local data for relateurl@https://registry.npmjs.org/relateurl/-/relateurl-0.2.7.tgz. Extracting by manifest.
195 silly tarball no local data for regjsparser@https://registry.npmjs.org/regjsparser/-/regjsparser-0.9.1.tgz. Extracting by manifest.
196 silly tarball no local data for regjsgen@https://registry.npmjs.org/regjsgen/-/regjsgen-0.7.1.tgz. Extracting by manifest.
197 silly tarball no local data for regexpu-core@https://registry.npmjs.org/regexpu-core/-/regexpu-core-5.2.2.tgz. Extracting by manifest.
198 silly tarball no local data for regexpp@https://registry.npmjs.org/regexpp/-/regexpp-3.2.0.tgz. Extracting by manifest.
199 silly tarball no local data for regexp.prototype.flags@https://registry.npmjs.org/regexp.prototype.flags/-/regexp.prototype.flags-1.4.3.tgz. Extracting by manifest.
200 silly tarball no local data for regex-parser@https://registry.npmjs.org/regex-parser/-/regex-parser-2.2.11.tgz. Extracting by manifest.
201 silly tarball no local data for regenerator-transform@https://registry.npmjs.org/regenerator-transform/-/regenerator-transform-0.15.1.tgz. Extracting by manifest.
202 silly tarball no local data for regenerator-runtime@https://registry.npmjs.org/regenerator-runtime/-/regenerator-runtime-0.13.11.tgz. Extracting by manifest.
203 silly tarball no local data for regenerate-unicode-properties@https://registry.npmjs.org/regenerate-unicode-properties/-/regenerate-unicode-properties-10.1.0.tgz. Extracting by manifest.
204 silly tarball no local data for regenerate@https://registry.npmjs.org/regenerate/-/regenerate-1.4.2.tgz. Extracting by manifest.
205 silly tarball no local data for redent@https://registry.npmjs.org/redent/-/redent-3.0.0.tgz. Extracting by manifest.
206 silly tarball no local data for recursive-readdir@https://registry.npmjs.org/recursive-readdir/-/recursive-readdir-2.2.3.tgz. Extracting by manifest.
207 silly tarball no local data for readdirp@https://registry.npmjs.org/readdirp/-/readdirp-3.6.0.tgz. Extracting by manifest.
208 silly tarball no local data for readable-stream@https://registry.npmjs.org/readable-stream/-/readable-stream-3.6.0.tgz. Extracting by manifest.
209 silly tarball no local data for read-cache@https://registry.npmjs.org/read-cache/-/read-cache-1.0.0.tgz. Extracting by manifest.
210 silly tarball no local data for reactstrap@https://registry.npmjs.org/reactstrap/-/reactstrap-9.1.5.tgz. Extracting by manifest.
211 silly tarball no local data for react-transition-group@https://registry.npmjs.org/react-transition-group/-/react-transition-group-4.4.5.tgz. Extracting by manifest.
212 silly tarball no local data for react-scripts@https://registry.npmjs.org/react-scripts/-/react-scripts-5.0.1.tgz. Extracting by manifest.
213 silly tarball no local data for react-refresh@https://registry.npmjs.org/react-refresh/-/react-refresh-0.11.0.tgz. Extracting by manifest.
214 silly tarball no local data for react-popper@https://registry.npmjs.org/react-popper/-/react-popper-2.3.0.tgz. Extracting by manifest.
215 silly tarball no local data for react-is@https://registry.npmjs.org/react-is/-/react-is-17.0.2.tgz. Extracting by manifest.
216 silly tarball no local data for react-fast-compare@https://registry.npmjs.org/react-fast-compare/-/react-fast-compare-3.2.0.tgz. Extracting by manifest.
217 silly tarball no local data for react-error-overlay@https://registry.npmjs.org/react-error-overlay/-/react-error-overlay-6.0.11.tgz. Extracting by manifest.
218 silly tarball no local data for react-dom@https://registry.npmjs.org/react-dom/-/react-dom-18.2.0.tgz. Extracting by manifest.
219 silly tarball no local data for react-dev-utils@https://registry.npmjs.org/react-dev-utils/-/react-dev-utils-12.0.1.tgz. Extracting by manifest.
220 silly tarball no local data for react-app-polyfill@https://registry.npmjs.org/react-app-polyfill/-/react-app-polyfill-3.0.0.tgz. Extracting by manifest.
221 silly tarball no local data for react@https://registry.npmjs.org/react/-/react-18.2.0.tgz. Extracting by manifest.
222 silly tarball no local data for raw-body@https://registry.npmjs.org/raw-body/-/raw-body-2.5.1.tgz. Extracting by manifest.
223 silly tarball no local data for range-parser@https://registry.npmjs.org/range-parser/-/range-parser-1.2.1.tgz. Extracting by manifest.
224 silly tarball no local data for randombytes@https://registry.npmjs.org/randombytes/-/randombytes-2.1.0.tgz. Extracting by manifest.
225 silly tarball no local data for raf@https://registry.npmjs.org/raf/-/raf-3.4.1.tgz. Extracting by manifest.
226 silly tarball no local data for quick-lru@https://registry.npmjs.org/quick-lru/-/quick-lru-5.1.1.tgz. Extracting by manifest.
227 silly tarball no local data for queue-microtask@https://registry.npmjs.org/queue-microtask/-/queue-microtask-1.2.3.tgz. Extracting by manifest.
228 silly tarball no local data for querystringify@https://registry.npmjs.org/querystringify/-/querystringify-2.2.0.tgz. Extracting by manifest.
229 silly tarball no local data for qs@https://registry.npmjs.org/qs/-/qs-6.11.0.tgz. Extracting by manifest.
230 silly tarball no local data for q@https://registry.npmjs.org/q/-/q-1.5.1.tgz. Extracting by manifest.
231 silly tarball no local data for punycode@https://registry.npmjs.org/punycode/-/punycode-2.1.1.tgz. Extracting by manifest.
232 silly tarball no local data for psl@https://registry.npmjs.org/psl/-/psl-1.9.0.tgz. Extracting by manifest.
233 silly tarball no local data for proxy-from-env@https://registry.npmjs.org/proxy-from-env/-/proxy-from-env-1.1.0.tgz. Extracting by manifest.
234 silly tarball no local data for proxy-addr@https://registry.npmjs.org/proxy-addr/-/proxy-addr-2.0.7.tgz. Extracting by manifest.
235 silly tarball no local data for prop-types@https://registry.npmjs.org/prop-types/-/prop-types-15.8.1.tgz. Extracting by manifest.
236 silly tarball no local data for prompts@https://registry.npmjs.org/prompts/-/prompts-2.4.2.tgz. Extracting by manifest.
237 silly tarball no local data for promise@https://registry.npmjs.org/promise/-/promise-8.3.0.tgz. Extracting by manifest.
238 silly tarball no local data for process-nextick-args@https://registry.npmjs.org/process-nextick-args/-/process-nextick-args-2.0.1.tgz. Extracting by manifest.
239 silly tarball no local data for pretty-format@https://registry.npmjs.org/pretty-format/-/pretty-format-27.5.1.tgz. Extracting by manifest.
240 silly tarball no local data for pretty-error@https://registry.npmjs.org/pretty-error/-/pretty-error-4.0.0.tgz. Extracting by manifest.
241 silly tarball no local data for pretty-bytes@https://registry.npmjs.org/pretty-bytes/-/pretty-bytes-5.6.0.tgz. Extracting by manifest.
242 silly tarball no local data for prelude-ls@https://registry.npmjs.org/prelude-ls/-/prelude-ls-1.2.1.tgz. Extracting by manifest.
243 silly tarball no local data for postcss-value-parser@https://registry.npmjs.org/postcss-value-parser/-/postcss-value-parser-4.2.0.tgz. Extracting by manifest.
244 silly tarball no local data for postcss-unique-selectors@https://registry.npmjs.org/postcss-unique-selectors/-/postcss-unique-selectors-5.1.1.tgz. Extracting by manifest.
245 silly tarball no local data for postcss-svgo@https://registry.npmjs.org/postcss-svgo/-/postcss-svgo-5.1.0.tgz. Extracting by manifest.
246 silly tarball no local data for postcss-selector-parser@https://registry.npmjs.org/postcss-selector-parser/-/postcss-selector-parser-6.0.11.tgz. Extracting by manifest.
247 silly tarball no local data for postcss-selector-not@https://registry.npmjs.org/postcss-selector-not/-/postcss-selector-not-6.0.1.tgz. Extracting by manifest.
248 silly tarball no local data for postcss-replace-overflow-wrap@https://registry.npmjs.org/postcss-replace-overflow-wrap/-/postcss-replace-overflow-wrap-4.0.0.tgz. Extracting by manifest.
249 silly tarball no local data for postcss-reduce-transforms@https://registry.npmjs.org/postcss-reduce-transforms/-/postcss-reduce-transforms-5.1.0.tgz. Extracting by manifest.
250 silly tarball no local data for postcss-reduce-initial@https://registry.npmjs.org/postcss-reduce-initial/-/postcss-reduce-initial-5.1.1.tgz. Extracting by manifest.
251 silly tarball no local data for postcss-pseudo-class-any-link@https://registry.npmjs.org/postcss-pseudo-class-any-link/-/postcss-pseudo-class-any-link-7.1.6.tgz. Extracting by manifest.
252 silly tarball no local data for postcss-preset-env@https://registry.npmjs.org/postcss-preset-env/-/postcss-preset-env-7.8.3.tgz. Extracting by manifest.
253 silly tarball no local data for postcss-place@https://registry.npmjs.org/postcss-place/-/postcss-place-7.0.5.tgz. Extracting by manifest.
254 silly tarball no local data for postcss-page-break@https://registry.npmjs.org/postcss-page-break/-/postcss-page-break-3.0.4.tgz. Extracting by manifest.
255 silly tarball no local data for postcss-overflow-shorthand@https://registry.npmjs.org/postcss-overflow-shorthand/-/postcss-overflow-shorthand-3.0.4.tgz. Extracting by manifest.
256 silly tarball no local data for postcss-ordered-values@https://registry.npmjs.org/postcss-ordered-values/-/postcss-ordered-values-5.1.3.tgz. Extracting by manifest.
257 silly tarball no local data for postcss-opacity-percentage@https://registry.npmjs.org/postcss-opacity-percentage/-/postcss-opacity-percentage-1.1.2.tgz. Extracting by manifest.
258 silly tarball no local data for postcss-normalize-whitespace@https://registry.npmjs.org/postcss-normalize-whitespace/-/postcss-normalize-whitespace-5.1.1.tgz. Extracting by manifest.
259 silly tarball no local data for postcss-normalize-url@https://registry.npmjs.org/postcss-normalize-url/-/postcss-normalize-url-5.1.0.tgz. Extracting by manifest.
260 silly tarball no local data for postcss-normalize-unicode@https://registry.npmjs.org/postcss-normalize-unicode/-/postcss-normalize-unicode-5.1.1.tgz. Extracting by manifest.
261 silly tarball no local data for postcss-normalize-timing-functions@https://registry.npmjs.org/postcss-normalize-timing-functions/-/postcss-normalize-timing-functions-5.1.0.tgz. Extracting by manifest.
262 silly tarball no local data for postcss-normalize-string@https://registry.npmjs.org/postcss-normalize-string/-/postcss-normalize-string-5.1.0.tgz. Extracting by manifest.
263 silly tarball no local data for postcss-normalize-repeat-style@https://registry.npmjs.org/postcss-normalize-repeat-style/-/postcss-normalize-repeat-style-5.1.1.tgz. Extracting by manifest.
264 silly tarball no local data for postcss-normalize-positions@https://registry.npmjs.org/postcss-normalize-positions/-/postcss-normalize-positions-5.1.1.tgz. Extracting by manifest.
265 silly tarball no local data for postcss-normalize-display-values@https://registry.npmjs.org/postcss-normalize-display-values/-/postcss-normalize-display-values-5.1.0.tgz. Extracting by manifest.
266 silly tarball no local data for postcss-normalize-charset@https://registry.npmjs.org/postcss-normalize-charset/-/postcss-normalize-charset-5.1.0.tgz. Extracting by manifest.
267 silly tarball no local data for postcss-normalize@https://registry.npmjs.org/postcss-normalize/-/postcss-normalize-10.0.1.tgz. Extracting by manifest.
268 silly tarball no local data for postcss-nesting@https://registry.npmjs.org/postcss-nesting/-/postcss-nesting-10.2.0.tgz. Extracting by manifest.
269 silly tarball no local data for postcss-nested@https://registry.npmjs.org/postcss-nested/-/postcss-nested-6.0.0.tgz. Extracting by manifest.
270 silly tarball no local data for postcss-modules-values@https://registry.npmjs.org/postcss-modules-values/-/postcss-modules-values-4.0.0.tgz. Extracting by manifest.
271 silly tarball no local data for postcss-modules-scope@https://registry.npmjs.org/postcss-modules-scope/-/postcss-modules-scope-3.0.0.tgz. Extracting by manifest.
272 silly tarball no local data for postcss-modules-local-by-default@https://registry.npmjs.org/postcss-modules-local-by-default/-/postcss-modules-local-by-default-4.0.0.tgz. Extracting by manifest.
273 silly tarball no local data for postcss-modules-extract-imports@https://registry.npmjs.org/postcss-modules-extract-imports/-/postcss-modules-extract-imports-3.0.0.tgz. Extracting by manifest.
274 silly tarball no local data for postcss-minify-selectors@https://registry.npmjs.org/postcss-minify-selectors/-/postcss-minify-selectors-5.2.1.tgz. Extracting by manifest.
275 silly tarball no local data for postcss-minify-params@https://registry.npmjs.org/postcss-minify-params/-/postcss-minify-params-5.1.4.tgz. Extracting by manifest.
276 silly tarball no local data for postcss-minify-gradients@https://registry.npmjs.org/postcss-minify-gradients/-/postcss-minify-gradients-5.1.1.tgz. Extracting by manifest.
277 silly tarball no local data for postcss-minify-font-values@https://registry.npmjs.org/postcss-minify-font-values/-/postcss-minify-font-values-5.1.0.tgz. Extracting by manifest.
278 silly tarball no local data for postcss-merge-rules@https://registry.npmjs.org/postcss-merge-rules/-/postcss-merge-rules-5.1.3.tgz. Extracting by manifest.
279 silly tarball no local data for postcss-merge-longhand@https://registry.npmjs.org/postcss-merge-longhand/-/postcss-merge-longhand-5.1.7.tgz. Extracting by manifest.
280 silly tarball no local data for postcss-media-minmax@https://registry.npmjs.org/postcss-media-minmax/-/postcss-media-minmax-5.0.0.tgz. Extracting by manifest.
281 silly tarball no local data for postcss-logical@https://registry.npmjs.org/postcss-logical/-/postcss-logical-5.0.4.tgz. Extracting by manifest.
282 silly tarball no local data for postcss-loader@https://registry.npmjs.org/postcss-loader/-/postcss-loader-6.2.1.tgz. Extracting by manifest.
283 silly tarball no local data for postcss-load-config@https://registry.npmjs.org/postcss-load-config/-/postcss-load-config-3.1.4.tgz. Extracting by manifest.
284 silly tarball no local data for postcss-lab-function@https://registry.npmjs.org/postcss-lab-function/-/postcss-lab-function-4.2.1.tgz. Extracting by manifest.
285 silly tarball no local data for postcss-js@https://registry.npmjs.org/postcss-js/-/postcss-js-4.0.0.tgz. Extracting by manifest.
286 silly tarball no local data for postcss-initial@https://registry.npmjs.org/postcss-initial/-/postcss-initial-4.0.1.tgz. Extracting by manifest.
287 silly tarball no local data for postcss-import@https://registry.npmjs.org/postcss-import/-/postcss-import-14.1.0.tgz. Extracting by manifest.
288 silly tarball no local data for postcss-image-set-function@https://registry.npmjs.org/postcss-image-set-function/-/postcss-image-set-function-4.0.7.tgz. Extracting by manifest.
289 silly tarball no local data for postcss-gap-properties@https://registry.npmjs.org/postcss-gap-properties/-/postcss-gap-properties-3.0.5.tgz. Extracting by manifest.
290 silly tarball no local data for postcss-font-variant@https://registry.npmjs.org/postcss-font-variant/-/postcss-font-variant-5.0.0.tgz. Extracting by manifest.
291 silly tarball no local data for postcss-focus-within@https://registry.npmjs.org/postcss-focus-within/-/postcss-focus-within-5.0.4.tgz. Extracting by manifest.
292 silly tarball no local data for postcss-focus-visible@https://registry.npmjs.org/postcss-focus-visible/-/postcss-focus-visible-6.0.4.tgz. Extracting by manifest.
293 silly tarball no local data for postcss-flexbugs-fixes@https://registry.npmjs.org/postcss-flexbugs-fixes/-/postcss-flexbugs-fixes-5.0.2.tgz. Extracting by manifest.
294 silly tarball no local data for postcss-env-function@https://registry.npmjs.org/postcss-env-function/-/postcss-env-function-4.0.6.tgz. Extracting by manifest.
295 silly tarball no local data for postcss-double-position-gradients@https://registry.npmjs.org/postcss-double-position-gradients/-/postcss-double-position-gradients-3.1.2.tgz. Extracting by manifest.
296 silly tarball no local data for postcss-discard-overridden@https://registry.npmjs.org/postcss-discard-overridden/-/postcss-discard-overridden-5.1.0.tgz. Extracting by manifest.
297 silly tarball no local data for postcss-discard-empty@https://registry.npmjs.org/postcss-discard-empty/-/postcss-discard-empty-5.1.1.tgz. Extracting by manifest.
298 silly tarball no local data for postcss-discard-duplicates@https://registry.npmjs.org/postcss-discard-duplicates/-/postcss-discard-duplicates-5.1.0.tgz. Extracting by manifest.
299 silly tarball no local data for postcss-discard-comments@https://registry.npmjs.org/postcss-discard-comments/-/postcss-discard-comments-5.1.2.tgz. Extracting by manifest.
300 silly tarball no local data for postcss-dir-pseudo-class@https://registry.npmjs.org/postcss-dir-pseudo-class/-/postcss-dir-pseudo-class-6.0.5.tgz. Extracting by manifest.
301 silly tarball no local data for postcss-custom-selectors@https://registry.npmjs.org/postcss-custom-selectors/-/postcss-custom-selectors-6.0.3.tgz. Extracting by manifest.
302 silly tarball no local data for postcss-custom-properties@https://registry.npmjs.org/postcss-custom-properties/-/postcss-custom-properties-12.1.11.tgz. Extracting by manifest.
303 silly tarball no local data for postcss-custom-media@https://registry.npmjs.org/postcss-custom-media/-/postcss-custom-media-8.0.2.tgz. Extracting by manifest.
304 silly tarball no local data for postcss-convert-values@https://registry.npmjs.org/postcss-convert-values/-/postcss-convert-values-5.1.3.tgz. Extracting by manifest.
305 silly tarball no local data for postcss-colormin@https://registry.npmjs.org/postcss-colormin/-/postcss-colormin-5.3.0.tgz. Extracting by manifest.
306 silly tarball no local data for postcss-color-rebeccapurple@https://registry.npmjs.org/postcss-color-rebeccapurple/-/postcss-color-rebeccapurple-7.1.1.tgz. Extracting by manifest.
307 silly tarball no local data for postcss-color-hex-alpha@https://registry.npmjs.org/postcss-color-hex-alpha/-/postcss-color-hex-alpha-8.0.4.tgz. Extracting by manifest.
308 silly tarball no local data for postcss-color-functional-notation@https://registry.npmjs.org/postcss-color-functional-notation/-/postcss-color-functional-notation-4.2.4.tgz. Extracting by manifest.
309 silly tarball no local data for postcss-clamp@https://registry.npmjs.org/postcss-clamp/-/postcss-clamp-4.1.0.tgz. Extracting by manifest.
310 silly tarball no local data for postcss-calc@https://registry.npmjs.org/postcss-calc/-/postcss-calc-8.2.4.tgz. Extracting by manifest.
311 silly tarball no local data for postcss-browser-comments@https://registry.npmjs.org/postcss-browser-comments/-/postcss-browser-comments-4.0.0.tgz. Extracting by manifest.
312 silly tarball no local data for postcss-attribute-case-insensitive@https://registry.npmjs.org/postcss-attribute-case-insensitive/-/postcss-attribute-case-insensitive-5.0.2.tgz. Extracting by manifest.
313 silly tarball no local data for postcss@https://registry.npmjs.org/postcss/-/postcss-8.4.19.tgz. Extracting by manifest.
314 silly tarball no local data for pkg-up@https://registry.npmjs.org/pkg-up/-/pkg-up-3.1.0.tgz. Extracting by manifest.
315 silly tarball no local data for pkg-dir@https://registry.npmjs.org/pkg-dir/-/pkg-dir-4.2.0.tgz. Extracting by manifest.
316 silly tarball no local data for pirates@https://registry.npmjs.org/pirates/-/pirates-4.0.5.tgz. Extracting by manifest.
317 silly tarball no local data for pify@https://registry.npmjs.org/pify/-/pify-2.3.0.tgz. Extracting by manifest.
318 silly tarball no local data for picomatch@https://registry.npmjs.org/picomatch/-/picomatch-2.3.1.tgz. Extracting by manifest.
319 silly tarball no local data for picocolors@https://registry.npmjs.org/picocolors/-/picocolors-1.0.0.tgz. Extracting by manifest.
320 silly tarball no local data for performance-now@https://registry.npmjs.org/performance-now/-/performance-now-2.1.0.tgz. Extracting by manifest.
321 silly tarball no local data for path-type@https://registry.npmjs.org/path-type/-/path-type-4.0.0.tgz. Extracting by manifest.
322 silly tarball no local data for path-to-regexp@https://registry.npmjs.org/path-to-regexp/-/path-to-regexp-0.1.7.tgz. Extracting by manifest.
323 silly tarball no local data for path-parse@https://registry.npmjs.org/path-parse/-/path-parse-1.0.7.tgz. Extracting by manifest.
324 silly tarball no local data for path-key@https://registry.npmjs.org/path-key/-/path-key-3.1.1.tgz. Extracting by manifest.
325 silly tarball no local data for path-is-absolute@https://registry.npmjs.org/path-is-absolute/-/path-is-absolute-1.0.1.tgz. Extracting by manifest.
326 silly tarball no local data for path-exists@https://registry.npmjs.org/path-exists/-/path-exists-4.0.0.tgz. Extracting by manifest.
327 silly tarball no local data for pascal-case@https://registry.npmjs.org/pascal-case/-/pascal-case-3.1.2.tgz. Extracting by manifest.
328 silly tarball no local data for parseurl@https://registry.npmjs.org/parseurl/-/parseurl-1.3.3.tgz. Extracting by manifest.
329 silly tarball no local data for parse5@https://registry.npmjs.org/parse5/-/parse5-6.0.1.tgz. Extracting by manifest.
330 silly tarball no local data for parse-json@https://registry.npmjs.org/parse-json/-/parse-json-5.2.0.tgz. Extracting by manifest.
331 silly tarball no local data for parent-module@https://registry.npmjs.org/parent-module/-/parent-module-1.0.1.tgz. Extracting by manifest.
332 silly tarball no local data for param-case@https://registry.npmjs.org/param-case/-/param-case-3.0.4.tgz. Extracting by manifest.
333 silly tarball no local data for p-try@https://registry.npmjs.org/p-try/-/p-try-2.2.0.tgz. Extracting by manifest.
334 silly tarball no local data for p-retry@https://registry.npmjs.org/p-retry/-/p-retry-4.6.2.tgz. Extracting by manifest.
335 silly tarball no local data for p-locate@https://registry.npmjs.org/p-locate/-/p-locate-5.0.0.tgz. Extracting by manifest.
336 silly tarball no local data for p-limit@https://registry.npmjs.org/p-limit/-/p-limit-3.1.0.tgz. Extracting by manifest.
337 silly tarball no local data for optionator@https://registry.npmjs.org/optionator/-/optionator-0.9.1.tgz. Extracting by manifest.
338 silly tarball no local data for open@https://registry.npmjs.org/open/-/open-8.4.0.tgz. Extracting by manifest.
339 silly tarball no local data for onetime@https://registry.npmjs.org/onetime/-/onetime-5.1.2.tgz. Extracting by manifest.
340 silly tarball no local data for once@https://registry.npmjs.org/once/-/once-1.4.0.tgz. Extracting by manifest.
341 silly tarball no local data for on-headers@https://registry.npmjs.org/on-headers/-/on-headers-1.0.2.tgz. Extracting by manifest.
342 silly tarball no local data for on-finished@https://registry.npmjs.org/on-finished/-/on-finished-2.4.1.tgz. Extracting by manifest.
343 silly tarball no local data for obuf@https://registry.npmjs.org/obuf/-/obuf-1.1.2.tgz. Extracting by manifest.
344 silly tarball no local data for object.values@https://registry.npmjs.org/object.values/-/object.values-1.1.6.tgz. Extracting by manifest.
345 silly tarball no local data for object.hasown@https://registry.npmjs.org/object.hasown/-/object.hasown-1.1.2.tgz. Extracting by manifest.
346 silly tarball no local data for object.getownpropertydescriptors@https://registry.npmjs.org/object.getownpropertydescriptors/-/object.getownpropertydescriptors-2.1.5.tgz. Extracting by manifest.
347 silly tarball no local data for object.fromentries@https://registry.npmjs.org/object.fromentries/-/object.fromentries-2.0.6.tgz. Extracting by manifest.
348 silly tarball no local data for object.entries@https://registry.npmjs.org/object.entries/-/object.entries-1.1.6.tgz. Extracting by manifest.
349 silly tarball no local data for object.assign@https://registry.npmjs.org/object.assign/-/object.assign-4.1.4.tgz. Extracting by manifest.
350 silly tarball no local data for object-keys@https://registry.npmjs.org/object-keys/-/object-keys-1.1.1.tgz. Extracting by manifest.
351 silly tarball no local data for object-is@https://registry.npmjs.org/object-is/-/object-is-1.1.5.tgz. Extracting by manifest.
352 silly tarball no local data for object-inspect@https://registry.npmjs.org/object-inspect/-/object-inspect-1.12.2.tgz. Extracting by manifest.
353 silly tarball no local data for object-hash@https://registry.npmjs.org/object-hash/-/object-hash-3.0.0.tgz. Extracting by manifest.
354 silly tarball no local data for object-assign@https://registry.npmjs.org/object-assign/-/object-assign-4.1.1.tgz. Extracting by manifest.
355 silly tarball no local data for nwsapi@https://registry.npmjs.org/nwsapi/-/nwsapi-2.2.2.tgz. Extracting by manifest.
356 silly tarball no local data for nth-check@https://registry.npmjs.org/nth-check/-/nth-check-2.1.1.tgz. Extracting by manifest.
357 silly tarball no local data for npm-run-path@https://registry.npmjs.org/npm-run-path/-/npm-run-path-4.0.1.tgz. Extracting by manifest.
358 silly tarball no local data for normalize-url@https://registry.npmjs.org/normalize-url/-/normalize-url-6.1.0.tgz. Extracting by manifest.
359 silly tarball no local data for normalize-range@https://registry.npmjs.org/normalize-range/-/normalize-range-0.1.2.tgz. Extracting by manifest.
360 silly tarball no local data for normalize-path@https://registry.npmjs.org/normalize-path/-/normalize-path-3.0.0.tgz. Extracting by manifest.
361 silly tarball no local data for node-releases@https://registry.npmjs.org/node-releases/-/node-releases-2.0.6.tgz. Extracting by manifest.
362 silly tarball no local data for node-int64@https://registry.npmjs.org/node-int64/-/node-int64-0.4.0.tgz. Extracting by manifest.
363 silly tarball no local data for node-forge@https://registry.npmjs.org/node-forge/-/node-forge-1.3.1.tgz. Extracting by manifest.
364 silly tarball no local data for no-case@https://registry.npmjs.org/no-case/-/no-case-3.0.4.tgz. Extracting by manifest.
365 silly tarball no local data for neo-async@https://registry.npmjs.org/neo-async/-/neo-async-2.6.2.tgz. Extracting by manifest.
366 silly tarball no local data for negotiator@https://registry.npmjs.org/negotiator/-/negotiator-0.6.3.tgz. Extracting by manifest.
367 silly tarball no local data for natural-compare-lite@https://registry.npmjs.org/natural-compare-lite/-/natural-compare-lite-1.4.0.tgz. Extracting by manifest.
368 silly tarball no local data for natural-compare@https://registry.npmjs.org/natural-compare/-/natural-compare-1.4.0.tgz. Extracting by manifest.
369 silly tarball no local data for nanoid@https://registry.npmjs.org/nanoid/-/nanoid-3.3.4.tgz. Extracting by manifest.
370 silly tarball no local data for multicast-dns@https://registry.npmjs.org/multicast-dns/-/multicast-dns-7.2.5.tgz. Extracting by manifest.
371 silly tarball no local data for ms@https://registry.npmjs.org/ms/-/ms-2.1.2.tgz. Extracting by manifest.
372 silly tarball no local data for mkdirp@https://registry.npmjs.org/mkdirp/-/mkdirp-0.5.6.tgz. Extracting by manifest.
373 silly tarball no local data for minimist@https://registry.npmjs.org/minimist/-/minimist-1.2.7.tgz. Extracting by manifest.
374 silly tarball no local data for minimatch@https://registry.npmjs.org/minimatch/-/minimatch-3.1.2.tgz. Extracting by manifest.
375 silly tarball no local data for minimalistic-assert@https://registry.npmjs.org/minimalistic-assert/-/minimalistic-assert-1.0.1.tgz. Extracting by manifest.
376 silly tarball no local data for mini-css-extract-plugin@https://registry.npmjs.org/mini-css-extract-plugin/-/mini-css-extract-plugin-2.7.1.tgz. Extracting by manifest.
377 silly tarball no local data for min-indent@https://registry.npmjs.org/min-indent/-/min-indent-1.0.1.tgz. Extracting by manifest.
378 silly tarball no local data for mimic-fn@https://registry.npmjs.org/mimic-fn/-/mimic-fn-2.1.0.tgz. Extracting by manifest.
379 silly tarball no local data for mime-types@https://registry.npmjs.org/mime-types/-/mime-types-2.1.35.tgz. Extracting by manifest.
380 silly tarball no local data for mime-db@https://registry.npmjs.org/mime-db/-/mime-db-1.52.0.tgz. Extracting by manifest.
381 silly tarball no local data for mime@https://registry.npmjs.org/mime/-/mime-1.6.0.tgz. Extracting by manifest.
382 silly tarball no local data for micromatch@https://registry.npmjs.org/micromatch/-/micromatch-4.0.5.tgz. Extracting by manifest.
383 silly tarball no local data for methods@https://registry.npmjs.org/methods/-/methods-1.1.2.tgz. Extracting by manifest.
384 silly tarball no local data for merge2@https://registry.npmjs.org/merge2/-/merge2-1.4.1.tgz. Extracting by manifest.
385 silly tarball no local data for merge-stream@https://registry.npmjs.org/merge-stream/-/merge-stream-2.0.0.tgz. Extracting by manifest.
386 silly tarball no local data for merge-descriptors@https://registry.npmjs.org/merge-descriptors/-/merge-descriptors-1.0.1.tgz. Extracting by manifest.
387 silly tarball no local data for memfs@https://registry.npmjs.org/memfs/-/memfs-3.4.12.tgz. Extracting by manifest.
388 silly tarball no local data for media-typer@https://registry.npmjs.org/media-typer/-/media-typer-0.3.0.tgz. Extracting by manifest.
389 silly tarball no local data for mdn-data@https://registry.npmjs.org/mdn-data/-/mdn-data-2.0.4.tgz. Extracting by manifest.
390 silly tarball no local data for makeerror@https://registry.npmjs.org/makeerror/-/makeerror-1.0.12.tgz. Extracting by manifest.
391 silly tarball no local data for make-dir@https://registry.npmjs.org/make-dir/-/make-dir-3.1.0.tgz. Extracting by manifest.
392 silly tarball no local data for magic-string@https://registry.npmjs.org/magic-string/-/magic-string-0.25.9.tgz. Extracting by manifest.
393 silly tarball no local data for lz-string@https://registry.npmjs.org/lz-string/-/lz-string-1.4.4.tgz. Extracting by manifest.
394 silly tarball no local data for lru-cache@https://registry.npmjs.org/lru-cache/-/lru-cache-6.0.0.tgz. Extracting by manifest.
395 silly tarball no local data for lower-case@https://registry.npmjs.org/lower-case/-/lower-case-2.0.2.tgz. Extracting by manifest.
396 silly tarball no local data for loose-envify@https://registry.npmjs.org/loose-envify/-/loose-envify-1.4.0.tgz. Extracting by manifest.
397 silly tarball no local data for lodash.uniq@https://registry.npmjs.org/lodash.uniq/-/lodash.uniq-4.5.0.tgz. Extracting by manifest.
398 silly tarball no local data for lodash.sortby@https://registry.npmjs.org/lodash.sortby/-/lodash.sortby-4.7.0.tgz. Extracting by manifest.
399 silly tarball no local data for lodash.merge@https://registry.npmjs.org/lodash.merge/-/lodash.merge-4.6.2.tgz. Extracting by manifest.
400 silly tarball no local data for lodash.memoize@https://registry.npmjs.org/lodash.memoize/-/lodash.memoize-4.1.2.tgz. Extracting by manifest.
401 silly tarball no local data for lodash.debounce@https://registry.npmjs.org/lodash.debounce/-/lodash.debounce-4.0.8.tgz. Extracting by manifest.
402 silly tarball no local data for lodash@https://registry.npmjs.org/lodash/-/lodash-4.17.21.tgz. Extracting by manifest.
403 silly tarball no local data for locate-path@https://registry.npmjs.org/locate-path/-/locate-path-6.0.0.tgz. Extracting by manifest.
404 silly tarball no local data for loader-utils@https://registry.npmjs.org/loader-utils/-/loader-utils-2.0.4.tgz. Extracting by manifest.
405 silly tarball no local data for loader-runner@https://registry.npmjs.org/loader-runner/-/loader-runner-4.3.0.tgz. Extracting by manifest.
406 silly tarball no local data for lines-and-columns@https://registry.npmjs.org/lines-and-columns/-/lines-and-columns-1.2.4.tgz. Extracting by manifest.
407 silly tarball no local data for lilconfig@https://registry.npmjs.org/lilconfig/-/lilconfig-2.0.6.tgz. Extracting by manifest.
408 silly tarball no local data for levn@https://registry.npmjs.org/levn/-/levn-0.4.1.tgz. Extracting by manifest.
409 silly tarball no local data for leven@https://registry.npmjs.org/leven/-/leven-3.1.0.tgz. Extracting by manifest.
410 silly tarball no local data for language-tags@https://registry.npmjs.org/language-tags/-/language-tags-1.0.6.tgz. Extracting by manifest.
411 silly tarball no local data for language-subtag-registry@https://registry.npmjs.org/language-subtag-registry/-/language-subtag-registry-0.3.22.tgz. Extracting by manifest.
412 silly tarball no local data for klona@https://registry.npmjs.org/klona/-/klona-2.0.5.tgz. Extracting by manifest.
413 silly tarball no local data for kleur@https://registry.npmjs.org/kleur/-/kleur-3.0.3.tgz. Extracting by manifest.
414 silly tarball no local data for kind-of@https://registry.npmjs.org/kind-of/-/kind-of-6.0.3.tgz. Extracting by manifest.
415 silly tarball no local data for jsx-ast-utils@https://registry.npmjs.org/jsx-ast-utils/-/jsx-ast-utils-3.3.3.tgz. Extracting by manifest.
416 silly tarball no local data for jsonpointer@https://registry.npmjs.org/jsonpointer/-/jsonpointer-5.0.1.tgz. Extracting by manifest.
417 silly tarball no local data for jsonfile@https://registry.npmjs.org/jsonfile/-/jsonfile-6.1.0.tgz. Extracting by manifest.
418 silly tarball no local data for json5@https://registry.npmjs.org/json5/-/json5-2.2.1.tgz. Extracting by manifest.
419 silly tarball no local data for json-stable-stringify-without-jsonify@https://registry.npmjs.org/json-stable-stringify-without-jsonify/-/json-stable-stringify-without-jsonify-1.0.1.tgz. Extracting by manifest.
420 silly tarball no local data for json-schema-traverse@https://registry.npmjs.org/json-schema-traverse/-/json-schema-traverse-0.4.1.tgz. Extracting by manifest.
421 silly tarball no local data for json-schema@https://registry.npmjs.org/json-schema/-/json-schema-0.4.0.tgz. Extracting by manifest.
422 silly tarball no local data for json-parse-even-better-errors@https://registry.npmjs.org/json-parse-even-better-errors/-/json-parse-even-better-errors-2.3.1.tgz. Extracting by manifest.
423 silly tarball no local data for jsesc@https://registry.npmjs.org/jsesc/-/jsesc-2.5.2.tgz. Extracting by manifest.
424 silly tarball no local data for jsdom@https://registry.npmjs.org/jsdom/-/jsdom-16.7.0.tgz. Extracting by manifest.
425 silly tarball no local data for js-yaml@https://registry.npmjs.org/js-yaml/-/js-yaml-3.14.1.tgz. Extracting by manifest.
426 silly tarball no local data for js-tokens@https://registry.npmjs.org/js-tokens/-/js-tokens-4.0.0.tgz. Extracting by manifest.
427 silly tarball no local data for js-sdsl@https://registry.npmjs.org/js-sdsl/-/js-sdsl-4.2.0.tgz. Extracting by manifest.
428 silly tarball no local data for jest-worker@https://registry.npmjs.org/jest-worker/-/jest-worker-27.5.1.tgz. Extracting by manifest.
429 silly tarball no local data for jest-watcher@https://registry.npmjs.org/jest-watcher/-/jest-watcher-27.5.1.tgz. Extracting by manifest.
430 silly tarball no local data for jest-watch-typeahead@https://registry.npmjs.org/jest-watch-typeahead/-/jest-watch-typeahead-1.1.0.tgz. Extracting by manifest.
431 silly tarball no local data for jest-validate@https://registry.npmjs.org/jest-validate/-/jest-validate-27.5.1.tgz. Extracting by manifest.
432 silly tarball no local data for jest-util@https://registry.npmjs.org/jest-util/-/jest-util-27.5.1.tgz. Extracting by manifest.
433 silly tarball no local data for jest-snapshot@https://registry.npmjs.org/jest-snapshot/-/jest-snapshot-27.5.1.tgz. Extracting by manifest.
434 silly tarball no local data for jest-serializer@https://registry.npmjs.org/jest-serializer/-/jest-serializer-27.5.1.tgz. Extracting by manifest.
435 silly tarball no local data for jest-runtime@https://registry.npmjs.org/jest-runtime/-/jest-runtime-27.5.1.tgz. Extracting by manifest.
436 silly tarball no local data for jest-runner@https://registry.npmjs.org/jest-runner/-/jest-runner-27.5.1.tgz. Extracting by manifest.
437 silly tarball no local data for jest-resolve-dependencies@https://registry.npmjs.org/jest-resolve-dependencies/-/jest-resolve-dependencies-27.5.1.tgz. Extracting by manifest.
438 silly tarball no local data for jest-resolve@https://registry.npmjs.org/jest-resolve/-/jest-resolve-27.5.1.tgz. Extracting by manifest.
439 silly tarball no local data for jest-regex-util@https://registry.npmjs.org/jest-regex-util/-/jest-regex-util-27.5.1.tgz. Extracting by manifest.
440 silly tarball no local data for jest-pnp-resolver@https://registry.npmjs.org/jest-pnp-resolver/-/jest-pnp-resolver-1.2.3.tgz. Extracting by manifest.
441 silly tarball no local data for jest-mock@https://registry.npmjs.org/jest-mock/-/jest-mock-27.5.1.tgz. Extracting by manifest.
442 silly tarball no local data for jest-message-util@https://registry.npmjs.org/jest-message-util/-/jest-message-util-27.5.1.tgz. Extracting by manifest.
443 silly tarball no local data for jest-matcher-utils@https://registry.npmjs.org/jest-matcher-utils/-/jest-matcher-utils-27.5.1.tgz. Extracting by manifest.
444 silly tarball no local data for jest-leak-detector@https://registry.npmjs.org/jest-leak-detector/-/jest-leak-detector-27.5.1.tgz. Extracting by manifest.
445 silly tarball no local data for jest-jasmine2@https://registry.npmjs.org/jest-jasmine2/-/jest-jasmine2-27.5.1.tgz. Extracting by manifest.
446 silly tarball no local data for jest-haste-map@https://registry.npmjs.org/jest-haste-map/-/jest-haste-map-27.5.1.tgz. Extracting by manifest.
447 silly tarball no local data for jest-get-type@https://registry.npmjs.org/jest-get-type/-/jest-get-type-27.5.1.tgz. Extracting by manifest.
448 silly tarball no local data for jest-environment-node@https://registry.npmjs.org/jest-environment-node/-/jest-environment-node-27.5.1.tgz. Extracting by manifest.
449 silly tarball no local data for jest-environment-jsdom@https://registry.npmjs.org/jest-environment-jsdom/-/jest-environment-jsdom-27.5.1.tgz. Extracting by manifest.
450 silly tarball no local data for jest-each@https://registry.npmjs.org/jest-each/-/jest-each-27.5.1.tgz. Extracting by manifest.
451 silly tarball no local data for jest-docblock@https://registry.npmjs.org/jest-docblock/-/jest-docblock-27.5.1.tgz. Extracting by manifest.
452 silly tarball no local data for jest-diff@https://registry.npmjs.org/jest-diff/-/jest-diff-27.5.1.tgz. Extracting by manifest.
453 silly tarball no local data for jest-config@https://registry.npmjs.org/jest-config/-/jest-config-27.5.1.tgz. Extracting by manifest.
454 silly tarball no local data for jest-cli@https://registry.npmjs.org/jest-cli/-/jest-cli-27.5.1.tgz. Extracting by manifest.
455 silly tarball no local data for jest-circus@https://registry.npmjs.org/jest-circus/-/jest-circus-27.5.1.tgz. Extracting by manifest.
456 silly tarball no local data for jest-changed-files@https://registry.npmjs.org/jest-changed-files/-/jest-changed-files-27.5.1.tgz. Extracting by manifest.
457 silly tarball no local data for jest@https://registry.npmjs.org/jest/-/jest-27.5.1.tgz. Extracting by manifest.
458 silly tarball no local data for jake@https://registry.npmjs.org/jake/-/jake-10.8.5.tgz. Extracting by manifest.
459 silly tarball no local data for istanbul-reports@https://registry.npmjs.org/istanbul-reports/-/istanbul-reports-3.1.5.tgz. Extracting by manifest.
460 silly tarball no local data for istanbul-lib-source-maps@https://registry.npmjs.org/istanbul-lib-source-maps/-/istanbul-lib-source-maps-4.0.1.tgz. Extracting by manifest.
461 silly tarball no local data for istanbul-lib-report@https://registry.npmjs.org/istanbul-lib-report/-/istanbul-lib-report-3.0.0.tgz. Extracting by manifest.
462 silly tarball no local data for istanbul-lib-instrument@https://registry.npmjs.org/istanbul-lib-instrument/-/istanbul-lib-instrument-5.2.1.tgz. Extracting by manifest.
463 silly tarball no local data for istanbul-lib-coverage@https://registry.npmjs.org/istanbul-lib-coverage/-/istanbul-lib-coverage-3.2.0.tgz. Extracting by manifest.
464 silly tarball no local data for isexe@https://registry.npmjs.org/isexe/-/isexe-2.0.0.tgz. Extracting by manifest.
465 silly tarball no local data for isarray@https://registry.npmjs.org/isarray/-/isarray-1.0.0.tgz. Extracting by manifest.
466 silly tarball no local data for is-wsl@https://registry.npmjs.org/is-wsl/-/is-wsl-2.2.0.tgz. Extracting by manifest.
467 silly tarball no local data for is-weakset@https://registry.npmjs.org/is-weakset/-/is-weakset-2.0.2.tgz. Extracting by manifest.
468 silly tarball no local data for is-weakref@https://registry.npmjs.org/is-weakref/-/is-weakref-1.0.2.tgz. Extracting by manifest.
469 silly tarball no local data for is-weakmap@https://registry.npmjs.org/is-weakmap/-/is-weakmap-2.0.1.tgz. Extracting by manifest.
470 silly tarball no local data for is-typedarray@https://registry.npmjs.org/is-typedarray/-/is-typedarray-1.0.0.tgz. Extracting by manifest.
471 silly tarball no local data for is-typed-array@https://registry.npmjs.org/is-typed-array/-/is-typed-array-1.1.10.tgz. Extracting by manifest.
472 silly tarball no local data for is-symbol@https://registry.npmjs.org/is-symbol/-/is-symbol-1.0.4.tgz. Extracting by manifest.
473 silly tarball no local data for is-string@https://registry.npmjs.org/is-string/-/is-string-1.0.7.tgz. Extracting by manifest.
474 silly tarball no local data for is-stream@https://registry.npmjs.org/is-stream/-/is-stream-2.0.1.tgz. Extracting by manifest.
475 silly tarball no local data for is-shared-array-buffer@https://registry.npmjs.org/is-shared-array-buffer/-/is-shared-array-buffer-1.0.2.tgz. Extracting by manifest.
476 silly tarball no local data for is-set@https://registry.npmjs.org/is-set/-/is-set-2.0.2.tgz. Extracting by manifest.
477 silly tarball no local data for is-root@https://registry.npmjs.org/is-root/-/is-root-2.1.0.tgz. Extracting by manifest.
478 silly tarball no local data for is-regexp@https://registry.npmjs.org/is-regexp/-/is-regexp-1.0.0.tgz. Extracting by manifest.
479 silly tarball no local data for is-regex@https://registry.npmjs.org/is-regex/-/is-regex-1.1.4.tgz. Extracting by manifest.
480 silly tarball no local data for is-potential-custom-element-name@https://registry.npmjs.org/is-potential-custom-element-name/-/is-potential-custom-element-name-1.0.1.tgz. Extracting by manifest.
481 silly tarball no local data for is-plain-obj@https://registry.npmjs.org/is-plain-obj/-/is-plain-obj-3.0.0.tgz. Extracting by manifest.
482 silly tarball no local data for is-path-inside@https://registry.npmjs.org/is-path-inside/-/is-path-inside-3.0.3.tgz. Extracting by manifest.
483 silly tarball no local data for is-obj@https://registry.npmjs.org/is-obj/-/is-obj-1.0.1.tgz. Extracting by manifest.
484 silly tarball no local data for is-number-object@https://registry.npmjs.org/is-number-object/-/is-number-object-1.0.7.tgz. Extracting by manifest.
485 silly tarball no local data for is-number@https://registry.npmjs.org/is-number/-/is-number-7.0.0.tgz. Extracting by manifest.
486 silly tarball no local data for is-negative-zero@https://registry.npmjs.org/is-negative-zero/-/is-negative-zero-2.0.2.tgz. Extracting by manifest.
487 silly tarball no local data for is-module@https://registry.npmjs.org/is-module/-/is-module-1.0.0.tgz. Extracting by manifest.
488 silly tarball no local data for is-map@https://registry.npmjs.org/is-map/-/is-map-2.0.2.tgz. Extracting by manifest.
489 silly tarball no local data for is-glob@https://registry.npmjs.org/is-glob/-/is-glob-4.0.3.tgz. Extracting by manifest.
490 silly tarball no local data for is-generator-fn@https://registry.npmjs.org/is-generator-fn/-/is-generator-fn-2.1.0.tgz. Extracting by manifest.
491 silly tarball no local data for is-extglob@https://registry.npmjs.org/is-extglob/-/is-extglob-2.1.1.tgz. Extracting by manifest.
492 silly tarball no local data for is-docker@https://registry.npmjs.org/is-docker/-/is-docker-2.2.1.tgz. Extracting by manifest.
493 silly tarball no local data for is-date-object@https://registry.npmjs.org/is-date-object/-/is-date-object-1.0.5.tgz. Extracting by manifest.
494 silly tarball no local data for is-core-module@https://registry.npmjs.org/is-core-module/-/is-core-module-2.11.0.tgz. Extracting by manifest.
495 silly tarball no local data for is-callable@https://registry.npmjs.org/is-callable/-/is-callable-1.2.7.tgz. Extracting by manifest.
496 silly tarball no local data for is-boolean-object@https://registry.npmjs.org/is-boolean-object/-/is-boolean-object-1.1.2.tgz. Extracting by manifest.
497 silly tarball no local data for is-fullwidth-code-point@https://registry.npmjs.org/is-fullwidth-code-point/-/is-fullwidth-code-point-3.0.0.tgz. Extracting by manifest.
498 silly tarball no local data for is-binary-path@https://registry.npmjs.org/is-binary-path/-/is-binary-path-2.1.0.tgz. Extracting by manifest.
499 silly tarball no local data for is-bigint@https://registry.npmjs.org/is-bigint/-/is-bigint-1.0.4.tgz. Extracting by manifest.
500 silly tarball no local data for is-arrayish@https://registry.npmjs.org/is-arrayish/-/is-arrayish-0.2.1.tgz. Extracting by manifest.
501 silly tarball no local data for is-arguments@https://registry.npmjs.org/is-arguments/-/is-arguments-1.1.1.tgz. Extracting by manifest.
502 silly tarball no local data for ipaddr.js@https://registry.npmjs.org/ipaddr.js/-/ipaddr.js-2.0.1.tgz. Extracting by manifest.
503 silly tarball no local data for internal-slot@https://registry.npmjs.org/internal-slot/-/internal-slot-1.0.3.tgz. Extracting by manifest.
504 silly tarball no local data for ini@https://registry.npmjs.org/ini/-/ini-1.3.8.tgz. Extracting by manifest.
505 silly tarball no local data for inherits@https://registry.npmjs.org/inherits/-/inherits-2.0.4.tgz. Extracting by manifest.
506 silly tarball no local data for inflight@https://registry.npmjs.org/inflight/-/inflight-1.0.6.tgz. Extracting by manifest.
507 silly tarball no local data for indent-string@https://registry.npmjs.org/indent-string/-/indent-string-4.0.0.tgz. Extracting by manifest.
508 silly tarball no local data for imurmurhash@https://registry.npmjs.org/imurmurhash/-/imurmurhash-0.1.4.tgz. Extracting by manifest.
509 silly tarball no local data for import-local@https://registry.npmjs.org/import-local/-/import-local-3.1.0.tgz. Extracting by manifest.
510 silly tarball no local data for import-fresh@https://registry.npmjs.org/import-fresh/-/import-fresh-3.3.0.tgz. Extracting by manifest.
511 silly tarball no local data for immer@https://registry.npmjs.org/immer/-/immer-9.0.16.tgz. Extracting by manifest.
512 silly tarball no local data for ignore@https://registry.npmjs.org/ignore/-/ignore-5.2.1.tgz. Extracting by manifest.
513 silly tarball no local data for identity-obj-proxy@https://registry.npmjs.org/identity-obj-proxy/-/identity-obj-proxy-3.0.0.tgz. Extracting by manifest.
514 silly tarball no local data for idb@https://registry.npmjs.org/idb/-/idb-7.1.1.tgz. Extracting by manifest.
515 silly tarball no local data for icss-utils@https://registry.npmjs.org/icss-utils/-/icss-utils-5.1.0.tgz. Extracting by manifest.
516 silly tarball no local data for iconv-lite@https://registry.npmjs.org/iconv-lite/-/iconv-lite-0.6.3.tgz. Extracting by manifest.
517 silly tarball no local data for human-signals@https://registry.npmjs.org/human-signals/-/human-signals-2.1.0.tgz. Extracting by manifest.
518 silly tarball no local data for https-proxy-agent@https://registry.npmjs.org/https-proxy-agent/-/https-proxy-agent-5.0.1.tgz. Extracting by manifest.
519 silly tarball no local data for http-proxy-middleware@https://registry.npmjs.org/http-proxy-middleware/-/http-proxy-middleware-2.0.6.tgz. Extracting by manifest.
520 silly tarball no local data for http-proxy-agent@https://registry.npmjs.org/http-proxy-agent/-/http-proxy-agent-4.0.1.tgz. Extracting by manifest.
521 silly tarball no local data for http-proxy@https://registry.npmjs.org/http-proxy/-/http-proxy-1.18.1.tgz. Extracting by manifest.
522 silly tarball no local data for http-parser-js@https://registry.npmjs.org/http-parser-js/-/http-parser-js-0.5.8.tgz. Extracting by manifest.
523 silly tarball no local data for http-errors@https://registry.npmjs.org/http-errors/-/http-errors-2.0.0.tgz. Extracting by manifest.
524 silly tarball no local data for http-deceiver@https://registry.npmjs.org/http-deceiver/-/http-deceiver-1.2.7.tgz. Extracting by manifest.
525 silly tarball no local data for htmlparser2@https://registry.npmjs.org/htmlparser2/-/htmlparser2-6.1.0.tgz. Extracting by manifest.
526 silly tarball no local data for html-minifier-terser@https://registry.npmjs.org/html-minifier-terser/-/html-minifier-terser-6.1.0.tgz. Extracting by manifest.
527 silly tarball no local data for html-escaper@https://registry.npmjs.org/html-escaper/-/html-escaper-2.0.2.tgz. Extracting by manifest.
528 silly tarball no local data for html-entities@https://registry.npmjs.org/html-entities/-/html-entities-2.3.3.tgz. Extracting by manifest.
529 silly tarball no local data for html-encoding-sniffer@https://registry.npmjs.org/html-encoding-sniffer/-/html-encoding-sniffer-2.0.1.tgz. Extracting by manifest.
530 silly tarball no local data for hpack.js@https://registry.npmjs.org/hpack.js/-/hpack.js-2.1.6.tgz. Extracting by manifest.
531 silly tarball no local data for hoopy@https://registry.npmjs.org/hoopy/-/hoopy-0.1.4.tgz. Extracting by manifest.
532 silly tarball no local data for he@https://registry.npmjs.org/he/-/he-1.2.0.tgz. Extracting by manifest.
533 silly tarball no local data for has-tostringtag@https://registry.npmjs.org/has-tostringtag/-/has-tostringtag-1.0.0.tgz. Extracting by manifest.
534 silly tarball no local data for has-symbols@https://registry.npmjs.org/has-symbols/-/has-symbols-1.0.3.tgz. Extracting by manifest.
535 silly tarball no local data for has-property-descriptors@https://registry.npmjs.org/has-property-descriptors/-/has-property-descriptors-1.0.0.tgz. Extracting by manifest.
536 silly tarball no local data for has-flag@https://registry.npmjs.org/has-flag/-/has-flag-3.0.0.tgz. Extracting by manifest.
537 silly tarball no local data for has-bigints@https://registry.npmjs.org/has-bigints/-/has-bigints-1.0.2.tgz. Extracting by manifest.
538 silly tarball no local data for has@https://registry.npmjs.org/has/-/has-1.0.3.tgz. Extracting by manifest.
539 silly tarball no local data for harmony-reflect@https://registry.npmjs.org/harmony-reflect/-/harmony-reflect-1.6.2.tgz. Extracting by manifest.
540 silly tarball no local data for handle-thing@https://registry.npmjs.org/handle-thing/-/handle-thing-2.0.1.tgz. Extracting by manifest.
541 silly tarball no local data for gzip-size@https://registry.npmjs.org/gzip-size/-/gzip-size-6.0.0.tgz. Extracting by manifest.
542 silly tarball no local data for grapheme-splitter@https://registry.npmjs.org/grapheme-splitter/-/grapheme-splitter-1.0.4.tgz. Extracting by manifest.
543 silly tarball no local data for graceful-fs@https://registry.npmjs.org/graceful-fs/-/graceful-fs-4.2.10.tgz. Extracting by manifest.
544 silly tarball no local data for gopd@https://registry.npmjs.org/gopd/-/gopd-1.0.1.tgz. Extracting by manifest.
545 silly tarball no local data for globby@https://registry.npmjs.org/globby/-/globby-11.1.0.tgz. Extracting by manifest.
546 silly tarball no local data for globals@https://registry.npmjs.org/globals/-/globals-11.12.0.tgz. Extracting by manifest.
547 silly tarball no local data for global-prefix@https://registry.npmjs.org/global-prefix/-/global-prefix-3.0.0.tgz. Extracting by manifest.
548 silly tarball no local data for global-modules@https://registry.npmjs.org/global-modules/-/global-modules-2.0.0.tgz. Extracting by manifest.
549 silly tarball no local data for glob-to-regexp@https://registry.npmjs.org/glob-to-regexp/-/glob-to-regexp-0.4.1.tgz. Extracting by manifest.
550 silly tarball no local data for glob-parent@https://registry.npmjs.org/glob-parent/-/glob-parent-6.0.2.tgz. Extracting by manifest.
551 silly tarball no local data for glob@https://registry.npmjs.org/glob/-/glob-7.2.3.tgz. Extracting by manifest.
552 silly tarball no local data for get-symbol-description@https://registry.npmjs.org/get-symbol-description/-/get-symbol-description-1.0.0.tgz. Extracting by manifest.
553 silly tarball no local data for get-stream@https://registry.npmjs.org/get-stream/-/get-stream-6.0.1.tgz. Extracting by manifest.
554 silly tarball no local data for get-package-type@https://registry.npmjs.org/get-package-type/-/get-package-type-0.1.0.tgz. Extracting by manifest.
555 silly tarball no local data for get-own-enumerable-property-symbols@https://registry.npmjs.org/get-own-enumerable-property-symbols/-/get-own-enumerable-property-symbols-3.0.2.tgz. Extracting by manifest.
556 silly tarball no local data for get-intrinsic@https://registry.npmjs.org/get-intrinsic/-/get-intrinsic-1.1.3.tgz. Extracting by manifest.
557 silly tarball no local data for get-caller-file@https://registry.npmjs.org/get-caller-file/-/get-caller-file-2.0.5.tgz. Extracting by manifest.
558 silly tarball no local data for functions-have-names@https://registry.npmjs.org/functions-have-names/-/functions-have-names-1.2.3.tgz. Extracting by manifest.
559 silly tarball no local data for gensync@https://registry.npmjs.org/gensync/-/gensync-1.0.0-beta.2.tgz. Extracting by manifest.
560 silly tarball no local data for function.prototype.name@https://registry.npmjs.org/function.prototype.name/-/function.prototype.name-1.1.5.tgz. Extracting by manifest.
561 silly tarball no local data for function-bind@https://registry.npmjs.org/function-bind/-/function-bind-1.1.1.tgz. Extracting by manifest.
562 silly tarball no local data for fs-monkey@https://registry.npmjs.org/fs-monkey/-/fs-monkey-1.0.3.tgz. Extracting by manifest.
563 silly tarball no local data for fs.realpath@https://registry.npmjs.org/fs.realpath/-/fs.realpath-1.0.0.tgz. Extracting by manifest.
564 silly tarball no local data for fs-extra@https://registry.npmjs.org/fs-extra/-/fs-extra-10.1.0.tgz. Extracting by manifest.
565 silly tarball no local data for fresh@https://registry.npmjs.org/fresh/-/fresh-0.5.2.tgz. Extracting by manifest.
566 silly tarball no local data for fraction.js@https://registry.npmjs.org/fraction.js/-/fraction.js-4.2.0.tgz. Extracting by manifest.
567 silly tarball no local data for form-data@https://registry.npmjs.org/form-data/-/form-data-3.0.1.tgz. Extracting by manifest.
568 silly tarball no local data for forwarded@https://registry.npmjs.org/forwarded/-/forwarded-0.2.0.tgz. Extracting by manifest.
569 silly tarball no local data for fork-ts-checker-webpack-plugin@https://registry.npmjs.org/fork-ts-checker-webpack-plugin/-/fork-ts-checker-webpack-plugin-6.5.2.tgz. Extracting by manifest.
570 silly tarball no local data for for-each@https://registry.npmjs.org/for-each/-/for-each-0.3.3.tgz. Extracting by manifest.
571 silly tarball no local data for follow-redirects@https://registry.npmjs.org/follow-redirects/-/follow-redirects-1.15.2.tgz. Extracting by manifest.
572 silly tarball no local data for flat-cache@https://registry.npmjs.org/flat-cache/-/flat-cache-3.0.4.tgz. Extracting by manifest.
573 silly tarball no local data for flatted@https://registry.npmjs.org/flatted/-/flatted-3.2.7.tgz. Extracting by manifest.
574 silly tarball no local data for find-up@https://registry.npmjs.org/find-up/-/find-up-5.0.0.tgz. Extracting by manifest.
575 silly tarball no local data for find-cache-dir@https://registry.npmjs.org/find-cache-dir/-/find-cache-dir-3.3.2.tgz. Extracting by manifest.
576 silly tarball no local data for finalhandler@https://registry.npmjs.org/finalhandler/-/finalhandler-1.2.0.tgz. Extracting by manifest.
577 silly tarball no local data for filesize@https://registry.npmjs.org/filesize/-/filesize-8.0.7.tgz. Extracting by manifest.
578 silly tarball no local data for fill-range@https://registry.npmjs.org/fill-range/-/fill-range-7.0.1.tgz. Extracting by manifest.
579 silly tarball no local data for filelist@https://registry.npmjs.org/filelist/-/filelist-1.0.4.tgz. Extracting by manifest.
580 silly tarball no local data for file-loader@https://registry.npmjs.org/file-loader/-/file-loader-6.2.0.tgz. Extracting by manifest.
581 silly tarball no local data for file-entry-cache@https://registry.npmjs.org/file-entry-cache/-/file-entry-cache-6.0.1.tgz. Extracting by manifest.
582 silly tarball no local data for faye-websocket@https://registry.npmjs.org/faye-websocket/-/faye-websocket-0.11.4.tgz. Extracting by manifest.
583 silly tarball no local data for fb-watchman@https://registry.npmjs.org/fb-watchman/-/fb-watchman-2.0.2.tgz. Extracting by manifest.
584 silly tarball no local data for fastq@https://registry.npmjs.org/fastq/-/fastq-1.14.0.tgz. Extracting by manifest.
585 silly tarball no local data for fast-json-stable-stringify@https://registry.npmjs.org/fast-json-stable-stringify/-/fast-json-stable-stringify-2.1.0.tgz. Extracting by manifest.
586 silly tarball no local data for fast-levenshtein@https://registry.npmjs.org/fast-levenshtein/-/fast-levenshtein-2.0.6.tgz. Extracting by manifest.
587 silly tarball no local data for fast-glob@https://registry.npmjs.org/fast-glob/-/fast-glob-3.2.12.tgz. Extracting by manifest.
588 silly tarball no local data for fast-deep-equal@https://registry.npmjs.org/fast-deep-equal/-/fast-deep-equal-3.1.3.tgz. Extracting by manifest.
589 silly tarball no local data for express@https://registry.npmjs.org/express/-/express-4.18.2.tgz. Extracting by manifest.
590 silly tarball no local data for exit@https://registry.npmjs.org/exit/-/exit-0.1.2.tgz. Extracting by manifest.
591 silly tarball no local data for expect@https://registry.npmjs.org/expect/-/expect-27.5.1.tgz. Extracting by manifest.
592 silly tarball no local data for execa@https://registry.npmjs.org/execa/-/execa-5.1.1.tgz. Extracting by manifest.
593 silly tarball no local data for events@https://registry.npmjs.org/events/-/events-3.3.0.tgz. Extracting by manifest.
594 silly tarball no local data for eventemitter3@https://registry.npmjs.org/eventemitter3/-/eventemitter3-4.0.7.tgz. Extracting by manifest.
595 silly tarball no local data for etag@https://registry.npmjs.org/etag/-/etag-1.8.1.tgz. Extracting by manifest.
596 silly tarball no local data for esutils@https://registry.npmjs.org/esutils/-/esutils-2.0.3.tgz. Extracting by manifest.
597 silly tarball no local data for estree-walker@https://registry.npmjs.org/estree-walker/-/estree-walker-1.0.1.tgz. Extracting by manifest.
598 silly tarball no local data for estraverse@https://registry.npmjs.org/estraverse/-/estraverse-5.3.0.tgz. Extracting by manifest.
599 silly tarball no local data for esrecurse@https://registry.npmjs.org/esrecurse/-/esrecurse-4.3.0.tgz. Extracting by manifest.
600 silly tarball no local data for esquery@https://registry.npmjs.org/esquery/-/esquery-1.4.0.tgz. Extracting by manifest.
601 silly tarball no local data for esprima@https://registry.npmjs.org/esprima/-/esprima-4.0.1.tgz. Extracting by manifest.
602 silly tarball no local data for espree@https://registry.npmjs.org/espree/-/espree-9.4.1.tgz. Extracting by manifest.
603 silly tarball no local data for eslint-webpack-plugin@https://registry.npmjs.org/eslint-webpack-plugin/-/eslint-webpack-plugin-3.2.0.tgz. Extracting by manifest.
604 silly tarball no local data for eslint-visitor-keys@https://registry.npmjs.org/eslint-visitor-keys/-/eslint-visitor-keys-3.3.0.tgz. Extracting by manifest.
605 silly tarball no local data for eslint-scope@https://registry.npmjs.org/eslint-scope/-/eslint-scope-7.1.1.tgz. Extracting by manifest.
606 silly tarball no local data for eslint-utils@https://registry.npmjs.org/eslint-utils/-/eslint-utils-3.0.0.tgz. Extracting by manifest.
607 silly tarball no local data for eslint-plugin-testing-library@https://registry.npmjs.org/eslint-plugin-testing-library/-/eslint-plugin-testing-library-5.9.1.tgz. Extracting by manifest.
608 silly tarball no local data for eslint-plugin-react-hooks@https://registry.npmjs.org/eslint-plugin-react-hooks/-/eslint-plugin-react-hooks-4.6.0.tgz. Extracting by manifest.
609 silly tarball no local data for eslint-plugin-react@https://registry.npmjs.org/eslint-plugin-react/-/eslint-plugin-react-7.31.11.tgz. Extracting by manifest.
610 silly tarball no local data for eslint-plugin-jsx-a11y@https://registry.npmjs.org/eslint-plugin-jsx-a11y/-/eslint-plugin-jsx-a11y-6.6.1.tgz. Extracting by manifest.
611 silly tarball no local data for eslint-plugin-jest@https://registry.npmjs.org/eslint-plugin-jest/-/eslint-plugin-jest-25.7.0.tgz. Extracting by manifest.
612 silly tarball no local data for eslint-plugin-import@https://registry.npmjs.org/eslint-plugin-import/-/eslint-plugin-import-2.26.0.tgz. Extracting by manifest.
613 silly tarball no local data for eslint-plugin-flowtype@https://registry.npmjs.org/eslint-plugin-flowtype/-/eslint-plugin-flowtype-8.0.3.tgz. Extracting by manifest.
614 silly tarball no local data for eslint-module-utils@https://registry.npmjs.org/eslint-module-utils/-/eslint-module-utils-2.7.4.tgz. Extracting by manifest.
615 silly tarball no local data for eslint-import-resolver-node@https://registry.npmjs.org/eslint-import-resolver-node/-/eslint-import-resolver-node-0.3.6.tgz. Extracting by manifest.
616 silly tarball no local data for eslint-config-react-app@https://registry.npmjs.org/eslint-config-react-app/-/eslint-config-react-app-7.0.1.tgz. Extracting by manifest.
617 silly tarball no local data for eslint@https://registry.npmjs.org/eslint/-/eslint-8.29.0.tgz. Extracting by manifest.
618 silly tarball no local data for escodegen@https://registry.npmjs.org/escodegen/-/escodegen-2.0.0.tgz. Extracting by manifest.
619 silly tarball no local data for escape-string-regexp@https://registry.npmjs.org/escape-string-regexp/-/escape-string-regexp-1.0.5.tgz. Extracting by manifest.
620 silly tarball no local data for escape-html@https://registry.npmjs.org/escape-html/-/escape-html-1.0.3.tgz. Extracting by manifest.
621 silly tarball no local data for escalade@https://registry.npmjs.org/escalade/-/escalade-3.1.1.tgz. Extracting by manifest.
622 silly tarball no local data for es-to-primitive@https://registry.npmjs.org/es-to-primitive/-/es-to-primitive-1.2.1.tgz. Extracting by manifest.
623 silly tarball no local data for es-shim-unscopables@https://registry.npmjs.org/es-shim-unscopables/-/es-shim-unscopables-1.0.0.tgz. Extracting by manifest.
624 silly tarball no local data for es-module-lexer@https://registry.npmjs.org/es-module-lexer/-/es-module-lexer-0.9.3.tgz. Extracting by manifest.
625 silly tarball no local data for es-get-iterator@https://registry.npmjs.org/es-get-iterator/-/es-get-iterator-1.1.2.tgz. Extracting by manifest.
626 silly tarball no local data for es-array-method-boxes-properly@https://registry.npmjs.org/es-array-method-boxes-properly/-/es-array-method-boxes-properly-1.0.0.tgz. Extracting by manifest.
627 silly tarball no local data for es-abstract@https://registry.npmjs.org/es-abstract/-/es-abstract-1.20.4.tgz. Extracting by manifest.
628 silly tarball no local data for error-stack-parser@https://registry.npmjs.org/error-stack-parser/-/error-stack-parser-2.1.4.tgz. Extracting by manifest.
629 silly tarball no local data for error-ex@https://registry.npmjs.org/error-ex/-/error-ex-1.3.2.tgz. Extracting by manifest.
630 silly tarball no local data for entities@https://registry.npmjs.org/entities/-/entities-2.2.0.tgz. Extracting by manifest.
631 silly tarball no local data for enhanced-resolve@https://registry.npmjs.org/enhanced-resolve/-/enhanced-resolve-5.12.0.tgz. Extracting by manifest.
632 silly tarball no local data for encodeurl@https://registry.npmjs.org/encodeurl/-/encodeurl-1.0.2.tgz. Extracting by manifest.
633 silly tarball no local data for emojis-list@https://registry.npmjs.org/emojis-list/-/emojis-list-3.0.0.tgz. Extracting by manifest.
634 silly tarball no local data for emoji-regex@https://registry.npmjs.org/emoji-regex/-/emoji-regex-9.2.2.tgz. Extracting by manifest.
635 silly tarball no local data for emittery@https://registry.npmjs.org/emittery/-/emittery-0.8.1.tgz. Extracting by manifest.
636 silly tarball no local data for ejs@https://registry.npmjs.org/ejs/-/ejs-3.1.8.tgz. Extracting by manifest.
637 silly tarball no local data for electron-to-chromium@https://registry.npmjs.org/electron-to-chromium/-/electron-to-chromium-1.4.284.tgz. Extracting by manifest.
638 silly tarball no local data for ee-first@https://registry.npmjs.org/ee-first/-/ee-first-1.1.1.tgz. Extracting by manifest.
639 silly tarball no local data for duplexer@https://registry.npmjs.org/duplexer/-/duplexer-0.1.2.tgz. Extracting by manifest.
640 silly tarball no local data for dotenv-expand@https://registry.npmjs.org/dotenv-expand/-/dotenv-expand-5.1.0.tgz. Extracting by manifest.
641 silly tarball no local data for dot-case@https://registry.npmjs.org/dot-case/-/dot-case-3.0.4.tgz. Extracting by manifest.
642 silly tarball no local data for dotenv@https://registry.npmjs.org/dotenv/-/dotenv-10.0.0.tgz. Extracting by manifest.
643 silly tarball no local data for domutils@https://registry.npmjs.org/domutils/-/domutils-2.8.0.tgz. Extracting by manifest.
644 silly tarball no local data for domexception@https://registry.npmjs.org/domexception/-/domexception-2.0.1.tgz. Extracting by manifest.
645 silly tarball no local data for domhandler@https://registry.npmjs.org/domhandler/-/domhandler-4.3.1.tgz. Extracting by manifest.
646 silly tarball no local data for domelementtype@https://registry.npmjs.org/domelementtype/-/domelementtype-2.3.0.tgz. Extracting by manifest.
647 silly tarball no local data for dom-serializer@https://registry.npmjs.org/dom-serializer/-/dom-serializer-1.4.1.tgz. Extracting by manifest.
648 silly tarball no local data for dom-helpers@https://registry.npmjs.org/dom-helpers/-/dom-helpers-5.2.1.tgz. Extracting by manifest.
649 silly tarball no local data for dom-accessibility-api@https://registry.npmjs.org/dom-accessibility-api/-/dom-accessibility-api-0.5.14.tgz. Extracting by manifest.
650 silly tarball no local data for dom-converter@https://registry.npmjs.org/dom-converter/-/dom-converter-0.2.0.tgz. Extracting by manifest.
651 silly tarball no local data for doctrine@https://registry.npmjs.org/doctrine/-/doctrine-3.0.0.tgz. Extracting by manifest.
652 silly tarball no local data for dns-equal@https://registry.npmjs.org/dns-equal/-/dns-equal-1.0.0.tgz. Extracting by manifest.
653 silly tarball no local data for dns-packet@https://registry.npmjs.org/dns-packet/-/dns-packet-5.4.0.tgz. Extracting by manifest.
654 silly tarball no local data for dlv@https://registry.npmjs.org/dlv/-/dlv-1.1.3.tgz. Extracting by manifest.
655 silly tarball no local data for dir-glob@https://registry.npmjs.org/dir-glob/-/dir-glob-3.0.1.tgz. Extracting by manifest.
656 silly tarball no local data for diff-sequences@https://registry.npmjs.org/diff-sequences/-/diff-sequences-27.5.1.tgz. Extracting by manifest.
657 silly tarball no local data for didyoumean@https://registry.npmjs.org/didyoumean/-/didyoumean-1.2.2.tgz. Extracting by manifest.
658 silly tarball no local data for detective@https://registry.npmjs.org/detective/-/detective-5.2.1.tgz. Extracting by manifest.
659 silly tarball no local data for detect-port-alt@https://registry.npmjs.org/detect-port-alt/-/detect-port-alt-1.1.6.tgz. Extracting by manifest.
660 silly tarball no local data for detect-node@https://registry.npmjs.org/detect-node/-/detect-node-2.1.0.tgz. Extracting by manifest.
661 silly tarball no local data for detect-newline@https://registry.npmjs.org/detect-newline/-/detect-newline-3.1.0.tgz. Extracting by manifest.
662 silly tarball no local data for destroy@https://registry.npmjs.org/destroy/-/destroy-1.2.0.tgz. Extracting by manifest.
663 silly tarball no local data for depd@https://registry.npmjs.org/depd/-/depd-2.0.0.tgz. Extracting by manifest.
664 silly tarball no local data for delayed-stream@https://registry.npmjs.org/delayed-stream/-/delayed-stream-1.0.0.tgz. Extracting by manifest.
665 silly tarball no local data for defined@https://registry.npmjs.org/defined/-/defined-1.0.1.tgz. Extracting by manifest.
666 silly tarball no local data for define-properties@https://registry.npmjs.org/define-properties/-/define-properties-1.1.4.tgz. Extracting by manifest.
667 silly tarball no local data for define-lazy-prop@https://registry.npmjs.org/define-lazy-prop/-/define-lazy-prop-2.0.0.tgz. Extracting by manifest.
668 silly tarball no local data for default-gateway@https://registry.npmjs.org/default-gateway/-/default-gateway-6.0.3.tgz. Extracting by manifest.
669 silly tarball no local data for deepmerge@https://registry.npmjs.org/deepmerge/-/deepmerge-4.2.2.tgz. Extracting by manifest.
670 silly tarball no local data for deep-is@https://registry.npmjs.org/deep-is/-/deep-is-0.1.4.tgz. Extracting by manifest.
671 silly tarball no local data for deep-equal@https://registry.npmjs.org/deep-equal/-/deep-equal-2.1.0.tgz. Extracting by manifest.
672 silly tarball no local data for dedent@https://registry.npmjs.org/dedent/-/dedent-0.7.0.tgz. Extracting by manifest.
673 silly tarball no local data for decimal.js@https://registry.npmjs.org/decimal.js/-/decimal.js-10.4.2.tgz. Extracting by manifest.
674 silly tarball no local data for debug@https://registry.npmjs.org/debug/-/debug-4.3.4.tgz. Extracting by manifest.
675 silly tarball no local data for data-urls@https://registry.npmjs.org/data-urls/-/data-urls-2.0.0.tgz. Extracting by manifest.
676 silly tarball no local data for damerau-levenshtein@https://registry.npmjs.org/damerau-levenshtein/-/damerau-levenshtein-1.0.8.tgz. Extracting by manifest.
677 silly tarball no local data for csstype@https://registry.npmjs.org/csstype/-/csstype-3.1.1.tgz. Extracting by manifest.
678 silly tarball no local data for cssstyle@https://registry.npmjs.org/cssstyle/-/cssstyle-2.3.0.tgz. Extracting by manifest.
679 silly tarball no local data for cssom@https://registry.npmjs.org/cssom/-/cssom-0.4.4.tgz. Extracting by manifest.
680 silly tarball no local data for csso@https://registry.npmjs.org/csso/-/csso-4.2.0.tgz. Extracting by manifest.
681 silly tarball no local data for cssnano-utils@https://registry.npmjs.org/cssnano-utils/-/cssnano-utils-3.1.0.tgz. Extracting by manifest.
682 silly tarball no local data for cssnano-preset-default@https://registry.npmjs.org/cssnano-preset-default/-/cssnano-preset-default-5.2.13.tgz. Extracting by manifest.
683 silly tarball no local data for cssnano@https://registry.npmjs.org/cssnano/-/cssnano-5.1.14.tgz. Extracting by manifest.
684 silly tarball no local data for cssesc@https://registry.npmjs.org/cssesc/-/cssesc-3.0.0.tgz. Extracting by manifest.
685 silly tarball no local data for cssdb@https://registry.npmjs.org/cssdb/-/cssdb-7.2.0.tgz. Extracting by manifest.
686 silly tarball no local data for css.escape@https://registry.npmjs.org/css.escape/-/css.escape-1.5.1.tgz. Extracting by manifest.
687 silly tarball no local data for css-what@https://registry.npmjs.org/css-what/-/css-what-6.1.0.tgz. Extracting by manifest.
688 silly tarball no local data for css-tree@https://registry.npmjs.org/css-tree/-/css-tree-1.0.0-alpha.37.tgz. Extracting by manifest.
689 silly tarball no local data for css-select-base-adapter@https://registry.npmjs.org/css-select-base-adapter/-/css-select-base-adapter-0.1.1.tgz. Extracting by manifest.
690 silly tarball no local data for css-select@https://registry.npmjs.org/css-select/-/css-select-4.3.0.tgz. Extracting by manifest.
691 silly tarball no local data for css-prefers-color-scheme@https://registry.npmjs.org/css-prefers-color-scheme/-/css-prefers-color-scheme-6.0.3.tgz. Extracting by manifest.
692 silly tarball no local data for css-minimizer-webpack-plugin@https://registry.npmjs.org/css-minimizer-webpack-plugin/-/css-minimizer-webpack-plugin-3.4.1.tgz. Extracting by manifest.
693 silly tarball no local data for css-loader@https://registry.npmjs.org/css-loader/-/css-loader-6.7.2.tgz. Extracting by manifest.
694 silly tarball no local data for css-has-pseudo@https://registry.npmjs.org/css-has-pseudo/-/css-has-pseudo-3.0.4.tgz. Extracting by manifest.
695 silly tarball no local data for css-declaration-sorter@https://registry.npmjs.org/css-declaration-sorter/-/css-declaration-sorter-6.3.1.tgz. Extracting by manifest.
696 silly tarball no local data for css-blank-pseudo@https://registry.npmjs.org/css-blank-pseudo/-/css-blank-pseudo-3.0.3.tgz. Extracting by manifest.
697 silly tarball no local data for crypto-random-string@https://registry.npmjs.org/crypto-random-string/-/crypto-random-string-2.0.0.tgz. Extracting by manifest.
698 silly tarball no local data for cross-spawn@https://registry.npmjs.org/cross-spawn/-/cross-spawn-7.0.3.tgz. Extracting by manifest.
699 silly tarball no local data for cosmiconfig@https://registry.npmjs.org/cosmiconfig/-/cosmiconfig-7.1.0.tgz. Extracting by manifest.
700 silly tarball no local data for core-util-is@https://registry.npmjs.org/core-util-is/-/core-util-is-1.0.3.tgz. Extracting by manifest.
701 silly tarball no local data for core-js-pure@https://registry.npmjs.org/core-js-pure/-/core-js-pure-3.26.1.tgz. Extracting by manifest.
702 silly tarball no local data for core-js-compat@https://registry.npmjs.org/core-js-compat/-/core-js-compat-3.26.1.tgz. Extracting by manifest.
703 silly tarball no local data for core-js@https://registry.npmjs.org/core-js/-/core-js-3.26.1.tgz. Extracting by manifest.
704 silly tarball no local data for cookie-signature@https://registry.npmjs.org/cookie-signature/-/cookie-signature-1.0.6.tgz. Extracting by manifest.
705 silly tarball no local data for cookie@https://registry.npmjs.org/cookie/-/cookie-0.5.0.tgz. Extracting by manifest.
706 silly tarball no local data for convert-source-map@https://registry.npmjs.org/convert-source-map/-/convert-source-map-1.9.0.tgz. Extracting by manifest.
707 silly tarball no local data for content-type@https://registry.npmjs.org/content-type/-/content-type-1.0.4.tgz. Extracting by manifest.
708 silly tarball no local data for content-disposition@https://registry.npmjs.org/content-disposition/-/content-disposition-0.5.4.tgz. Extracting by manifest.
709 silly tarball no local data for connect-history-api-fallback@https://registry.npmjs.org/connect-history-api-fallback/-/connect-history-api-fallback-2.0.0.tgz. Extracting by manifest.
710 silly tarball no local data for confusing-browser-globals@https://registry.npmjs.org/confusing-browser-globals/-/confusing-browser-globals-1.0.11.tgz. Extracting by manifest.
711 silly tarball no local data for concat-map@https://registry.npmjs.org/concat-map/-/concat-map-0.0.1.tgz. Extracting by manifest.
712 silly tarball no local data for compression@https://registry.npmjs.org/compression/-/compression-1.7.4.tgz. Extracting by manifest.
713 silly tarball no local data for compressible@https://registry.npmjs.org/compressible/-/compressible-2.0.18.tgz. Extracting by manifest.
714 silly tarball no local data for commondir@https://registry.npmjs.org/commondir/-/commondir-1.0.1.tgz. Extracting by manifest.
715 silly tarball no local data for common-tags@https://registry.npmjs.org/common-tags/-/common-tags-1.8.2.tgz. Extracting by manifest.
716 silly tarball no local data for common-path-prefix@https://registry.npmjs.org/common-path-prefix/-/common-path-prefix-3.0.0.tgz. Extracting by manifest.
717 silly tarball no local data for commander@https://registry.npmjs.org/commander/-/commander-8.3.0.tgz. Extracting by manifest.
718 silly tarball no local data for combined-stream@https://registry.npmjs.org/combined-stream/-/combined-stream-1.0.8.tgz. Extracting by manifest.
719 silly tarball no local data for colorette@https://registry.npmjs.org/colorette/-/colorette-2.0.19.tgz. Extracting by manifest.
720 silly tarball no local data for colord@https://registry.npmjs.org/colord/-/colord-2.9.3.tgz. Extracting by manifest.
721 silly tarball no local data for color-name@https://registry.npmjs.org/color-name/-/color-name-1.1.3.tgz. Extracting by manifest.
722 silly tarball no local data for color-convert@https://registry.npmjs.org/color-convert/-/color-convert-1.9.3.tgz. Extracting by manifest.
723 silly tarball no local data for collect-v8-coverage@https://registry.npmjs.org/collect-v8-coverage/-/collect-v8-coverage-1.0.1.tgz. Extracting by manifest.
724 silly tarball no local data for coa@https://registry.npmjs.org/coa/-/coa-2.0.2.tgz. Extracting by manifest.
725 silly tarball no local data for co@https://registry.npmjs.org/co/-/co-4.6.0.tgz. Extracting by manifest.
726 silly tarball no local data for cliui@https://registry.npmjs.org/cliui/-/cliui-7.0.4.tgz. Extracting by manifest.
727 silly tarball no local data for clean-css@https://registry.npmjs.org/clean-css/-/clean-css-5.3.1.tgz. Extracting by manifest.
728 silly tarball no local data for classnames@https://registry.npmjs.org/classnames/-/classnames-2.3.2.tgz. Extracting by manifest.
729 silly tarball no local data for cjs-module-lexer@https://registry.npmjs.org/cjs-module-lexer/-/cjs-module-lexer-1.2.2.tgz. Extracting by manifest.
730 silly tarball no local data for ci-info@https://registry.npmjs.org/ci-info/-/ci-info-3.7.0.tgz. Extracting by manifest.
731 silly tarball no local data for chrome-trace-event@https://registry.npmjs.org/chrome-trace-event/-/chrome-trace-event-1.0.3.tgz. Extracting by manifest.
732 silly tarball no local data for chokidar@https://registry.npmjs.org/chokidar/-/chokidar-3.5.3.tgz. Extracting by manifest.
733 silly tarball no local data for check-types@https://registry.npmjs.org/check-types/-/check-types-11.2.2.tgz. Extracting by manifest.
734 silly tarball no local data for char-regex@https://registry.npmjs.org/char-regex/-/char-regex-1.0.2.tgz. Extracting by manifest.
735 silly tarball no local data for chalk@https://registry.npmjs.org/chalk/-/chalk-2.4.2.tgz. Extracting by manifest.
736 silly tarball no local data for case-sensitive-paths-webpack-plugin@https://registry.npmjs.org/case-sensitive-paths-webpack-plugin/-/case-sensitive-paths-webpack-plugin-2.4.0.tgz. Extracting by manifest.
737 silly tarball no local data for caniuse-lite@https://registry.npmjs.org/caniuse-lite/-/caniuse-lite-1.0.30001436.tgz. Extracting by manifest.
738 silly tarball no local data for caniuse-api@https://registry.npmjs.org/caniuse-api/-/caniuse-api-3.0.0.tgz. Extracting by manifest.
739 silly tarball no local data for camelcase-css@https://registry.npmjs.org/camelcase-css/-/camelcase-css-2.0.1.tgz. Extracting by manifest.
740 silly tarball no local data for camelcase@https://registry.npmjs.org/camelcase/-/camelcase-6.3.0.tgz. Extracting by manifest.
741 silly tarball no local data for camel-case@https://registry.npmjs.org/camel-case/-/camel-case-4.1.2.tgz. Extracting by manifest.
742 silly tarball no local data for callsites@https://registry.npmjs.org/callsites/-/callsites-3.1.0.tgz. Extracting by manifest.
743 silly tarball no local data for call-bind@https://registry.npmjs.org/call-bind/-/call-bind-1.0.2.tgz. Extracting by manifest.
744 silly tarball no local data for bytes@https://registry.npmjs.org/bytes/-/bytes-3.0.0.tgz. Extracting by manifest.
745 silly tarball no local data for builtin-modules@https://registry.npmjs.org/builtin-modules/-/builtin-modules-3.3.0.tgz. Extracting by manifest.
746 silly tarball no local data for buffer-from@https://registry.npmjs.org/buffer-from/-/buffer-from-1.1.2.tgz. Extracting by manifest.
747 silly tarball no local data for bser@https://registry.npmjs.org/bser/-/bser-2.1.1.tgz. Extracting by manifest.
748 silly tarball no local data for browserslist@https://registry.npmjs.org/browserslist/-/browserslist-4.21.4.tgz. Extracting by manifest.
749 silly tarball no local data for browser-process-hrtime@https://registry.npmjs.org/browser-process-hrtime/-/browser-process-hrtime-1.0.0.tgz. Extracting by manifest.
750 silly tarball no local data for braces@https://registry.npmjs.org/braces/-/braces-3.0.2.tgz. Extracting by manifest.
751 silly tarball no local data for brace-expansion@https://registry.npmjs.org/brace-expansion/-/brace-expansion-1.1.11.tgz. Extracting by manifest.
752 silly tarball no local data for bootstrap@https://registry.npmjs.org/bootstrap/-/bootstrap-5.2.3.tgz. Extracting by manifest.
753 silly tarball no local data for boolbase@https://registry.npmjs.org/boolbase/-/boolbase-1.0.0.tgz. Extracting by manifest.
754 silly tarball no local data for bonjour-service@https://registry.npmjs.org/bonjour-service/-/bonjour-service-1.0.14.tgz. Extracting by manifest.
755 silly tarball no local data for body-parser@https://registry.npmjs.org/body-parser/-/body-parser-1.20.1.tgz. Extracting by manifest.
756 silly tarball no local data for bluebird@https://registry.npmjs.org/bluebird/-/bluebird-3.7.2.tgz. Extracting by manifest.
757 silly tarball no local data for binary-extensions@https://registry.npmjs.org/binary-extensions/-/binary-extensions-2.2.0.tgz. Extracting by manifest.
758 silly tarball no local data for big.js@https://registry.npmjs.org/big.js/-/big.js-5.2.2.tgz. Extracting by manifest.
759 silly tarball no local data for bfj@https://registry.npmjs.org/bfj/-/bfj-7.0.2.tgz. Extracting by manifest.
760 silly tarball no local data for batch@https://registry.npmjs.org/batch/-/batch-0.6.1.tgz. Extracting by manifest.
761 silly tarball no local data for balanced-match@https://registry.npmjs.org/balanced-match/-/balanced-match-1.0.2.tgz. Extracting by manifest.
762 silly tarball no local data for babel-preset-react-app@https://registry.npmjs.org/babel-preset-react-app/-/babel-preset-react-app-10.0.1.tgz. Extracting by manifest.
763 silly tarball no local data for babel-preset-jest@https://registry.npmjs.org/babel-preset-jest/-/babel-preset-jest-27.5.1.tgz. Extracting by manifest.
764 silly tarball no local data for babel-preset-current-node-syntax@https://registry.npmjs.org/babel-preset-current-node-syntax/-/babel-preset-current-node-syntax-1.0.1.tgz. Extracting by manifest.
765 silly tarball no local data for babel-plugin-transform-react-remove-prop-types@https://registry.npmjs.org/babel-plugin-transform-react-remove-prop-types/-/babel-plugin-transform-react-remove-prop-types-0.4.24.tgz. Extracting by manifest.
766 silly tarball no local data for babel-plugin-polyfill-regenerator@https://registry.npmjs.org/babel-plugin-polyfill-regenerator/-/babel-plugin-polyfill-regenerator-0.4.1.tgz. Extracting by manifest.
767 silly tarball no local data for babel-plugin-polyfill-corejs3@https://registry.npmjs.org/babel-plugin-polyfill-corejs3/-/babel-plugin-polyfill-corejs3-0.6.0.tgz. Extracting by manifest.
768 silly tarball no local data for babel-plugin-polyfill-corejs2@https://registry.npmjs.org/babel-plugin-polyfill-corejs2/-/babel-plugin-polyfill-corejs2-0.3.3.tgz. Extracting by manifest.
769 silly tarball no local data for babel-plugin-named-asset-import@https://registry.npmjs.org/babel-plugin-named-asset-import/-/babel-plugin-named-asset-import-0.3.8.tgz. Extracting by manifest.
770 silly tarball no local data for babel-plugin-macros@https://registry.npmjs.org/babel-plugin-macros/-/babel-plugin-macros-3.1.0.tgz. Extracting by manifest.
771 silly tarball no local data for babel-plugin-jest-hoist@https://registry.npmjs.org/babel-plugin-jest-hoist/-/babel-plugin-jest-hoist-27.5.1.tgz. Extracting by manifest.
772 silly tarball no local data for babel-plugin-istanbul@https://registry.npmjs.org/babel-plugin-istanbul/-/babel-plugin-istanbul-6.1.1.tgz. Extracting by manifest.
773 silly tarball no local data for babel-loader@https://registry.npmjs.org/babel-loader/-/babel-loader-8.3.0.tgz. Extracting by manifest.
774 silly tarball no local data for babel-jest@https://registry.npmjs.org/babel-jest/-/babel-jest-27.5.1.tgz. Extracting by manifest.
775 silly tarball no local data for axobject-query@https://registry.npmjs.org/axobject-query/-/axobject-query-2.2.0.tgz. Extracting by manifest.
776 silly tarball no local data for axios@https://registry.npmjs.org/axios/-/axios-1.2.1.tgz. Extracting by manifest.
777 silly tarball no local data for axe-core@https://registry.npmjs.org/axe-core/-/axe-core-4.5.2.tgz. Extracting by manifest.
778 silly tarball no local data for available-typed-arrays@https://registry.npmjs.org/available-typed-arrays/-/available-typed-arrays-1.0.5.tgz. Extracting by manifest.
779 silly tarball no local data for autoprefixer@https://registry.npmjs.org/autoprefixer/-/autoprefixer-10.4.13.tgz. Extracting by manifest.
780 silly tarball no local data for at-least-node@https://registry.npmjs.org/at-least-node/-/at-least-node-1.0.0.tgz. Extracting by manifest.
781 silly tarball no local data for asynckit@https://registry.npmjs.org/asynckit/-/asynckit-0.4.0.tgz. Extracting by manifest.
782 silly tarball no local data for async@https://registry.npmjs.org/async/-/async-3.2.4.tgz. Extracting by manifest.
783 silly tarball no local data for ast-types-flow@https://registry.npmjs.org/ast-types-flow/-/ast-types-flow-0.0.7.tgz. Extracting by manifest.
784 silly tarball no local data for asap@https://registry.npmjs.org/asap/-/asap-2.0.6.tgz. Extracting by manifest.
785 silly tarball no local data for array.prototype.tosorted@https://registry.npmjs.org/array.prototype.tosorted/-/array.prototype.tosorted-1.1.1.tgz. Extracting by manifest.
786 silly tarball no local data for array.prototype.reduce@https://registry.npmjs.org/array.prototype.reduce/-/array.prototype.reduce-1.0.5.tgz. Extracting by manifest.
787 silly tarball no local data for array.prototype.flatmap@https://registry.npmjs.org/array.prototype.flatmap/-/array.prototype.flatmap-1.3.1.tgz. Extracting by manifest.
788 silly tarball no local data for array.prototype.flat@https://registry.npmjs.org/array.prototype.flat/-/array.prototype.flat-1.3.1.tgz. Extracting by manifest.
789 silly tarball no local data for array-union@https://registry.npmjs.org/array-union/-/array-union-2.1.0.tgz. Extracting by manifest.
790 silly tarball no local data for array-includes@https://registry.npmjs.org/array-includes/-/array-includes-3.1.6.tgz. Extracting by manifest.
791 silly tarball no local data for array-flatten@https://registry.npmjs.org/array-flatten/-/array-flatten-2.1.2.tgz. Extracting by manifest.
792 silly tarball no local data for aria-query@https://registry.npmjs.org/aria-query/-/aria-query-4.2.2.tgz. Extracting by manifest.
793 silly tarball no local data for argparse@https://registry.npmjs.org/argparse/-/argparse-1.0.10.tgz. Extracting by manifest.
794 silly tarball no local data for arg@https://registry.npmjs.org/arg/-/arg-5.0.2.tgz. Extracting by manifest.
795 silly tarball no local data for anymatch@https://registry.npmjs.org/anymatch/-/anymatch-3.1.3.tgz. Extracting by manifest.
796 silly tarball no local data for ansi-styles@https://registry.npmjs.org/ansi-styles/-/ansi-styles-3.2.1.tgz. Extracting by manifest.
797 silly tarball no local data for ansi-regex@https://registry.npmjs.org/ansi-regex/-/ansi-regex-5.0.1.tgz. Extracting by manifest.
798 silly tarball no local data for ansi-html-community@https://registry.npmjs.org/ansi-html-community/-/ansi-html-community-0.0.8.tgz. Extracting by manifest.
799 silly tarball no local data for ansi-escapes@https://registry.npmjs.org/ansi-escapes/-/ansi-escapes-4.3.2.tgz. Extracting by manifest.
800 silly tarball no local data for ajv-keywords@https://registry.npmjs.org/ajv-keywords/-/ajv-keywords-3.5.2.tgz. Extracting by manifest.
801 silly tarball no local data for ajv-formats@https://registry.npmjs.org/ajv-formats/-/ajv-formats-2.1.1.tgz. Extracting by manifest.
802 silly tarball no local data for ajv@https://registry.npmjs.org/ajv/-/ajv-6.12.6.tgz. Extracting by manifest.
803 silly tarball no local data for agent-base@https://registry.npmjs.org/agent-base/-/agent-base-6.0.2.tgz. Extracting by manifest.
804 silly tarball no local data for adjust-sourcemap-loader@https://registry.npmjs.org/adjust-sourcemap-loader/-/adjust-sourcemap-loader-4.0.0.tgz. Extracting by manifest.
805 silly tarball no local data for address@https://registry.npmjs.org/address/-/address-1.2.1.tgz. Extracting by manifest.
806 silly tarball no local data for acorn-walk@https://registry.npmjs.org/acorn-walk/-/acorn-walk-7.2.0.tgz. Extracting by manifest.
807 silly tarball no local data for acorn-node@https://registry.npmjs.org/acorn-node/-/acorn-node-1.8.2.tgz. Extracting by manifest.
808 silly tarball no local data for acorn-jsx@https://registry.npmjs.org/acorn-jsx/-/acorn-jsx-5.3.2.tgz. Extracting by manifest.
809 silly tarball no local data for acorn-import-assertions@https://registry.npmjs.org/acorn-import-assertions/-/acorn-import-assertions-1.8.0.tgz. Extracting by manifest.
810 silly tarball no local data for acorn-globals@https://registry.npmjs.org/acorn-globals/-/acorn-globals-6.0.0.tgz. Extracting by manifest.
811 silly tarball no local data for acorn@https://registry.npmjs.org/acorn/-/acorn-8.8.1.tgz. Extracting by manifest.
812 silly tarball no local data for accepts@https://registry.npmjs.org/accepts/-/accepts-1.3.8.tgz. Extracting by manifest.
813 silly tarball no local data for abab@https://registry.npmjs.org/abab/-/abab-2.0.6.tgz. Extracting by manifest.
814 silly tarball no local data for @xtuc/long@https://registry.npmjs.org/@xtuc/long/-/long-4.2.2.tgz. Extracting by manifest.
815 silly tarball no local data for @xtuc/ieee754@https://registry.npmjs.org/@xtuc/ieee754/-/ieee754-1.2.0.tgz. Extracting by manifest.
816 silly tarball no local data for @webassemblyjs/wast-printer@https://registry.npmjs.org/@webassemblyjs/wast-printer/-/wast-printer-1.11.1.tgz. Extracting by manifest.
817 silly tarball no local data for @webassemblyjs/wasm-parser@https://registry.npmjs.org/@webassemblyjs/wasm-parser/-/wasm-parser-1.11.1.tgz. Extracting by manifest.
818 silly tarball no local data for @webassemblyjs/wasm-opt@https://registry.npmjs.org/@webassemblyjs/wasm-opt/-/wasm-opt-1.11.1.tgz. Extracting by manifest.
819 silly tarball no local data for @webassemblyjs/wasm-gen@https://registry.npmjs.org/@webassemblyjs/wasm-gen/-/wasm-gen-1.11.1.tgz. Extracting by manifest.
820 silly tarball no local data for @webassemblyjs/wasm-edit@https://registry.npmjs.org/@webassemblyjs/wasm-edit/-/wasm-edit-1.11.1.tgz. Extracting by manifest.
821 silly tarball no local data for @webassemblyjs/utf8@https://registry.npmjs.org/@webassemblyjs/utf8/-/utf8-1.11.1.tgz. Extracting by manifest.
822 silly tarball no local data for @webassemblyjs/leb128@https://registry.npmjs.org/@webassemblyjs/leb128/-/leb128-1.11.1.tgz. Extracting by manifest.
823 silly tarball no local data for @webassemblyjs/ieee754@https://registry.npmjs.org/@webassemblyjs/ieee754/-/ieee754-1.11.1.tgz. Extracting by manifest.
824 silly tarball no local data for @webassemblyjs/helper-wasm-section@https://registry.npmjs.org/@webassemblyjs/helper-wasm-section/-/helper-wasm-section-1.11.1.tgz. Extracting by manifest.
825 silly tarball no local data for @webassemblyjs/helper-wasm-bytecode@https://registry.npmjs.org/@webassemblyjs/helper-wasm-bytecode/-/helper-wasm-bytecode-1.11.1.tgz. Extracting by manifest.
826 silly tarball no local data for @webassemblyjs/helper-numbers@https://registry.npmjs.org/@webassemblyjs/helper-numbers/-/helper-numbers-1.11.1.tgz. Extracting by manifest.
827 silly tarball no local data for @webassemblyjs/helper-buffer@https://registry.npmjs.org/@webassemblyjs/helper-buffer/-/helper-buffer-1.11.1.tgz. Extracting by manifest.
828 silly tarball no local data for @webassemblyjs/helper-api-error@https://registry.npmjs.org/@webassemblyjs/helper-api-error/-/helper-api-error-1.11.1.tgz. Extracting by manifest.
829 silly tarball no local data for @webassemblyjs/floating-point-hex-parser@https://registry.npmjs.org/@webassemblyjs/floating-point-hex-parser/-/floating-point-hex-parser-1.11.1.tgz. Extracting by manifest.
830 silly tarball no local data for @webassemblyjs/ast@https://registry.npmjs.org/@webassemblyjs/ast/-/ast-1.11.1.tgz. Extracting by manifest.
831 silly tarball no local data for @typescript-eslint/visitor-keys@https://registry.npmjs.org/@typescript-eslint/visitor-keys/-/visitor-keys-5.45.0.tgz. Extracting by manifest.
832 silly tarball no local data for @typescript-eslint/utils@https://registry.npmjs.org/@typescript-eslint/utils/-/utils-5.45.0.tgz. Extracting by manifest.
833 silly tarball no local data for @typescript-eslint/typescript-estree@https://registry.npmjs.org/@typescript-eslint/typescript-estree/-/typescript-estree-5.45.0.tgz. Extracting by manifest.
834 silly tarball no local data for @typescript-eslint/types@https://registry.npmjs.org/@typescript-eslint/types/-/types-5.45.0.tgz. Extracting by manifest.
835 silly tarball no local data for @typescript-eslint/type-utils@https://registry.npmjs.org/@typescript-eslint/type-utils/-/type-utils-5.45.0.tgz. Extracting by manifest.
836 silly tarball no local data for @typescript-eslint/scope-manager@https://registry.npmjs.org/@typescript-eslint/scope-manager/-/scope-manager-5.45.0.tgz. Extracting by manifest.
837 silly tarball no local data for @typescript-eslint/parser@https://registry.npmjs.org/@typescript-eslint/parser/-/parser-5.45.0.tgz. Extracting by manifest.
838 silly tarball no local data for @typescript-eslint/experimental-utils@https://registry.npmjs.org/@typescript-eslint/experimental-utils/-/experimental-utils-5.45.0.tgz. Extracting by manifest.
839 silly tarball no local data for @typescript-eslint/eslint-plugin@https://registry.npmjs.org/@typescript-eslint/eslint-plugin/-/eslint-plugin-5.45.0.tgz. Extracting by manifest.
840 silly tarball no local data for @types/yargs-parser@https://registry.npmjs.org/@types/yargs-parser/-/yargs-parser-21.0.0.tgz. Extracting by manifest.
841 silly tarball no local data for @types/yargs@https://registry.npmjs.org/@types/yargs/-/yargs-16.0.4.tgz. Extracting by manifest.
842 silly tarball no local data for @types/ws@https://registry.npmjs.org/@types/ws/-/ws-8.5.3.tgz. Extracting by manifest.
843 silly tarball no local data for @types/trusted-types@https://registry.npmjs.org/@types/trusted-types/-/trusted-types-2.0.2.tgz. Extracting by manifest.
844 silly tarball no local data for @types/testing-library__jest-dom@https://registry.npmjs.org/@types/testing-library__jest-dom/-/testing-library__jest-dom-5.14.5.tgz. Extracting by manifest.
845 silly tarball no local data for @types/stack-utils@https://registry.npmjs.org/@types/stack-utils/-/stack-utils-2.0.1.tgz. Extracting by manifest.
846 silly tarball no local data for @types/sockjs@https://registry.npmjs.org/@types/sockjs/-/sockjs-0.3.33.tgz. Extracting by manifest.
847 silly tarball no local data for @types/serve-static@https://registry.npmjs.org/@types/serve-static/-/serve-static-1.15.0.tgz. Extracting by manifest.
848 silly tarball no local data for @types/serve-index@https://registry.npmjs.org/@types/serve-index/-/serve-index-1.9.1.tgz. Extracting by manifest.
849 silly tarball no local data for @types/semver@https://registry.npmjs.org/@types/semver/-/semver-7.3.13.tgz. Extracting by manifest.
850 silly tarball no local data for @types/scheduler@https://registry.npmjs.org/@types/scheduler/-/scheduler-0.16.2.tgz. Extracting by manifest.
851 silly tarball no local data for @types/retry@https://registry.npmjs.org/@types/retry/-/retry-0.12.0.tgz. Extracting by manifest.
852 silly tarball no local data for @types/resolve@https://registry.npmjs.org/@types/resolve/-/resolve-1.17.1.tgz. Extracting by manifest.
853 silly tarball no local data for @types/react-dom@https://registry.npmjs.org/@types/react-dom/-/react-dom-18.0.9.tgz. Extracting by manifest.
854 silly tarball no local data for @types/react@https://registry.npmjs.org/@types/react/-/react-18.0.26.tgz. Extracting by manifest.
855 silly tarball no local data for @types/range-parser@https://registry.npmjs.org/@types/range-parser/-/range-parser-1.2.4.tgz. Extracting by manifest.
856 silly tarball no local data for @types/qs@https://registry.npmjs.org/@types/qs/-/qs-6.9.7.tgz. Extracting by manifest.
857 silly tarball no local data for @types/q@https://registry.npmjs.org/@types/q/-/q-1.5.5.tgz. Extracting by manifest.
858 silly tarball no local data for @types/prop-types@https://registry.npmjs.org/@types/prop-types/-/prop-types-15.7.5.tgz. Extracting by manifest.
859 silly tarball no local data for @types/prettier@https://registry.npmjs.org/@types/prettier/-/prettier-2.7.1.tgz. Extracting by manifest.
860 silly tarball no local data for @types/parse-json@https://registry.npmjs.org/@types/parse-json/-/parse-json-4.0.0.tgz. Extracting by manifest.
861 silly tarball no local data for @types/node@https://registry.npmjs.org/@types/node/-/node-18.11.10.tgz. Extracting by manifest.
862 silly tarball no local data for @types/mime@https://registry.npmjs.org/@types/mime/-/mime-3.0.1.tgz. Extracting by manifest.
863 silly tarball no local data for @types/json5@https://registry.npmjs.org/@types/json5/-/json5-0.0.29.tgz. Extracting by manifest.
864 silly tarball no local data for @types/json-schema@https://registry.npmjs.org/@types/json-schema/-/json-schema-7.0.11.tgz. Extracting by manifest.
865 silly tarball no local data for @types/jest@https://registry.npmjs.org/@types/jest/-/jest-29.2.3.tgz. Extracting by manifest.
866 silly tarball no local data for @types/istanbul-reports@https://registry.npmjs.org/@types/istanbul-reports/-/istanbul-reports-3.0.1.tgz. Extracting by manifest.
867 silly tarball no local data for @types/istanbul-lib-report@https://registry.npmjs.org/@types/istanbul-lib-report/-/istanbul-lib-report-3.0.0.tgz. Extracting by manifest.
868 silly tarball no local data for @types/istanbul-lib-coverage@https://registry.npmjs.org/@types/istanbul-lib-coverage/-/istanbul-lib-coverage-2.0.4.tgz. Extracting by manifest.
869 silly tarball no local data for @types/http-proxy@https://registry.npmjs.org/@types/http-proxy/-/http-proxy-1.17.9.tgz. Extracting by manifest.
870 silly tarball no local data for @types/html-minifier-terser@https://registry.npmjs.org/@types/html-minifier-terser/-/html-minifier-terser-6.1.0.tgz. Extracting by manifest.
871 silly tarball no local data for @types/graceful-fs@https://registry.npmjs.org/@types/graceful-fs/-/graceful-fs-4.1.5.tgz. Extracting by manifest.
872 silly tarball no local data for @types/express-serve-static-core@https://registry.npmjs.org/@types/express-serve-static-core/-/express-serve-static-core-4.17.31.tgz. Extracting by manifest.
873 silly tarball no local data for @types/express@https://registry.npmjs.org/@types/express/-/express-4.17.14.tgz. Extracting by manifest.
874 silly tarball no local data for @types/estree@https://registry.npmjs.org/@types/estree/-/estree-1.0.0.tgz. Extracting by manifest.
875 silly tarball no local data for @types/eslint-scope@https://registry.npmjs.org/@types/eslint-scope/-/eslint-scope-3.7.4.tgz. Extracting by manifest.
876 silly tarball no local data for @types/eslint@https://registry.npmjs.org/@types/eslint/-/eslint-8.4.10.tgz. Extracting by manifest.
877 silly tarball no local data for @types/connect-history-api-fallback@https://registry.npmjs.org/@types/connect-history-api-fallback/-/connect-history-api-fallback-1.3.5.tgz. Extracting by manifest.
878 silly tarball no local data for @types/connect@https://registry.npmjs.org/@types/connect/-/connect-3.4.35.tgz. Extracting by manifest.
879 silly tarball no local data for @types/bonjour@https://registry.npmjs.org/@types/bonjour/-/bonjour-3.5.10.tgz. Extracting by manifest.
880 silly tarball no local data for @types/body-parser@https://registry.npmjs.org/@types/body-parser/-/body-parser-1.19.2.tgz. Extracting by manifest.
881 silly tarball no local data for @types/babel__traverse@https://registry.npmjs.org/@types/babel__traverse/-/babel__traverse-7.18.3.tgz. Extracting by manifest.
882 silly tarball no local data for @types/babel__template@https://registry.npmjs.org/@types/babel__template/-/babel__template-7.4.1.tgz. Extracting by manifest.
883 silly tarball no local data for @types/babel__generator@https://registry.npmjs.org/@types/babel__generator/-/babel__generator-7.6.4.tgz. Extracting by manifest.
884 silly tarball no local data for @types/babel__core@https://registry.npmjs.org/@types/babel__core/-/babel__core-7.1.20.tgz. Extracting by manifest.
885 silly tarball no local data for @types/aria-query@https://registry.npmjs.org/@types/aria-query/-/aria-query-4.2.2.tgz. Extracting by manifest.
886 silly tarball no local data for @trysound/sax@https://registry.npmjs.org/@trysound/sax/-/sax-0.2.0.tgz. Extracting by manifest.
887 silly tarball no local data for @tootallnate/once@https://registry.npmjs.org/@tootallnate/once/-/once-1.1.2.tgz. Extracting by manifest.
888 silly tarball no local data for @testing-library/user-event@https://registry.npmjs.org/@testing-library/user-event/-/user-event-13.5.0.tgz. Extracting by manifest.
889 silly tarball no local data for @testing-library/react@https://registry.npmjs.org/@testing-library/react/-/react-13.4.0.tgz. Extracting by manifest.
890 silly tarball no local data for @testing-library/jest-dom@https://registry.npmjs.org/@testing-library/jest-dom/-/jest-dom-5.16.5.tgz. Extracting by manifest.
891 silly tarball no local data for @testing-library/dom@https://registry.npmjs.org/@testing-library/dom/-/dom-8.19.0.tgz. Extracting by manifest.
892 silly tarball no local data for @svgr/webpack@https://registry.npmjs.org/@svgr/webpack/-/webpack-5.5.0.tgz. Extracting by manifest.
893 silly tarball no local data for @svgr/plugin-svgo@https://registry.npmjs.org/@svgr/plugin-svgo/-/plugin-svgo-5.5.0.tgz. Extracting by manifest.
894 silly tarball no local data for @svgr/plugin-jsx@https://registry.npmjs.org/@svgr/plugin-jsx/-/plugin-jsx-5.5.0.tgz. Extracting by manifest.
895 silly tarball no local data for @svgr/hast-util-to-babel-ast@https://registry.npmjs.org/@svgr/hast-util-to-babel-ast/-/hast-util-to-babel-ast-5.5.0.tgz. Extracting by manifest.
896 silly tarball no local data for @svgr/core@https://registry.npmjs.org/@svgr/core/-/core-5.5.0.tgz. Extracting by manifest.
897 silly tarball no local data for @svgr/babel-preset@https://registry.npmjs.org/@svgr/babel-preset/-/babel-preset-5.5.0.tgz. Extracting by manifest.
898 silly tarball no local data for @svgr/babel-plugin-transform-svg-component@https://registry.npmjs.org/@svgr/babel-plugin-transform-svg-component/-/babel-plugin-transform-svg-component-5.5.0.tgz. Extracting by manifest.
899 silly tarball no local data for @svgr/babel-plugin-transform-react-native-svg@https://registry.npmjs.org/@svgr/babel-plugin-transform-react-native-svg/-/babel-plugin-transform-react-native-svg-5.4.0.tgz. Extracting by manifest.
900 silly tarball no local data for @svgr/babel-plugin-svg-em-dimensions@https://registry.npmjs.org/@svgr/babel-plugin-svg-em-dimensions/-/babel-plugin-svg-em-dimensions-5.4.0.tgz. Extracting by manifest.
901 silly tarball no local data for @svgr/babel-plugin-svg-dynamic-title@https://registry.npmjs.org/@svgr/babel-plugin-svg-dynamic-title/-/babel-plugin-svg-dynamic-title-5.4.0.tgz. Extracting by manifest.
902 silly tarball no local data for @svgr/babel-plugin-replace-jsx-attribute-value@https://registry.npmjs.org/@svgr/babel-plugin-replace-jsx-attribute-value/-/babel-plugin-replace-jsx-attribute-value-5.0.1.tgz. Extracting by manifest.
903 silly tarball no local data for @svgr/babel-plugin-remove-jsx-empty-expression@https://registry.npmjs.org/@svgr/babel-plugin-remove-jsx-empty-expression/-/babel-plugin-remove-jsx-empty-expression-5.0.1.tgz. Extracting by manifest.
904 silly tarball no local data for @svgr/babel-plugin-remove-jsx-attribute@https://registry.npmjs.org/@svgr/babel-plugin-remove-jsx-attribute/-/babel-plugin-remove-jsx-attribute-5.4.0.tgz. Extracting by manifest.
905 silly tarball no local data for @svgr/babel-plugin-add-jsx-attribute@https://registry.npmjs.org/@svgr/babel-plugin-add-jsx-attribute/-/babel-plugin-add-jsx-attribute-5.4.0.tgz. Extracting by manifest.
906 silly tarball no local data for @surma/rollup-plugin-off-main-thread@https://registry.npmjs.org/@surma/rollup-plugin-off-main-thread/-/rollup-plugin-off-main-thread-2.2.3.tgz. Extracting by manifest.
907 silly tarball no local data for @sinonjs/fake-timers@https://registry.npmjs.org/@sinonjs/fake-timers/-/fake-timers-8.1.0.tgz. Extracting by manifest.
908 silly tarball no local data for @sinonjs/commons@https://registry.npmjs.org/@sinonjs/commons/-/commons-1.8.6.tgz. Extracting by manifest.
909 silly tarball no local data for @sinclair/typebox@https://registry.npmjs.org/@sinclair/typebox/-/typebox-0.24.51.tgz. Extracting by manifest.
910 silly tarball no local data for @rushstack/eslint-patch@https://registry.npmjs.org/@rushstack/eslint-patch/-/eslint-patch-1.2.0.tgz. Extracting by manifest.
911 silly tarball no local data for @rollup/pluginutils@https://registry.npmjs.org/@rollup/pluginutils/-/pluginutils-3.1.0.tgz. Extracting by manifest.
912 silly tarball no local data for @rollup/plugin-replace@https://registry.npmjs.org/@rollup/plugin-replace/-/plugin-replace-2.4.2.tgz. Extracting by manifest.
913 silly tarball no local data for @rollup/plugin-node-resolve@https://registry.npmjs.org/@rollup/plugin-node-resolve/-/plugin-node-resolve-11.2.1.tgz. Extracting by manifest.
914 silly tarball no local data for @rollup/plugin-babel@https://registry.npmjs.org/@rollup/plugin-babel/-/plugin-babel-5.3.1.tgz. Extracting by manifest.
915 silly tarball no local data for @popperjs/core@https://registry.npmjs.org/@popperjs/core/-/core-2.11.6.tgz. Extracting by manifest.
916 silly tarball no local data for @pmmmwh/react-refresh-webpack-plugin@https://registry.npmjs.org/@pmmmwh/react-refresh-webpack-plugin/-/react-refresh-webpack-plugin-0.5.10.tgz. Extracting by manifest.
917 silly tarball no local data for @nodelib/fs.walk@https://registry.npmjs.org/@nodelib/fs.walk/-/fs.walk-1.2.8.tgz. Extracting by manifest.
918 silly tarball no local data for @nodelib/fs.stat@https://registry.npmjs.org/@nodelib/fs.stat/-/fs.stat-2.0.5.tgz. Extracting by manifest.
919 silly tarball no local data for @nodelib/fs.scandir@https://registry.npmjs.org/@nodelib/fs.scandir/-/fs.scandir-2.1.5.tgz. Extracting by manifest.
920 silly tarball no local data for @nicolo-ribaudo/eslint-scope-5-internals@https://registry.npmjs.org/@nicolo-ribaudo/eslint-scope-5-internals/-/eslint-scope-5-internals-5.1.1-v1.tgz. Extracting by manifest.
921 silly tarball no local data for @leichtgewicht/ip-codec@https://registry.npmjs.org/@leichtgewicht/ip-codec/-/ip-codec-2.0.4.tgz. Extracting by manifest.
922 silly tarball no local data for @jridgewell/trace-mapping@https://registry.npmjs.org/@jridgewell/trace-mapping/-/trace-mapping-0.3.17.tgz. Extracting by manifest.
923 silly tarball no local data for @jridgewell/sourcemap-codec@https://registry.npmjs.org/@jridgewell/sourcemap-codec/-/sourcemap-codec-1.4.14.tgz. Extracting by manifest.
924 silly tarball no local data for @jridgewell/source-map@https://registry.npmjs.org/@jridgewell/source-map/-/source-map-0.3.2.tgz. Extracting by manifest.
925 silly tarball no local data for @jridgewell/set-array@https://registry.npmjs.org/@jridgewell/set-array/-/set-array-1.1.2.tgz. Extracting by manifest.
926 silly tarball no local data for @jridgewell/resolve-uri@https://registry.npmjs.org/@jridgewell/resolve-uri/-/resolve-uri-3.1.0.tgz. Extracting by manifest.
927 silly tarball no local data for @jridgewell/gen-mapping@https://registry.npmjs.org/@jridgewell/gen-mapping/-/gen-mapping-0.1.1.tgz. Extracting by manifest.
928 silly tarball no local data for @jest/types@https://registry.npmjs.org/@jest/types/-/types-27.5.1.tgz. Extracting by manifest.
929 silly tarball no local data for @jest/transform@https://registry.npmjs.org/@jest/transform/-/transform-27.5.1.tgz. Extracting by manifest.
930 silly tarball no local data for @jest/test-sequencer@https://registry.npmjs.org/@jest/test-sequencer/-/test-sequencer-27.5.1.tgz. Extracting by manifest.
931 silly tarball no local data for @jest/test-result@https://registry.npmjs.org/@jest/test-result/-/test-result-27.5.1.tgz. Extracting by manifest.
932 silly tarball no local data for @jest/source-map@https://registry.npmjs.org/@jest/source-map/-/source-map-27.5.1.tgz. Extracting by manifest.
933 silly tarball no local data for @jest/schemas@https://registry.npmjs.org/@jest/schemas/-/schemas-28.1.3.tgz. Extracting by manifest.
934 silly tarball no local data for @jest/reporters@https://registry.npmjs.org/@jest/reporters/-/reporters-27.5.1.tgz. Extracting by manifest.
935 silly tarball no local data for @jest/globals@https://registry.npmjs.org/@jest/globals/-/globals-27.5.1.tgz. Extracting by manifest.
936 silly tarball no local data for @jest/fake-timers@https://registry.npmjs.org/@jest/fake-timers/-/fake-timers-27.5.1.tgz. Extracting by manifest.
937 silly tarball no local data for @jest/expect-utils@https://registry.npmjs.org/@jest/expect-utils/-/expect-utils-29.3.1.tgz. Extracting by manifest.
938 silly tarball no local data for @jest/environment@https://registry.npmjs.org/@jest/environment/-/environment-27.5.1.tgz. Extracting by manifest.
939 silly tarball no local data for @jest/core@https://registry.npmjs.org/@jest/core/-/core-27.5.1.tgz. Extracting by manifest.
940 silly tarball no local data for @jest/console@https://registry.npmjs.org/@jest/console/-/console-27.5.1.tgz. Extracting by manifest.
941 silly tarball no local data for @istanbuljs/schema@https://registry.npmjs.org/@istanbuljs/schema/-/schema-0.1.3.tgz. Extracting by manifest.
942 silly tarball no local data for @istanbuljs/load-nyc-config@https://registry.npmjs.org/@istanbuljs/load-nyc-config/-/load-nyc-config-1.1.0.tgz. Extracting by manifest.
943 silly tarball no local data for @humanwhocodes/object-schema@https://registry.npmjs.org/@humanwhocodes/object-schema/-/object-schema-1.2.1.tgz. Extracting by manifest.
944 silly tarball no local data for @humanwhocodes/module-importer@https://registry.npmjs.org/@humanwhocodes/module-importer/-/module-importer-1.0.1.tgz. Extracting by manifest.
945 silly tarball no local data for @humanwhocodes/config-array@https://registry.npmjs.org/@humanwhocodes/config-array/-/config-array-0.11.7.tgz. Extracting by manifest.
946 silly tarball no local data for @eslint/eslintrc@https://registry.npmjs.org/@eslint/eslintrc/-/eslintrc-1.3.3.tgz. Extracting by manifest.
947 silly tarball no local data for @csstools/selector-specificity@https://registry.npmjs.org/@csstools/selector-specificity/-/selector-specificity-2.0.2.tgz. Extracting by manifest.
948 silly tarball no local data for @csstools/postcss-unset-value@https://registry.npmjs.org/@csstools/postcss-unset-value/-/postcss-unset-value-1.0.2.tgz. Extracting by manifest.
949 silly tarball no local data for @csstools/postcss-trigonometric-functions@https://registry.npmjs.org/@csstools/postcss-trigonometric-functions/-/postcss-trigonometric-functions-1.0.2.tgz. Extracting by manifest.
950 silly tarball no local data for @csstools/postcss-text-decoration-shorthand@https://registry.npmjs.org/@csstools/postcss-text-decoration-shorthand/-/postcss-text-decoration-shorthand-1.0.0.tgz. Extracting by manifest.
951 silly tarball no local data for @csstools/postcss-stepped-value-functions@https://registry.npmjs.org/@csstools/postcss-stepped-value-functions/-/postcss-stepped-value-functions-1.0.1.tgz. Extracting by manifest.
952 silly tarball no local data for @csstools/postcss-progressive-custom-properties@https://registry.npmjs.org/@csstools/postcss-progressive-custom-properties/-/postcss-progressive-custom-properties-1.3.0.tgz. Extracting by manifest.
953 silly tarball no local data for @csstools/postcss-oklab-function@https://registry.npmjs.org/@csstools/postcss-oklab-function/-/postcss-oklab-function-1.1.1.tgz. Extracting by manifest.
954 silly tarball no local data for @csstools/postcss-normalize-display-values@https://registry.npmjs.org/@csstools/postcss-normalize-display-values/-/postcss-normalize-display-values-1.0.1.tgz. Extracting by manifest.
955 silly tarball no local data for @csstools/postcss-nested-calc@https://registry.npmjs.org/@csstools/postcss-nested-calc/-/postcss-nested-calc-1.0.0.tgz. Extracting by manifest.
956 silly tarball no local data for @csstools/postcss-is-pseudo-class@https://registry.npmjs.org/@csstools/postcss-is-pseudo-class/-/postcss-is-pseudo-class-2.0.7.tgz. Extracting by manifest.
957 silly tarball no local data for @csstools/postcss-ic-unit@https://registry.npmjs.org/@csstools/postcss-ic-unit/-/postcss-ic-unit-1.0.1.tgz. Extracting by manifest.
958 silly tarball no local data for @csstools/postcss-hwb-function@https://registry.npmjs.org/@csstools/postcss-hwb-function/-/postcss-hwb-function-1.0.2.tgz. Extracting by manifest.
959 silly tarball no local data for @csstools/postcss-font-format-keywords@https://registry.npmjs.org/@csstools/postcss-font-format-keywords/-/postcss-font-format-keywords-1.0.1.tgz. Extracting by manifest.
960 silly tarball no local data for @csstools/postcss-color-function@https://registry.npmjs.org/@csstools/postcss-color-function/-/postcss-color-function-1.1.1.tgz. Extracting by manifest.
961 silly tarball no local data for @csstools/postcss-cascade-layers@https://registry.npmjs.org/@csstools/postcss-cascade-layers/-/postcss-cascade-layers-1.1.1.tgz. Extracting by manifest.
962 silly tarball no local data for @csstools/normalize.css@https://registry.npmjs.org/@csstools/normalize.css/-/normalize.css-12.0.0.tgz. Extracting by manifest.
963 silly tarball no local data for @bcoe/v8-coverage@https://registry.npmjs.org/@bcoe/v8-coverage/-/v8-coverage-0.2.3.tgz. Extracting by manifest.
964 silly tarball no local data for @babel/types@https://registry.npmjs.org/@babel/types/-/types-7.20.5.tgz. Extracting by manifest.
965 silly tarball no local data for @babel/traverse@https://registry.npmjs.org/@babel/traverse/-/traverse-7.20.5.tgz. Extracting by manifest.
966 silly tarball no local data for @babel/template@https://registry.npmjs.org/@babel/template/-/template-7.18.10.tgz. Extracting by manifest.
967 silly tarball no local data for @babel/runtime-corejs3@https://registry.npmjs.org/@babel/runtime-corejs3/-/runtime-corejs3-7.20.6.tgz. Extracting by manifest.
968 silly tarball no local data for @babel/runtime@https://registry.npmjs.org/@babel/runtime/-/runtime-7.20.6.tgz. Extracting by manifest.
969 silly tarball no local data for @babel/preset-typescript@https://registry.npmjs.org/@babel/preset-typescript/-/preset-typescript-7.18.6.tgz. Extracting by manifest.
970 silly tarball no local data for @babel/preset-react@https://registry.npmjs.org/@babel/preset-react/-/preset-react-7.18.6.tgz. Extracting by manifest.
971 silly tarball no local data for @babel/preset-modules@https://registry.npmjs.org/@babel/preset-modules/-/preset-modules-0.1.5.tgz. Extracting by manifest.
972 silly tarball no local data for @babel/preset-env@https://registry.npmjs.org/@babel/preset-env/-/preset-env-7.20.2.tgz. Extracting by manifest.
973 silly tarball no local data for @babel/plugin-transform-unicode-regex@https://registry.npmjs.org/@babel/plugin-transform-unicode-regex/-/plugin-transform-unicode-regex-7.18.6.tgz. Extracting by manifest.
974 silly tarball no local data for @babel/plugin-transform-unicode-escapes@https://registry.npmjs.org/@babel/plugin-transform-unicode-escapes/-/plugin-transform-unicode-escapes-7.18.10.tgz. Extracting by manifest.
975 silly tarball no local data for @babel/plugin-transform-typescript@https://registry.npmjs.org/@babel/plugin-transform-typescript/-/plugin-transform-typescript-7.20.2.tgz. Extracting by manifest.
976 silly tarball no local data for @babel/plugin-transform-typeof-symbol@https://registry.npmjs.org/@babel/plugin-transform-typeof-symbol/-/plugin-transform-typeof-symbol-7.18.9.tgz. Extracting by manifest.
977 silly tarball no local data for @babel/plugin-transform-template-literals@https://registry.npmjs.org/@babel/plugin-transform-template-literals/-/plugin-transform-template-literals-7.18.9.tgz. Extracting by manifest.
978 silly tarball no local data for @babel/plugin-transform-sticky-regex@https://registry.npmjs.org/@babel/plugin-transform-sticky-regex/-/plugin-transform-sticky-regex-7.18.6.tgz. Extracting by manifest.
979 silly tarball no local data for @babel/plugin-transform-spread@https://registry.npmjs.org/@babel/plugin-transform-spread/-/plugin-transform-spread-7.19.0.tgz. Extracting by manifest.
980 silly tarball no local data for @babel/plugin-transform-shorthand-properties@https://registry.npmjs.org/@babel/plugin-transform-shorthand-properties/-/plugin-transform-shorthand-properties-7.18.6.tgz. Extracting by manifest.
981 silly tarball no local data for @babel/plugin-transform-runtime@https://registry.npmjs.org/@babel/plugin-transform-runtime/-/plugin-transform-runtime-7.19.6.tgz. Extracting by manifest.
982 silly tarball no local data for @babel/plugin-transform-reserved-words@https://registry.npmjs.org/@babel/plugin-transform-reserved-words/-/plugin-transform-reserved-words-7.18.6.tgz. Extracting by manifest.
983 silly tarball no local data for @babel/plugin-transform-regenerator@https://registry.npmjs.org/@babel/plugin-transform-regenerator/-/plugin-transform-regenerator-7.20.5.tgz. Extracting by manifest.
984 silly tarball no local data for @babel/plugin-transform-react-pure-annotations@https://registry.npmjs.org/@babel/plugin-transform-react-pure-annotations/-/plugin-transform-react-pure-annotations-7.18.6.tgz. Extracting by manifest.
985 silly tarball no local data for @babel/plugin-transform-react-jsx-development@https://registry.npmjs.org/@babel/plugin-transform-react-jsx-development/-/plugin-transform-react-jsx-development-7.18.6.tgz. Extracting by manifest.
986 silly tarball no local data for @babel/plugin-transform-react-jsx@https://registry.npmjs.org/@babel/plugin-transform-react-jsx/-/plugin-transform-react-jsx-7.19.0.tgz. Extracting by manifest.
987 silly tarball no local data for @babel/plugin-transform-react-display-name@https://registry.npmjs.org/@babel/plugin-transform-react-display-name/-/plugin-transform-react-display-name-7.18.6.tgz. Extracting by manifest.
988 silly tarball no local data for @babel/plugin-transform-react-constant-elements@https://registry.npmjs.org/@babel/plugin-transform-react-constant-elements/-/plugin-transform-react-constant-elements-7.20.2.tgz. Extracting by manifest.
989 silly tarball no local data for @babel/plugin-transform-property-literals@https://registry.npmjs.org/@babel/plugin-transform-property-literals/-/plugin-transform-property-literals-7.18.6.tgz. Extracting by manifest.
990 silly tarball no local data for @babel/plugin-transform-parameters@https://registry.npmjs.org/@babel/plugin-transform-parameters/-/plugin-transform-parameters-7.20.5.tgz. Extracting by manifest.
991 silly tarball no local data for @babel/plugin-transform-object-super@https://registry.npmjs.org/@babel/plugin-transform-object-super/-/plugin-transform-object-super-7.18.6.tgz. Extracting by manifest.
992 silly tarball no local data for @babel/plugin-transform-new-target@https://registry.npmjs.org/@babel/plugin-transform-new-target/-/plugin-transform-new-target-7.18.6.tgz. Extracting by manifest.
993 silly tarball no local data for @babel/plugin-transform-named-capturing-groups-regex@https://registry.npmjs.org/@babel/plugin-transform-named-capturing-groups-regex/-/plugin-transform-named-capturing-groups-regex-7.20.5.tgz. Extracting by manifest.
994 silly tarball no local data for @babel/plugin-transform-modules-umd@https://registry.npmjs.org/@babel/plugin-transform-modules-umd/-/plugin-transform-modules-umd-7.18.6.tgz. Extracting by manifest.
995 silly tarball no local data for @babel/plugin-transform-modules-systemjs@https://registry.npmjs.org/@babel/plugin-transform-modules-systemjs/-/plugin-transform-modules-systemjs-7.19.6.tgz. Extracting by manifest.
996 silly tarball no local data for @babel/plugin-transform-modules-commonjs@https://registry.npmjs.org/@babel/plugin-transform-modules-commonjs/-/plugin-transform-modules-commonjs-7.19.6.tgz. Extracting by manifest.
997 silly tarball no local data for @babel/plugin-transform-modules-amd@https://registry.npmjs.org/@babel/plugin-transform-modules-amd/-/plugin-transform-modules-amd-7.19.6.tgz. Extracting by manifest.
998 silly tarball no local data for @babel/plugin-transform-member-expression-literals@https://registry.npmjs.org/@babel/plugin-transform-member-expression-literals/-/plugin-transform-member-expression-literals-7.18.6.tgz. Extracting by manifest.
999 silly tarball no local data for @babel/plugin-transform-literals@https://registry.npmjs.org/@babel/plugin-transform-literals/-/plugin-transform-literals-7.18.9.tgz. Extracting by manifest.
1000 silly tarball no local data for @babel/plugin-transform-function-name@https://registry.npmjs.org/@babel/plugin-transform-function-name/-/plugin-transform-function-name-7.18.9.tgz. Extracting by manifest.
1001 silly tarball no local data for @babel/plugin-transform-for-of@https://registry.npmjs.org/@babel/plugin-transform-for-of/-/plugin-transform-for-of-7.18.8.tgz. Extracting by manifest.
1002 silly tarball no local data for @babel/plugin-transform-flow-strip-types@https://registry.npmjs.org/@babel/plugin-transform-flow-strip-types/-/plugin-transform-flow-strip-types-7.19.0.tgz. Extracting by manifest.
1003 silly tarball no local data for @babel/plugin-transform-exponentiation-operator@https://registry.npmjs.org/@babel/plugin-transform-exponentiation-operator/-/plugin-transform-exponentiation-operator-7.18.6.tgz. Extracting by manifest.
1004 silly tarball no local data for @babel/plugin-transform-duplicate-keys@https://registry.npmjs.org/@babel/plugin-transform-duplicate-keys/-/plugin-transform-duplicate-keys-7.18.9.tgz. Extracting by manifest.
1005 silly tarball no local data for @babel/plugin-transform-dotall-regex@https://registry.npmjs.org/@babel/plugin-transform-dotall-regex/-/plugin-transform-dotall-regex-7.18.6.tgz. Extracting by manifest.
1006 silly tarball no local data for @babel/plugin-transform-destructuring@https://registry.npmjs.org/@babel/plugin-transform-destructuring/-/plugin-transform-destructuring-7.20.2.tgz. Extracting by manifest.
1007 silly tarball no local data for @babel/plugin-transform-computed-properties@https://registry.npmjs.org/@babel/plugin-transform-computed-properties/-/plugin-transform-computed-properties-7.18.9.tgz. Extracting by manifest.
1008 silly tarball no local data for @babel/plugin-transform-classes@https://registry.npmjs.org/@babel/plugin-transform-classes/-/plugin-transform-classes-7.20.2.tgz. Extracting by manifest.
1009 silly tarball no local data for @babel/plugin-transform-block-scoping@https://registry.npmjs.org/@babel/plugin-transform-block-scoping/-/plugin-transform-block-scoping-7.20.5.tgz. Extracting by manifest.
1010 silly tarball no local data for @babel/plugin-transform-block-scoped-functions@https://registry.npmjs.org/@babel/plugin-transform-block-scoped-functions/-/plugin-transform-block-scoped-functions-7.18.6.tgz. Extracting by manifest.
1011 silly tarball no local data for @babel/plugin-transform-async-to-generator@https://registry.npmjs.org/@babel/plugin-transform-async-to-generator/-/plugin-transform-async-to-generator-7.18.6.tgz. Extracting by manifest.
1012 silly tarball no local data for @babel/plugin-transform-arrow-functions@https://registry.npmjs.org/@babel/plugin-transform-arrow-functions/-/plugin-transform-arrow-functions-7.18.6.tgz. Extracting by manifest.
1013 silly tarball no local data for @babel/plugin-syntax-typescript@https://registry.npmjs.org/@babel/plugin-syntax-typescript/-/plugin-syntax-typescript-7.20.0.tgz. Extracting by manifest.
1014 silly tarball no local data for @babel/plugin-syntax-top-level-await@https://registry.npmjs.org/@babel/plugin-syntax-top-level-await/-/plugin-syntax-top-level-await-7.14.5.tgz. Extracting by manifest.
1015 silly tarball no local data for @babel/plugin-syntax-private-property-in-object@https://registry.npmjs.org/@babel/plugin-syntax-private-property-in-object/-/plugin-syntax-private-property-in-object-7.14.5.tgz. Extracting by manifest.
1016 silly tarball no local data for @babel/plugin-syntax-optional-chaining@https://registry.npmjs.org/@babel/plugin-syntax-optional-chaining/-/plugin-syntax-optional-chaining-7.8.3.tgz. Extracting by manifest.
1017 silly tarball no local data for @babel/plugin-syntax-optional-catch-binding@https://registry.npmjs.org/@babel/plugin-syntax-optional-catch-binding/-/plugin-syntax-optional-catch-binding-7.8.3.tgz. Extracting by manifest.
1018 silly tarball no local data for @babel/plugin-syntax-object-rest-spread@https://registry.npmjs.org/@babel/plugin-syntax-object-rest-spread/-/plugin-syntax-object-rest-spread-7.8.3.tgz. Extracting by manifest.
1019 silly tarball no local data for @babel/plugin-syntax-numeric-separator@https://registry.npmjs.org/@babel/plugin-syntax-numeric-separator/-/plugin-syntax-numeric-separator-7.10.4.tgz. Extracting by manifest.
1020 silly tarball no local data for @babel/plugin-syntax-nullish-coalescing-operator@https://registry.npmjs.org/@babel/plugin-syntax-nullish-coalescing-operator/-/plugin-syntax-nullish-coalescing-operator-7.8.3.tgz. Extracting by manifest.
1021 silly tarball no local data for @babel/plugin-syntax-logical-assignment-operators@https://registry.npmjs.org/@babel/plugin-syntax-logical-assignment-operators/-/plugin-syntax-logical-assignment-operators-7.10.4.tgz. Extracting by manifest.
1022 silly tarball no local data for @babel/plugin-syntax-jsx@https://registry.npmjs.org/@babel/plugin-syntax-jsx/-/plugin-syntax-jsx-7.18.6.tgz. Extracting by manifest.
1023 silly tarball no local data for @babel/plugin-syntax-json-strings@https://registry.npmjs.org/@babel/plugin-syntax-json-strings/-/plugin-syntax-json-strings-7.8.3.tgz. Extracting by manifest.
1024 silly tarball no local data for @babel/plugin-syntax-import-meta@https://registry.npmjs.org/@babel/plugin-syntax-import-meta/-/plugin-syntax-import-meta-7.10.4.tgz. Extracting by manifest.
1025 silly tarball no local data for @babel/plugin-syntax-import-assertions@https://registry.npmjs.org/@babel/plugin-syntax-import-assertions/-/plugin-syntax-import-assertions-7.20.0.tgz. Extracting by manifest.
1026 silly tarball no local data for @babel/plugin-syntax-flow@https://registry.npmjs.org/@babel/plugin-syntax-flow/-/plugin-syntax-flow-7.18.6.tgz. Extracting by manifest.
1027 silly tarball no local data for @babel/plugin-syntax-export-namespace-from@https://registry.npmjs.org/@babel/plugin-syntax-export-namespace-from/-/plugin-syntax-export-namespace-from-7.8.3.tgz. Extracting by manifest.
1028 silly tarball no local data for @babel/plugin-syntax-dynamic-import@https://registry.npmjs.org/@babel/plugin-syntax-dynamic-import/-/plugin-syntax-dynamic-import-7.8.3.tgz. Extracting by manifest.
1029 silly tarball no local data for @babel/plugin-syntax-decorators@https://registry.npmjs.org/@babel/plugin-syntax-decorators/-/plugin-syntax-decorators-7.19.0.tgz. Extracting by manifest.
1030 silly tarball no local data for @babel/plugin-syntax-class-static-block@https://registry.npmjs.org/@babel/plugin-syntax-class-static-block/-/plugin-syntax-class-static-block-7.14.5.tgz. Extracting by manifest.
1031 silly tarball no local data for @babel/plugin-syntax-class-properties@https://registry.npmjs.org/@babel/plugin-syntax-class-properties/-/plugin-syntax-class-properties-7.12.13.tgz. Extracting by manifest.
1032 silly tarball no local data for @babel/plugin-syntax-bigint@https://registry.npmjs.org/@babel/plugin-syntax-bigint/-/plugin-syntax-bigint-7.8.3.tgz. Extracting by manifest.
1033 silly tarball no local data for @babel/plugin-syntax-async-generators@https://registry.npmjs.org/@babel/plugin-syntax-async-generators/-/plugin-syntax-async-generators-7.8.4.tgz. Extracting by manifest.
1034 silly tarball no local data for @babel/plugin-proposal-unicode-property-regex@https://registry.npmjs.org/@babel/plugin-proposal-unicode-property-regex/-/plugin-proposal-unicode-property-regex-7.18.6.tgz. Extracting by manifest.
1035 silly tarball no local data for @babel/plugin-proposal-private-property-in-object@https://registry.npmjs.org/@babel/plugin-proposal-private-property-in-object/-/plugin-proposal-private-property-in-object-7.20.5.tgz. Extracting by manifest.
1036 silly tarball no local data for @babel/plugin-proposal-private-methods@https://registry.npmjs.org/@babel/plugin-proposal-private-methods/-/plugin-proposal-private-methods-7.18.6.tgz. Extracting by manifest.
1037 silly tarball no local data for @babel/plugin-proposal-optional-chaining@https://registry.npmjs.org/@babel/plugin-proposal-optional-chaining/-/plugin-proposal-optional-chaining-7.18.9.tgz. Extracting by manifest.
1038 silly tarball no local data for @babel/plugin-proposal-optional-catch-binding@https://registry.npmjs.org/@babel/plugin-proposal-optional-catch-binding/-/plugin-proposal-optional-catch-binding-7.18.6.tgz. Extracting by manifest.
1039 silly tarball no local data for @babel/plugin-proposal-object-rest-spread@https://registry.npmjs.org/@babel/plugin-proposal-object-rest-spread/-/plugin-proposal-object-rest-spread-7.20.2.tgz. Extracting by manifest.
1040 silly tarball no local data for @babel/plugin-proposal-numeric-separator@https://registry.npmjs.org/@babel/plugin-proposal-numeric-separator/-/plugin-proposal-numeric-separator-7.18.6.tgz. Extracting by manifest.
1041 silly tarball no local data for @babel/plugin-proposal-nullish-coalescing-operator@https://registry.npmjs.org/@babel/plugin-proposal-nullish-coalescing-operator/-/plugin-proposal-nullish-coalescing-operator-7.18.6.tgz. Extracting by manifest.
1042 silly tarball no local data for @babel/plugin-proposal-logical-assignment-operators@https://registry.npmjs.org/@babel/plugin-proposal-logical-assignment-operators/-/plugin-proposal-logical-assignment-operators-7.18.9.tgz. Extracting by manifest.
1043 silly tarball no local data for @babel/plugin-proposal-json-strings@https://registry.npmjs.org/@babel/plugin-proposal-json-strings/-/plugin-proposal-json-strings-7.18.6.tgz. Extracting by manifest.
1044 silly tarball no local data for @babel/plugin-proposal-export-namespace-from@https://registry.npmjs.org/@babel/plugin-proposal-export-namespace-from/-/plugin-proposal-export-namespace-from-7.18.9.tgz. Extracting by manifest.
1045 silly tarball no local data for @babel/plugin-proposal-dynamic-import@https://registry.npmjs.org/@babel/plugin-proposal-dynamic-import/-/plugin-proposal-dynamic-import-7.18.6.tgz. Extracting by manifest.
1046 silly tarball no local data for @babel/plugin-proposal-decorators@https://registry.npmjs.org/@babel/plugin-proposal-decorators/-/plugin-proposal-decorators-7.20.5.tgz. Extracting by manifest.
1047 silly tarball no local data for @babel/plugin-proposal-class-static-block@https://registry.npmjs.org/@babel/plugin-proposal-class-static-block/-/plugin-proposal-class-static-block-7.18.6.tgz. Extracting by manifest.
1048 silly tarball no local data for @babel/plugin-proposal-class-properties@https://registry.npmjs.org/@babel/plugin-proposal-class-properties/-/plugin-proposal-class-properties-7.18.6.tgz. Extracting by manifest.
1049 silly tarball no local data for @babel/plugin-proposal-async-generator-functions@https://registry.npmjs.org/@babel/plugin-proposal-async-generator-functions/-/plugin-proposal-async-generator-functions-7.20.1.tgz. Extracting by manifest.
1050 silly tarball no local data for @babel/plugin-bugfix-v8-spread-parameters-in-optional-chaining@https://registry.npmjs.org/@babel/plugin-bugfix-v8-spread-parameters-in-optional-chaining/-/plugin-bugfix-v8-spread-parameters-in-optional-chaining-7.18.9.tgz. Extracting by manifest.
1051 silly tarball no local data for @babel/plugin-bugfix-safari-id-destructuring-collision-in-function-expression@https://registry.npmjs.org/@babel/plugin-bugfix-safari-id-destructuring-collision-in-function-expression/-/plugin-bugfix-safari-id-destructuring-collision-in-function-expression-7.18.6.tgz. Extracting by manifest.
1052 silly tarball no local data for @babel/parser@https://registry.npmjs.org/@babel/parser/-/parser-7.20.5.tgz. Extracting by manifest.
1053 silly tarball no local data for @babel/highlight@https://registry.npmjs.org/@babel/highlight/-/highlight-7.18.6.tgz. Extracting by manifest.
1054 silly tarball no local data for @babel/helpers@https://registry.npmjs.org/@babel/helpers/-/helpers-7.20.6.tgz. Extracting by manifest.
1055 silly tarball no local data for @babel/helper-wrap-function@https://registry.npmjs.org/@babel/helper-wrap-function/-/helper-wrap-function-7.20.5.tgz. Extracting by manifest.
1056 silly tarball no local data for @babel/helper-validator-option@https://registry.npmjs.org/@babel/helper-validator-option/-/helper-validator-option-7.18.6.tgz. Extracting by manifest.
1057 silly tarball no local data for @babel/helper-validator-identifier@https://registry.npmjs.org/@babel/helper-validator-identifier/-/helper-validator-identifier-7.19.1.tgz. Extracting by manifest.
1058 silly tarball no local data for @babel/helper-string-parser@https://registry.npmjs.org/@babel/helper-string-parser/-/helper-string-parser-7.19.4.tgz. Extracting by manifest.
1059 silly tarball no local data for @babel/helper-split-export-declaration@https://registry.npmjs.org/@babel/helper-split-export-declaration/-/helper-split-export-declaration-7.18.6.tgz. Extracting by manifest.
1060 silly tarball no local data for @babel/helper-skip-transparent-expression-wrappers@https://registry.npmjs.org/@babel/helper-skip-transparent-expression-wrappers/-/helper-skip-transparent-expression-wrappers-7.20.0.tgz. Extracting by manifest.
1061 silly tarball no local data for @babel/helper-simple-access@https://registry.npmjs.org/@babel/helper-simple-access/-/helper-simple-access-7.20.2.tgz. Extracting by manifest.
1062 silly tarball no local data for @babel/helper-replace-supers@https://registry.npmjs.org/@babel/helper-replace-supers/-/helper-replace-supers-7.19.1.tgz. Extracting by manifest.
1063 silly tarball no local data for @babel/helper-remap-async-to-generator@https://registry.npmjs.org/@babel/helper-remap-async-to-generator/-/helper-remap-async-to-generator-7.18.9.tgz. Extracting by manifest.
1064 silly tarball no local data for @babel/helper-plugin-utils@https://registry.npmjs.org/@babel/helper-plugin-utils/-/helper-plugin-utils-7.20.2.tgz. Extracting by manifest.
1065 silly tarball no local data for @babel/helper-optimise-call-expression@https://registry.npmjs.org/@babel/helper-optimise-call-expression/-/helper-optimise-call-expression-7.18.6.tgz. Extracting by manifest.
1066 silly tarball no local data for @babel/helper-module-transforms@https://registry.npmjs.org/@babel/helper-module-transforms/-/helper-module-transforms-7.20.2.tgz. Extracting by manifest.
1067 silly tarball no local data for @babel/helper-module-imports@https://registry.npmjs.org/@babel/helper-module-imports/-/helper-module-imports-7.18.6.tgz. Extracting by manifest.
1068 silly tarball no local data for @babel/helper-member-expression-to-functions@https://registry.npmjs.org/@babel/helper-member-expression-to-functions/-/helper-member-expression-to-functions-7.18.9.tgz. Extracting by manifest.
1069 silly tarball no local data for @babel/helper-hoist-variables@https://registry.npmjs.org/@babel/helper-hoist-variables/-/helper-hoist-variables-7.18.6.tgz. Extracting by manifest.
1070 silly tarball no local data for @babel/helper-function-name@https://registry.npmjs.org/@babel/helper-function-name/-/helper-function-name-7.19.0.tgz. Extracting by manifest.
1071 silly tarball no local data for @babel/helper-explode-assignable-expression@https://registry.npmjs.org/@babel/helper-explode-assignable-expression/-/helper-explode-assignable-expression-7.18.6.tgz. Extracting by manifest.
1072 silly tarball no local data for @babel/helper-environment-visitor@https://registry.npmjs.org/@babel/helper-environment-visitor/-/helper-environment-visitor-7.18.9.tgz. Extracting by manifest.
1073 silly tarball no local data for @babel/helper-define-polyfill-provider@https://registry.npmjs.org/@babel/helper-define-polyfill-provider/-/helper-define-polyfill-provider-0.3.3.tgz. Extracting by manifest.
1074 silly tarball no local data for @babel/helper-create-regexp-features-plugin@https://registry.npmjs.org/@babel/helper-create-regexp-features-plugin/-/helper-create-regexp-features-plugin-7.20.5.tgz. Extracting by manifest.
1075 silly tarball no local data for @babel/helper-create-class-features-plugin@https://registry.npmjs.org/@babel/helper-create-class-features-plugin/-/helper-create-class-features-plugin-7.20.5.tgz. Extracting by manifest.
1076 silly tarball no local data for @babel/helper-compilation-targets@https://registry.npmjs.org/@babel/helper-compilation-targets/-/helper-compilation-targets-7.20.0.tgz. Extracting by manifest.
1077 silly tarball no local data for @babel/helper-builder-binary-assignment-operator-visitor@https://registry.npmjs.org/@babel/helper-builder-binary-assignment-operator-visitor/-/helper-builder-binary-assignment-operator-visitor-7.18.9.tgz. Extracting by manifest.
1078 silly tarball no local data for @babel/helper-annotate-as-pure@https://registry.npmjs.org/@babel/helper-annotate-as-pure/-/helper-annotate-as-pure-7.18.6.tgz. Extracting by manifest.
1079 silly tarball no local data for @babel/generator@https://registry.npmjs.org/@babel/generator/-/generator-7.20.5.tgz. Extracting by manifest.
1080 silly tarball no local data for @babel/eslint-parser@https://registry.npmjs.org/@babel/eslint-parser/-/eslint-parser-7.19.1.tgz. Extracting by manifest.
1081 silly tarball no local data for @babel/core@https://registry.npmjs.org/@babel/core/-/core-7.20.5.tgz. Extracting by manifest.
1082 silly tarball no local data for @babel/compat-data@https://registry.npmjs.org/@babel/compat-data/-/compat-data-7.20.5.tgz. Extracting by manifest.
1083 silly tarball no local data for @babel/code-frame@https://registry.npmjs.org/@babel/code-frame/-/code-frame-7.18.6.tgz. Extracting by manifest.
1084 silly tarball no local data for @ampproject/remapping@https://registry.npmjs.org/@ampproject/remapping/-/remapping-2.2.0.tgz. Extracting by manifest.
1085 silly tarball no local data for @adobe/css-tools@https://registry.npmjs.org/@adobe/css-tools/-/css-tools-4.0.1.tgz. Extracting by manifest.
1086 silly tarball no local data for html-webpack-plugin@https://registry.npmjs.org/html-webpack-plugin/-/html-webpack-plugin-5.5.0.tgz. Extracting by manifest.
1087 http fetch GET 200 https://registry.npmjs.org/npm 2940ms
1088 silly tarball no local data for color-name@https://registry.npmjs.org/color-name/-/color-name-1.1.4.tgz. Extracting by manifest.
1089 silly tarball no local data for ansi-styles@https://registry.npmjs.org/ansi-styles/-/ansi-styles-4.3.0.tgz. Extracting by manifest.
1090 silly tarball no local data for source-map@https://registry.npmjs.org/source-map/-/source-map-0.6.1.tgz. Extracting by manifest.
1091 silly tarball no local data for color-convert@https://registry.npmjs.org/color-convert/-/color-convert-2.0.1.tgz. Extracting by manifest.
1092 silly tarball no local data for webpack-sources@https://registry.npmjs.org/webpack-sources/-/webpack-sources-1.4.3.tgz. Extracting by manifest.
1093 silly tarball no local data for whatwg-url@https://registry.npmjs.org/whatwg-url/-/whatwg-url-7.1.0.tgz. Extracting by manifest.
1094 silly tarball no local data for webidl-conversions@https://registry.npmjs.org/webidl-conversions/-/webidl-conversions-4.0.2.tgz. Extracting by manifest.
1095 silly tarball no local data for tr46@https://registry.npmjs.org/tr46/-/tr46-1.0.1.tgz. Extracting by manifest.
1096 silly tarball no local data for source-map@https://registry.npmjs.org/source-map/-/source-map-0.8.0-beta.0.tgz. Extracting by manifest.
1097 silly tarball no local data for json-schema-traverse@https://registry.npmjs.org/json-schema-traverse/-/json-schema-traverse-1.0.0.tgz. Extracting by manifest.
1098 silly tarball no local data for fs-extra@https://registry.npmjs.org/fs-extra/-/fs-extra-9.1.0.tgz. Extracting by manifest.
1099 silly tarball no local data for ajv@https://registry.npmjs.org/ajv/-/ajv-8.11.2.tgz. Extracting by manifest.
1100 silly tarball no local data for @apideck/better-ajv-errors@https://registry.npmjs.org/@apideck/better-ajv-errors/-/better-ajv-errors-0.3.6.tgz. Extracting by manifest.
1101 silly tarball no local data for iconv-lite@https://registry.npmjs.org/iconv-lite/-/iconv-lite-0.4.24.tgz. Extracting by manifest.
1102 silly tarball no local data for webpack-sources@https://registry.npmjs.org/webpack-sources/-/webpack-sources-2.3.1.tgz. Extracting by manifest.
1103 silly tarball no local data for source-map@https://registry.npmjs.org/source-map/-/source-map-0.6.1.tgz. Extracting by manifest.
1104 silly tarball no local data for ws@https://registry.npmjs.org/ws/-/ws-8.11.0.tgz. Extracting by manifest.
1105 silly tarball no local data for schema-utils@https://registry.npmjs.org/schema-utils/-/schema-utils-4.0.0.tgz. Extracting by manifest.
1106 silly tarball no local data for json-schema-traverse@https://registry.npmjs.org/json-schema-traverse/-/json-schema-traverse-1.0.0.tgz. Extracting by manifest.
1107 silly tarball no local data for ajv-keywords@https://registry.npmjs.org/ajv-keywords/-/ajv-keywords-5.1.0.tgz. Extracting by manifest.
1108 silly tarball no local data for ajv@https://registry.npmjs.org/ajv/-/ajv-8.11.2.tgz. Extracting by manifest.
1109 silly tarball no local data for schema-utils@https://registry.npmjs.org/schema-utils/-/schema-utils-4.0.0.tgz. Extracting by manifest.
1110 silly tarball no local data for json-schema-traverse@https://registry.npmjs.org/json-schema-traverse/-/json-schema-traverse-1.0.0.tgz. Extracting by manifest.
1111 silly tarball no local data for ajv-keywords@https://registry.npmjs.org/ajv-keywords/-/ajv-keywords-5.1.0.tgz. Extracting by manifest.
1112 silly tarball no local data for ajv@https://registry.npmjs.org/ajv/-/ajv-8.11.2.tgz. Extracting by manifest.
1113 silly tarball no local data for estraverse@https://registry.npmjs.org/estraverse/-/estraverse-4.3.0.tgz. Extracting by manifest.
1114 silly tarball no local data for eslint-scope@https://registry.npmjs.org/eslint-scope/-/eslint-scope-5.1.1.tgz. Extracting by manifest.
1115 silly tarball no local data for @types/estree@https://registry.npmjs.org/@types/estree/-/estree-0.0.51.tgz. Extracting by manifest.
1116 silly tarball no local data for tslib@https://registry.npmjs.org/tslib/-/tslib-1.14.1.tgz. Extracting by manifest.
1117 silly tarball no local data for strip-bom@https://registry.npmjs.org/strip-bom/-/strip-bom-3.0.0.tgz. Extracting by manifest.
1118 silly tarball no local data for json5@https://registry.npmjs.org/json5/-/json5-1.0.1.tgz. Extracting by manifest.
1119 silly tarball no local data for universalify@https://registry.npmjs.org/universalify/-/universalify-0.2.0.tgz. Extracting by manifest.
1120 silly tarball no local data for commander@https://registry.npmjs.org/commander/-/commander-2.20.3.tgz. Extracting by manifest.
1121 silly tarball no local data for type-fest@https://registry.npmjs.org/type-fest/-/type-fest-0.16.0.tgz. Extracting by manifest.
1122 silly tarball no local data for color-name@https://registry.npmjs.org/color-name/-/color-name-1.1.4.tgz. Extracting by manifest.
1123 silly tarball no local data for nth-check@https://registry.npmjs.org/nth-check/-/nth-check-1.0.2.tgz. Extracting by manifest.
1124 silly tarball no local data for domutils@https://registry.npmjs.org/domutils/-/domutils-1.7.0.tgz. Extracting by manifest.
1125 silly tarball no local data for domelementtype@https://registry.npmjs.org/domelementtype/-/domelementtype-1.3.1.tgz. Extracting by manifest.
1126 silly tarball no local data for dom-serializer@https://registry.npmjs.org/dom-serializer/-/dom-serializer-0.2.2.tgz. Extracting by manifest.
1127 silly tarball no local data for css-what@https://registry.npmjs.org/css-what/-/css-what-3.4.2.tgz. Extracting by manifest.
1128 silly tarball no local data for css-select@https://registry.npmjs.org/css-select/-/css-select-2.1.0.tgz. Extracting by manifest.
1129 silly tarball no local data for supports-color@https://registry.npmjs.org/supports-color/-/supports-color-7.2.0.tgz. Extracting by manifest.
1130 silly tarball no local data for has-flag@https://registry.npmjs.org/has-flag/-/has-flag-4.0.0.tgz. Extracting by manifest.
1131 silly tarball no local data for emoji-regex@https://registry.npmjs.org/emoji-regex/-/emoji-regex-8.0.0.tgz. Extracting by manifest.
1132 silly tarball no local data for escape-string-regexp@https://registry.npmjs.org/escape-string-regexp/-/escape-string-regexp-2.0.0.tgz. Extracting by manifest.
1133 silly tarball no local data for source-map@https://registry.npmjs.org/source-map/-/source-map-0.6.1.tgz. Extracting by manifest.
1134 silly tarball no local data for statuses@https://registry.npmjs.org/statuses/-/statuses-1.5.0.tgz. Extracting by manifest.
1135 silly tarball no local data for setprototypeof@https://registry.npmjs.org/setprototypeof/-/setprototypeof-1.1.0.tgz. Extracting by manifest.
1136 silly tarball no local data for ms@https://registry.npmjs.org/ms/-/ms-2.0.0.tgz. Extracting by manifest.
1137 silly tarball no local data for inherits@https://registry.npmjs.org/inherits/-/inherits-2.0.3.tgz. Extracting by manifest.
1138 silly tarball no local data for http-errors@https://registry.npmjs.org/http-errors/-/http-errors-1.6.3.tgz. Extracting by manifest.
1139 silly tarball no local data for depd@https://registry.npmjs.org/depd/-/depd-1.1.2.tgz. Extracting by manifest.
1140 silly tarball no local data for debug@https://registry.npmjs.org/debug/-/debug-2.6.9.tgz. Extracting by manifest.
1141 silly tarball no local data for ms@https://registry.npmjs.org/ms/-/ms-2.1.3.tgz. Extracting by manifest.
1142 silly tarball no local data for debug@https://registry.npmjs.org/debug/-/debug-2.6.9.tgz. Extracting by manifest.
1143 silly tarball no local data for ms@https://registry.npmjs.org/ms/-/ms-2.0.0.tgz. Extracting by manifest.
1144 silly tarball no local data for supports-color@https://registry.npmjs.org/supports-color/-/supports-color-7.2.0.tgz. Extracting by manifest.
1145 silly tarball no local data for serialize-javascript@https://registry.npmjs.org/serialize-javascript/-/serialize-javascript-4.0.0.tgz. Extracting by manifest.
1146 silly tarball no local data for jest-worker@https://registry.npmjs.org/jest-worker/-/jest-worker-26.6.2.tgz. Extracting by manifest.
1147 silly tarball no local data for has-flag@https://registry.npmjs.org/has-flag/-/has-flag-4.0.0.tgz. Extracting by manifest.
1148 silly tarball no local data for source-map@https://registry.npmjs.org/source-map/-/source-map-0.6.1.tgz. Extracting by manifest.
1149 silly tarball no local data for postcss@https://registry.npmjs.org/postcss/-/postcss-7.0.39.tgz. Extracting by manifest.
1150 silly tarball no local data for picocolors@https://registry.npmjs.org/picocolors/-/picocolors-0.2.1.tgz. Extracting by manifest.
1151 silly tarball no local data for jsesc@https://registry.npmjs.org/jsesc/-/jsesc-0.5.0.tgz. Extracting by manifest.
1152 silly tarball no local data for supports-color@https://registry.npmjs.org/supports-color/-/supports-color-7.2.0.tgz. Extracting by manifest.
1153 silly tarball no local data for loader-utils@https://registry.npmjs.org/loader-utils/-/loader-utils-3.2.1.tgz. Extracting by manifest.
1154 silly tarball no local data for has-flag@https://registry.npmjs.org/has-flag/-/has-flag-4.0.0.tgz. Extracting by manifest.
1155 silly tarball no local data for escape-string-regexp@https://registry.npmjs.org/escape-string-regexp/-/escape-string-regexp-4.0.0.tgz. Extracting by manifest.
1156 silly tarball no local data for color-name@https://registry.npmjs.org/color-name/-/color-name-1.1.4.tgz. Extracting by manifest.
1157 silly tarball no local data for color-convert@https://registry.npmjs.org/color-convert/-/color-convert-2.0.1.tgz. Extracting by manifest.
1158 silly tarball no local data for chalk@https://registry.npmjs.org/chalk/-/chalk-4.1.2.tgz. Extracting by manifest.
1159 silly tarball no local data for ansi-styles@https://registry.npmjs.org/ansi-styles/-/ansi-styles-4.3.0.tgz. Extracting by manifest.
1160 silly tarball no local data for iconv-lite@https://registry.npmjs.org/iconv-lite/-/iconv-lite-0.4.24.tgz. Extracting by manifest.
1161 silly tarball no local data for bytes@https://registry.npmjs.org/bytes/-/bytes-3.1.2.tgz. Extracting by manifest.
1162 silly tarball no local data for ipaddr.js@https://registry.npmjs.org/ipaddr.js/-/ipaddr.js-1.9.1.tgz. Extracting by manifest.
1163 silly tarball no local data for react-is@https://registry.npmjs.org/react-is/-/react-is-16.13.1.tgz. Extracting by manifest.
1164 silly tarball no local data for ansi-styles@https://registry.npmjs.org/ansi-styles/-/ansi-styles-5.2.0.tgz. Extracting by manifest.
1165 silly tarball no local data for svgo@https://registry.npmjs.org/svgo/-/svgo-2.8.0.tgz. Extracting by manifest.
1166 silly tarball no local data for source-map@https://registry.npmjs.org/source-map/-/source-map-0.6.1.tgz. Extracting by manifest.
1167 silly tarball no local data for mdn-data@https://registry.npmjs.org/mdn-data/-/mdn-data-2.0.14.tgz. Extracting by manifest.
1168 silly tarball no local data for css-tree@https://registry.npmjs.org/css-tree/-/css-tree-1.1.3.tgz. Extracting by manifest.
1169 silly tarball no local data for commander@https://registry.npmjs.org/commander/-/commander-7.2.0.tgz. Extracting by manifest.
1170 silly tarball no local data for path-exists@https://registry.npmjs.org/path-exists/-/path-exists-3.0.0.tgz. Extracting by manifest.
1171 silly tarball no local data for p-locate@https://registry.npmjs.org/p-locate/-/p-locate-3.0.0.tgz. Extracting by manifest.
1172 silly tarball no local data for p-limit@https://registry.npmjs.org/p-limit/-/p-limit-2.3.0.tgz. Extracting by manifest.
1173 silly tarball no local data for locate-path@https://registry.npmjs.org/locate-path/-/locate-path-3.0.0.tgz. Extracting by manifest.
1174 silly tarball no local data for find-up@https://registry.npmjs.org/find-up/-/find-up-3.0.0.tgz. Extracting by manifest.
1175 silly tarball no local data for p-locate@https://registry.npmjs.org/p-locate/-/p-locate-4.1.0.tgz. Extracting by manifest.
1176 silly tarball no local data for p-limit@https://registry.npmjs.org/p-limit/-/p-limit-2.3.0.tgz. Extracting by manifest.
1177 silly tarball no local data for locate-path@https://registry.npmjs.org/locate-path/-/locate-path-5.0.0.tgz. Extracting by manifest.
1178 silly tarball no local data for find-up@https://registry.npmjs.org/find-up/-/find-up-4.1.0.tgz. Extracting by manifest.
1179 silly tarball no local data for json-schema-traverse@https://registry.npmjs.org/json-schema-traverse/-/json-schema-traverse-1.0.0.tgz. Extracting by manifest.
1180 silly tarball no local data for ajv-keywords@https://registry.npmjs.org/ajv-keywords/-/ajv-keywords-5.1.0.tgz. Extracting by manifest.
1181 silly tarball no local data for schema-utils@https://registry.npmjs.org/schema-utils/-/schema-utils-4.0.0.tgz. Extracting by manifest.
1182 silly tarball no local data for ajv@https://registry.npmjs.org/ajv/-/ajv-8.11.2.tgz. Extracting by manifest.
1183 silly tarball no local data for semver@https://registry.npmjs.org/semver/-/semver-6.3.0.tgz. Extracting by manifest.
1184 silly tarball no local data for supports-color@https://registry.npmjs.org/supports-color/-/supports-color-8.1.1.tgz. Extracting by manifest.
1185 silly tarball no local data for has-flag@https://registry.npmjs.org/has-flag/-/has-flag-4.0.0.tgz. Extracting by manifest.
1186 silly tarball no local data for supports-color@https://registry.npmjs.org/supports-color/-/supports-color-7.2.0.tgz. Extracting by manifest.
1187 silly tarball no local data for has-flag@https://registry.npmjs.org/has-flag/-/has-flag-4.0.0.tgz. Extracting by manifest.
1188 silly tarball no local data for color-name@https://registry.npmjs.org/color-name/-/color-name-1.1.4.tgz. Extracting by manifest.
1189 silly tarball no local data for color-convert@https://registry.npmjs.org/color-convert/-/color-convert-2.0.1.tgz. Extracting by manifest.
1190 silly tarball no local data for chalk@https://registry.npmjs.org/chalk/-/chalk-4.1.2.tgz. Extracting by manifest.
1191 silly tarball no local data for ansi-styles@https://registry.npmjs.org/ansi-styles/-/ansi-styles-4.3.0.tgz. Extracting by manifest.
1192 silly tarball no local data for supports-color@https://registry.npmjs.org/supports-color/-/supports-color-7.2.0.tgz. Extracting by manifest.
1193 silly tarball no local data for strip-ansi@https://registry.npmjs.org/strip-ansi/-/strip-ansi-7.0.1.tgz. Extracting by manifest.
1194 silly tarball no local data for ansi-regex@https://registry.npmjs.org/ansi-regex/-/ansi-regex-6.0.1.tgz. Extracting by manifest.
1195 silly tarball no local data for string-length@https://registry.npmjs.org/string-length/-/string-length-5.0.1.tgz. Extracting by manifest.
1196 silly tarball no local data for char-regex@https://registry.npmjs.org/char-regex/-/char-regex-2.0.1.tgz. Extracting by manifest.
1197 silly tarball no local data for slash@https://registry.npmjs.org/slash/-/slash-4.0.0.tgz. Extracting by manifest.
1198 silly tarball no local data for react-is@https://registry.npmjs.org/react-is/-/react-is-18.2.0.tgz. Extracting by manifest.
1199 silly tarball no local data for pretty-format@https://registry.npmjs.org/pretty-format/-/pretty-format-28.1.3.tgz. Extracting by manifest.
1200 silly tarball no local data for ansi-styles@https://registry.npmjs.org/ansi-styles/-/ansi-styles-5.2.0.tgz. Extracting by manifest.
1201 silly tarball no local data for jest-watcher@https://registry.npmjs.org/jest-watcher/-/jest-watcher-28.1.3.tgz. Extracting by manifest.
1202 silly tarball no local data for strip-ansi@https://registry.npmjs.org/strip-ansi/-/strip-ansi-6.0.1.tgz. Extracting by manifest.
1203 silly tarball no local data for string-length@https://registry.npmjs.org/string-length/-/string-length-4.0.2.tgz. Extracting by manifest.
1204 silly tarball no local data for jest-util@https://registry.npmjs.org/jest-util/-/jest-util-28.1.3.tgz. Extracting by manifest.
1205 silly tarball no local data for jest-regex-util@https://registry.npmjs.org/jest-regex-util/-/jest-regex-util-28.0.2.tgz. Extracting by manifest.
1206 silly tarball no local data for jest-message-util@https://registry.npmjs.org/jest-message-util/-/jest-message-util-28.1.3.tgz. Extracting by manifest.
1207 silly tarball no local data for slash@https://registry.npmjs.org/slash/-/slash-3.0.0.tgz. Extracting by manifest.
1208 silly tarball no local data for has-flag@https://registry.npmjs.org/has-flag/-/has-flag-4.0.0.tgz. Extracting by manifest.
1209 silly tarball no local data for emittery@https://registry.npmjs.org/emittery/-/emittery-0.10.2.tgz. Extracting by manifest.
1210 silly tarball no local data for color-name@https://registry.npmjs.org/color-name/-/color-name-1.1.4.tgz. Extracting by manifest.
1211 silly tarball no local data for color-convert@https://registry.npmjs.org/color-convert/-/color-convert-2.0.1.tgz. Extracting by manifest.
1212 silly tarball no local data for chalk@https://registry.npmjs.org/chalk/-/chalk-4.1.2.tgz. Extracting by manifest.
1213 silly tarball no local data for ansi-styles@https://registry.npmjs.org/ansi-styles/-/ansi-styles-4.3.0.tgz. Extracting by manifest.
1214 silly tarball no local data for @types/yargs@https://registry.npmjs.org/@types/yargs/-/yargs-17.0.15.tgz. Extracting by manifest.
1215 silly tarball no local data for @jest/types@https://registry.npmjs.org/@jest/types/-/types-28.1.3.tgz. Extracting by manifest.
1216 silly tarball no local data for @jest/test-result@https://registry.npmjs.org/@jest/test-result/-/test-result-28.1.3.tgz. Extracting by manifest.
1217 silly tarball no local data for @jest/console@https://registry.npmjs.org/@jest/console/-/console-28.1.3.tgz. Extracting by manifest.
1218 silly tarball no local data for slash@https://registry.npmjs.org/slash/-/slash-3.0.0.tgz. Extracting by manifest.
1219 silly tarball no local data for supports-color@https://registry.npmjs.org/supports-color/-/supports-color-7.2.0.tgz. Extracting by manifest.
1220 silly tarball no local data for has-flag@https://registry.npmjs.org/has-flag/-/has-flag-4.0.0.tgz. Extracting by manifest.
1221 silly tarball no local data for color-name@https://registry.npmjs.org/color-name/-/color-name-1.1.4.tgz. Extracting by manifest.
1222 silly tarball no local data for color-convert@https://registry.npmjs.org/color-convert/-/color-convert-2.0.1.tgz. Extracting by manifest.
1223 silly tarball no local data for chalk@https://registry.npmjs.org/chalk/-/chalk-4.1.2.tgz. Extracting by manifest.
1224 silly tarball no local data for ansi-styles@https://registry.npmjs.org/ansi-styles/-/ansi-styles-4.3.0.tgz. Extracting by manifest.
1225 silly tarball no local data for supports-color@https://registry.npmjs.org/supports-color/-/supports-color-7.2.0.tgz. Extracting by manifest.
1226 silly tarball no local data for has-flag@https://registry.npmjs.org/has-flag/-/has-flag-4.0.0.tgz. Extracting by manifest.
1227 silly tarball no local data for color-name@https://registry.npmjs.org/color-name/-/color-name-1.1.4.tgz. Extracting by manifest.
1228 silly tarball no local data for color-convert@https://registry.npmjs.org/color-convert/-/color-convert-2.0.1.tgz. Extracting by manifest.
1229 silly tarball no local data for chalk@https://registry.npmjs.org/chalk/-/chalk-4.1.2.tgz. Extracting by manifest.
1230 silly tarball no local data for ansi-styles@https://registry.npmjs.org/ansi-styles/-/ansi-styles-4.3.0.tgz. Extracting by manifest.
1231 silly tarball no local data for supports-color@https://registry.npmjs.org/supports-color/-/supports-color-7.2.0.tgz. Extracting by manifest.
1232 silly tarball no local data for has-flag@https://registry.npmjs.org/has-flag/-/has-flag-4.0.0.tgz. Extracting by manifest.
1233 silly tarball no local data for color-name@https://registry.npmjs.org/color-name/-/color-name-1.1.4.tgz. Extracting by manifest.
1234 silly tarball no local data for color-convert@https://registry.npmjs.org/color-convert/-/color-convert-2.0.1.tgz. Extracting by manifest.
1235 silly tarball no local data for chalk@https://registry.npmjs.org/chalk/-/chalk-4.1.2.tgz. Extracting by manifest.
1236 silly tarball no local data for ansi-styles@https://registry.npmjs.org/ansi-styles/-/ansi-styles-4.3.0.tgz. Extracting by manifest.
1237 silly tarball no local data for supports-color@https://registry.npmjs.org/supports-color/-/supports-color-7.2.0.tgz. Extracting by manifest.
1238 silly tarball no local data for has-flag@https://registry.npmjs.org/has-flag/-/has-flag-4.0.0.tgz. Extracting by manifest.
1239 silly tarball no local data for color-name@https://registry.npmjs.org/color-name/-/color-name-1.1.4.tgz. Extracting by manifest.
1240 silly tarball no local data for color-convert@https://registry.npmjs.org/color-convert/-/color-convert-2.0.1.tgz. Extracting by manifest.
1241 silly tarball no local data for chalk@https://registry.npmjs.org/chalk/-/chalk-4.1.2.tgz. Extracting by manifest.
1242 silly tarball no local data for ansi-styles@https://registry.npmjs.org/ansi-styles/-/ansi-styles-4.3.0.tgz. Extracting by manifest.
1243 silly tarball no local data for supports-color@https://registry.npmjs.org/supports-color/-/supports-color-7.2.0.tgz. Extracting by manifest.
1244 silly tarball no local data for color-name@https://registry.npmjs.org/color-name/-/color-name-1.1.4.tgz. Extracting by manifest.
1245 silly tarball no local data for color-convert@https://registry.npmjs.org/color-convert/-/color-convert-2.0.1.tgz. Extracting by manifest.
1246 silly tarball no local data for has-flag@https://registry.npmjs.org/has-flag/-/has-flag-4.0.0.tgz. Extracting by manifest.
1247 silly tarball no local data for chalk@https://registry.npmjs.org/chalk/-/chalk-4.1.2.tgz. Extracting by manifest.
1248 silly tarball no local data for ansi-styles@https://registry.npmjs.org/ansi-styles/-/ansi-styles-4.3.0.tgz. Extracting by manifest.
1249 silly tarball no local data for supports-color@https://registry.npmjs.org/supports-color/-/supports-color-7.2.0.tgz. Extracting by manifest.
1250 silly tarball no local data for has-flag@https://registry.npmjs.org/has-flag/-/has-flag-4.0.0.tgz. Extracting by manifest.
1251 silly tarball no local data for color-name@https://registry.npmjs.org/color-name/-/color-name-1.1.4.tgz. Extracting by manifest.
1252 silly tarball no local data for color-convert@https://registry.npmjs.org/color-convert/-/color-convert-2.0.1.tgz. Extracting by manifest.
1253 silly tarball no local data for chalk@https://registry.npmjs.org/chalk/-/chalk-4.1.2.tgz. Extracting by manifest.
1254 silly tarball no local data for ansi-styles@https://registry.npmjs.org/ansi-styles/-/ansi-styles-4.3.0.tgz. Extracting by manifest.
1255 silly tarball no local data for supports-color@https://registry.npmjs.org/supports-color/-/supports-color-7.2.0.tgz. Extracting by manifest.
1256 silly tarball no local data for has-flag@https://registry.npmjs.org/has-flag/-/has-flag-4.0.0.tgz. Extracting by manifest.
1257 silly tarball no local data for color-name@https://registry.npmjs.org/color-name/-/color-name-1.1.4.tgz. Extracting by manifest.
1258 silly tarball no local data for color-convert@https://registry.npmjs.org/color-convert/-/color-convert-2.0.1.tgz. Extracting by manifest.
1259 silly tarball no local data for chalk@https://registry.npmjs.org/chalk/-/chalk-4.1.2.tgz. Extracting by manifest.
1260 silly tarball no local data for ansi-styles@https://registry.npmjs.org/ansi-styles/-/ansi-styles-4.3.0.tgz. Extracting by manifest.
1261 silly tarball no local data for supports-color@https://registry.npmjs.org/supports-color/-/supports-color-7.2.0.tgz. Extracting by manifest.
1262 silly tarball no local data for has-flag@https://registry.npmjs.org/has-flag/-/has-flag-4.0.0.tgz. Extracting by manifest.
1263 silly tarball no local data for color-name@https://registry.npmjs.org/color-name/-/color-name-1.1.4.tgz. Extracting by manifest.
1264 silly tarball no local data for color-convert@https://registry.npmjs.org/color-convert/-/color-convert-2.0.1.tgz. Extracting by manifest.
1265 silly tarball no local data for chalk@https://registry.npmjs.org/chalk/-/chalk-4.1.2.tgz. Extracting by manifest.
1266 silly tarball no local data for ansi-styles@https://registry.npmjs.org/ansi-styles/-/ansi-styles-4.3.0.tgz. Extracting by manifest.
1267 silly tarball no local data for supports-color@https://registry.npmjs.org/supports-color/-/supports-color-7.2.0.tgz. Extracting by manifest.
1268 silly tarball no local data for has-flag@https://registry.npmjs.org/has-flag/-/has-flag-4.0.0.tgz. Extracting by manifest.
1269 silly tarball no local data for color-name@https://registry.npmjs.org/color-name/-/color-name-1.1.4.tgz. Extracting by manifest.
1270 silly tarball no local data for color-convert@https://registry.npmjs.org/color-convert/-/color-convert-2.0.1.tgz. Extracting by manifest.
1271 silly tarball no local data for chalk@https://registry.npmjs.org/chalk/-/chalk-4.1.2.tgz. Extracting by manifest.
1272 silly tarball no local data for ansi-styles@https://registry.npmjs.org/ansi-styles/-/ansi-styles-4.3.0.tgz. Extracting by manifest.
1273 silly tarball no local data for supports-color@https://registry.npmjs.org/supports-color/-/supports-color-7.2.0.tgz. Extracting by manifest.
1274 silly tarball no local data for has-flag@https://registry.npmjs.org/has-flag/-/has-flag-4.0.0.tgz. Extracting by manifest.
1275 silly tarball no local data for color-name@https://registry.npmjs.org/color-name/-/color-name-1.1.4.tgz. Extracting by manifest.
1276 silly tarball no local data for color-convert@https://registry.npmjs.org/color-convert/-/color-convert-2.0.1.tgz. Extracting by manifest.
1277 silly tarball no local data for chalk@https://registry.npmjs.org/chalk/-/chalk-4.1.2.tgz. Extracting by manifest.
1278 silly tarball no local data for ansi-styles@https://registry.npmjs.org/ansi-styles/-/ansi-styles-4.3.0.tgz. Extracting by manifest.
1279 silly tarball no local data for supports-color@https://registry.npmjs.org/supports-color/-/supports-color-7.2.0.tgz. Extracting by manifest.
1280 silly tarball no local data for has-flag@https://registry.npmjs.org/has-flag/-/has-flag-4.0.0.tgz. Extracting by manifest.
1281 silly tarball no local data for color-name@https://registry.npmjs.org/color-name/-/color-name-1.1.4.tgz. Extracting by manifest.
1282 silly tarball no local data for color-convert@https://registry.npmjs.org/color-convert/-/color-convert-2.0.1.tgz. Extracting by manifest.
1283 silly tarball no local data for chalk@https://registry.npmjs.org/chalk/-/chalk-4.1.2.tgz. Extracting by manifest.
1284 silly tarball no local data for ansi-styles@https://registry.npmjs.org/ansi-styles/-/ansi-styles-4.3.0.tgz. Extracting by manifest.
1285 silly tarball no local data for supports-color@https://registry.npmjs.org/supports-color/-/supports-color-7.2.0.tgz. Extracting by manifest.
1286 silly tarball no local data for has-flag@https://registry.npmjs.org/has-flag/-/has-flag-4.0.0.tgz. Extracting by manifest.
1287 silly tarball no local data for color-name@https://registry.npmjs.org/color-name/-/color-name-1.1.4.tgz. Extracting by manifest.
1288 silly tarball no local data for color-convert@https://registry.npmjs.org/color-convert/-/color-convert-2.0.1.tgz. Extracting by manifest.
1289 silly tarball no local data for chalk@https://registry.npmjs.org/chalk/-/chalk-4.1.2.tgz. Extracting by manifest.
1290 silly tarball no local data for ansi-styles@https://registry.npmjs.org/ansi-styles/-/ansi-styles-4.3.0.tgz. Extracting by manifest.
1291 silly tarball no local data for supports-color@https://registry.npmjs.org/supports-color/-/supports-color-7.2.0.tgz. Extracting by manifest.
1292 silly tarball no local data for has-flag@https://registry.npmjs.org/has-flag/-/has-flag-4.0.0.tgz. Extracting by manifest.
1293 silly tarball no local data for color-name@https://registry.npmjs.org/color-name/-/color-name-1.1.4.tgz. Extracting by manifest.
1294 silly tarball no local data for color-convert@https://registry.npmjs.org/color-convert/-/color-convert-2.0.1.tgz. Extracting by manifest.
1295 silly tarball no local data for chalk@https://registry.npmjs.org/chalk/-/chalk-4.1.2.tgz. Extracting by manifest.
1296 silly tarball no local data for ansi-styles@https://registry.npmjs.org/ansi-styles/-/ansi-styles-4.3.0.tgz. Extracting by manifest.
1297 silly tarball no local data for supports-color@https://registry.npmjs.org/supports-color/-/supports-color-7.2.0.tgz. Extracting by manifest.
1298 silly tarball no local data for has-flag@https://registry.npmjs.org/has-flag/-/has-flag-4.0.0.tgz. Extracting by manifest.
1299 silly tarball no local data for color-name@https://registry.npmjs.org/color-name/-/color-name-1.1.4.tgz. Extracting by manifest.
1300 silly tarball no local data for color-convert@https://registry.npmjs.org/color-convert/-/color-convert-2.0.1.tgz. Extracting by manifest.
1301 silly tarball no local data for chalk@https://registry.npmjs.org/chalk/-/chalk-4.1.2.tgz. Extracting by manifest.
1302 silly tarball no local data for ansi-styles@https://registry.npmjs.org/ansi-styles/-/ansi-styles-4.3.0.tgz. Extracting by manifest.
1303 silly tarball no local data for supports-color@https://registry.npmjs.org/supports-color/-/supports-color-7.2.0.tgz. Extracting by manifest.
1304 silly tarball no local data for has-flag@https://registry.npmjs.org/has-flag/-/has-flag-4.0.0.tgz. Extracting by manifest.
1305 silly tarball no local data for color-name@https://registry.npmjs.org/color-name/-/color-name-1.1.4.tgz. Extracting by manifest.
1306 silly tarball no local data for color-convert@https://registry.npmjs.org/color-convert/-/color-convert-2.0.1.tgz. Extracting by manifest.
1307 silly tarball no local data for chalk@https://registry.npmjs.org/chalk/-/chalk-4.1.2.tgz. Extracting by manifest.
1308 silly tarball no local data for ansi-styles@https://registry.npmjs.org/ansi-styles/-/ansi-styles-4.3.0.tgz. Extracting by manifest.
1309 silly tarball no local data for source-map@https://registry.npmjs.org/source-map/-/source-map-0.6.1.tgz. Extracting by manifest.
1310 silly tarball no local data for supports-color@https://registry.npmjs.org/supports-color/-/supports-color-7.2.0.tgz. Extracting by manifest.
1311 silly tarball no local data for has-flag@https://registry.npmjs.org/has-flag/-/has-flag-4.0.0.tgz. Extracting by manifest.
1312 silly tarball no local data for semver@https://registry.npmjs.org/semver/-/semver-6.3.0.tgz. Extracting by manifest.
1313 silly tarball no local data for resolve-from@https://registry.npmjs.org/resolve-from/-/resolve-from-4.0.0.tgz. Extracting by manifest.
1314 silly tarball no local data for string_decoder@https://registry.npmjs.org/string_decoder/-/string_decoder-1.1.1.tgz. Extracting by manifest.
1315 silly tarball no local data for safe-buffer@https://registry.npmjs.org/safe-buffer/-/safe-buffer-5.1.2.tgz. Extracting by manifest.
1316 silly tarball no local data for readable-stream@https://registry.npmjs.org/readable-stream/-/readable-stream-2.3.7.tgz. Extracting by manifest.
1317 silly tarball no local data for which@https://registry.npmjs.org/which/-/which-1.3.1.tgz. Extracting by manifest.
1318 silly tarball no local data for tapable@https://registry.npmjs.org/tapable/-/tapable-1.1.3.tgz. Extracting by manifest.
1319 silly tarball no local data for supports-color@https://registry.npmjs.org/supports-color/-/supports-color-7.2.0.tgz. Extracting by manifest.
1320 silly tarball no local data for schema-utils@https://registry.npmjs.org/schema-utils/-/schema-utils-2.7.0.tgz. Extracting by manifest.
1321 silly tarball no local data for has-flag@https://registry.npmjs.org/has-flag/-/has-flag-4.0.0.tgz. Extracting by manifest.
1322 silly tarball no local data for fs-extra@https://registry.npmjs.org/fs-extra/-/fs-extra-9.1.0.tgz. Extracting by manifest.
1323 silly tarball no local data for cosmiconfig@https://registry.npmjs.org/cosmiconfig/-/cosmiconfig-6.0.0.tgz. Extracting by manifest.
1324 silly tarball no local data for color-name@https://registry.npmjs.org/color-name/-/color-name-1.1.4.tgz. Extracting by manifest.
1325 silly tarball no local data for color-convert@https://registry.npmjs.org/color-convert/-/color-convert-2.0.1.tgz. Extracting by manifest.
1326 silly tarball no local data for chalk@https://registry.npmjs.org/chalk/-/chalk-4.1.2.tgz. Extracting by manifest.
1327 silly tarball no local data for ansi-styles@https://registry.npmjs.org/ansi-styles/-/ansi-styles-4.3.0.tgz. Extracting by manifest.
1328 silly tarball no local data for ms@https://registry.npmjs.org/ms/-/ms-2.0.0.tgz. Extracting by manifest.
1329 silly tarball no local data for debug@https://registry.npmjs.org/debug/-/debug-2.6.9.tgz. Extracting by manifest.
1330 silly tarball no local data for minimatch@https://registry.npmjs.org/minimatch/-/minimatch-5.1.1.tgz. Extracting by manifest.
1331 silly tarball no local data for brace-expansion@https://registry.npmjs.org/brace-expansion/-/brace-expansion-2.0.1.tgz. Extracting by manifest.
1332 silly tarball no local data for glob-parent@https://registry.npmjs.org/glob-parent/-/glob-parent-5.1.2.tgz. Extracting by manifest.
1333 silly tarball no local data for ms@https://registry.npmjs.org/ms/-/ms-2.0.0.tgz. Extracting by manifest.
1334 silly tarball no local data for debug@https://registry.npmjs.org/debug/-/debug-2.6.9.tgz. Extracting by manifest.
1335 silly tarball no local data for array-flatten@https://registry.npmjs.org/array-flatten/-/array-flatten-1.1.1.tgz. Extracting by manifest.
1336 silly tarball no local data for supports-color@https://registry.npmjs.org/supports-color/-/supports-color-8.1.1.tgz. Extracting by manifest.
1337 silly tarball no local data for schema-utils@https://registry.npmjs.org/schema-utils/-/schema-utils-4.0.0.tgz. Extracting by manifest.
1338 silly tarball no local data for json-schema-traverse@https://registry.npmjs.org/json-schema-traverse/-/json-schema-traverse-1.0.0.tgz. Extracting by manifest.
1339 silly tarball no local data for jest-worker@https://registry.npmjs.org/jest-worker/-/jest-worker-28.1.3.tgz. Extracting by manifest.
1340 silly tarball no local data for has-flag@https://registry.npmjs.org/has-flag/-/has-flag-4.0.0.tgz. Extracting by manifest.
1341 silly tarball no local data for ajv-keywords@https://registry.npmjs.org/ajv-keywords/-/ajv-keywords-5.1.0.tgz. Extracting by manifest.
1342 silly tarball no local data for ajv@https://registry.npmjs.org/ajv/-/ajv-8.11.2.tgz. Extracting by manifest.
1343 silly tarball no local data for eslint-visitor-keys@https://registry.npmjs.org/eslint-visitor-keys/-/eslint-visitor-keys-2.1.0.tgz. Extracting by manifest.
1344 silly tarball no local data for semver@https://registry.npmjs.org/semver/-/semver-6.3.0.tgz. Extracting by manifest.
1345 silly tarball no local data for resolve@https://registry.npmjs.org/resolve/-/resolve-2.0.0-next.4.tgz. Extracting by manifest.
1346 silly tarball no local data for doctrine@https://registry.npmjs.org/doctrine/-/doctrine-2.1.0.tgz. Extracting by manifest.
1347 silly tarball no local data for semver@https://registry.npmjs.org/semver/-/semver-6.3.0.tgz. Extracting by manifest.
1348 silly tarball no local data for ms@https://registry.npmjs.org/ms/-/ms-2.0.0.tgz. Extracting by manifest.
1349 silly tarball no local data for doctrine@https://registry.npmjs.org/doctrine/-/doctrine-2.1.0.tgz. Extracting by manifest.
1350 silly tarball no local data for debug@https://registry.npmjs.org/debug/-/debug-2.6.9.tgz. Extracting by manifest.
1351 silly tarball no local data for debug@https://registry.npmjs.org/debug/-/debug-3.2.7.tgz. Extracting by manifest.
1352 silly tarball no local data for debug@https://registry.npmjs.org/debug/-/debug-3.2.7.tgz. Extracting by manifest.
1353 silly tarball no local data for type-fest@https://registry.npmjs.org/type-fest/-/type-fest-0.20.2.tgz. Extracting by manifest.
1354 silly tarball no local data for supports-color@https://registry.npmjs.org/supports-color/-/supports-color-7.2.0.tgz. Extracting by manifest.
1355 silly tarball no local data for js-yaml@https://registry.npmjs.org/js-yaml/-/js-yaml-4.1.0.tgz. Extracting by manifest.
1356 silly tarball no local data for has-flag@https://registry.npmjs.org/has-flag/-/has-flag-4.0.0.tgz. Extracting by manifest.
1357 silly tarball no local data for globals@https://registry.npmjs.org/globals/-/globals-13.18.0.tgz. Extracting by manifest.
1358 silly tarball no local data for escape-string-regexp@https://registry.npmjs.org/escape-string-regexp/-/escape-string-regexp-4.0.0.tgz. Extracting by manifest.
1359 silly tarball no local data for color-name@https://registry.npmjs.org/color-name/-/color-name-1.1.4.tgz. Extracting by manifest.
1360 silly tarball no local data for color-convert@https://registry.npmjs.org/color-convert/-/color-convert-2.0.1.tgz. Extracting by manifest.
1361 silly tarball no local data for chalk@https://registry.npmjs.org/chalk/-/chalk-4.1.2.tgz. Extracting by manifest.
1362 silly tarball no local data for argparse@https://registry.npmjs.org/argparse/-/argparse-2.0.1.tgz. Extracting by manifest.
1363 silly tarball no local data for ansi-styles@https://registry.npmjs.org/ansi-styles/-/ansi-styles-4.3.0.tgz. Extracting by manifest.
1364 silly tarball no local data for type-check@https://registry.npmjs.org/type-check/-/type-check-0.3.2.tgz. Extracting by manifest.
1365 silly tarball no local data for source-map@https://registry.npmjs.org/source-map/-/source-map-0.6.1.tgz. Extracting by manifest.
1366 silly tarball no local data for prelude-ls@https://registry.npmjs.org/prelude-ls/-/prelude-ls-1.1.2.tgz. Extracting by manifest.
1367 silly tarball no local data for levn@https://registry.npmjs.org/levn/-/levn-0.3.0.tgz. Extracting by manifest.
1368 silly tarball no local data for isarray@https://registry.npmjs.org/isarray/-/isarray-2.0.5.tgz. Extracting by manifest.
1369 silly tarball no local data for webidl-conversions@https://registry.npmjs.org/webidl-conversions/-/webidl-conversions-5.0.0.tgz. Extracting by manifest.
1370 silly tarball no local data for optionator@https://registry.npmjs.org/optionator/-/optionator-0.8.3.tgz. Extracting by manifest.
1371 silly tarball no local data for ms@https://registry.npmjs.org/ms/-/ms-2.0.0.tgz. Extracting by manifest.
1372 silly tarball no local data for debug@https://registry.npmjs.org/debug/-/debug-2.6.9.tgz. Extracting by manifest.
1373 silly tarball no local data for isarray@https://registry.npmjs.org/isarray/-/isarray-2.0.5.tgz. Extracting by manifest.
1374 silly tarball no local data for cssom@https://registry.npmjs.org/cssom/-/cssom-0.3.8.tgz. Extracting by manifest.
1375 silly tarball no local data for source-map@https://registry.npmjs.org/source-map/-/source-map-0.6.1.tgz. Extracting by manifest.
1376 silly tarball no local data for mdn-data@https://registry.npmjs.org/mdn-data/-/mdn-data-2.0.14.tgz. Extracting by manifest.
1377 silly tarball no local data for css-tree@https://registry.npmjs.org/css-tree/-/css-tree-1.1.3.tgz. Extracting by manifest.
1378 silly tarball no local data for source-map@https://registry.npmjs.org/source-map/-/source-map-0.6.1.tgz. Extracting by manifest.
1379 silly tarball no local data for source-map@https://registry.npmjs.org/source-map/-/source-map-0.6.1.tgz. Extracting by manifest.
1380 silly tarball no local data for schema-utils@https://registry.npmjs.org/schema-utils/-/schema-utils-4.0.0.tgz. Extracting by manifest.
1381 silly tarball no local data for json-schema-traverse@https://registry.npmjs.org/json-schema-traverse/-/json-schema-traverse-1.0.0.tgz. Extracting by manifest.
1382 silly tarball no local data for ajv-keywords@https://registry.npmjs.org/ajv-keywords/-/ajv-keywords-5.1.0.tgz. Extracting by manifest.
1383 silly tarball no local data for ajv@https://registry.npmjs.org/ajv/-/ajv-8.11.2.tgz. Extracting by manifest.
1384 silly tarball no local data for safe-buffer@https://registry.npmjs.org/safe-buffer/-/safe-buffer-5.1.2.tgz. Extracting by manifest.
1385 silly tarball no local data for ms@https://registry.npmjs.org/ms/-/ms-2.0.0.tgz. Extracting by manifest.
1386 silly tarball no local data for debug@https://registry.npmjs.org/debug/-/debug-2.6.9.tgz. Extracting by manifest.
1387 silly tarball no local data for source-map@https://registry.npmjs.org/source-map/-/source-map-0.6.1.tgz. Extracting by manifest.
1388 silly tarball no local data for glob-parent@https://registry.npmjs.org/glob-parent/-/glob-parent-5.1.2.tgz. Extracting by manifest.
1389 silly tarball no local data for ms@https://registry.npmjs.org/ms/-/ms-2.0.0.tgz. Extracting by manifest.
1390 silly tarball no local data for iconv-lite@https://registry.npmjs.org/iconv-lite/-/iconv-lite-0.4.24.tgz. Extracting by manifest.
1391 silly tarball no local data for debug@https://registry.npmjs.org/debug/-/debug-2.6.9.tgz. Extracting by manifest.
1392 silly tarball no local data for bytes@https://registry.npmjs.org/bytes/-/bytes-3.1.2.tgz. Extracting by manifest.
1393 silly tarball no local data for semver@https://registry.npmjs.org/semver/-/semver-6.3.0.tgz. Extracting by manifest.
1394 silly tarball no local data for schema-utils@https://registry.npmjs.org/schema-utils/-/schema-utils-2.7.1.tgz. Extracting by manifest.
1395 silly tarball no local data for supports-color@https://registry.npmjs.org/supports-color/-/supports-color-7.2.0.tgz. Extracting by manifest.
1396 silly tarball no local data for color-name@https://registry.npmjs.org/color-name/-/color-name-1.1.4.tgz. Extracting by manifest.
1397 silly tarball no local data for has-flag@https://registry.npmjs.org/has-flag/-/has-flag-4.0.0.tgz. Extracting by manifest.
1398 silly tarball no local data for color-convert@https://registry.npmjs.org/color-convert/-/color-convert-2.0.1.tgz. Extracting by manifest.
1399 silly tarball no local data for chalk@https://registry.npmjs.org/chalk/-/chalk-4.1.2.tgz. Extracting by manifest.
1400 silly tarball no local data for ansi-styles@https://registry.npmjs.org/ansi-styles/-/ansi-styles-4.3.0.tgz. Extracting by manifest.
1401 silly tarball no local data for form-data@https://registry.npmjs.org/form-data/-/form-data-4.0.0.tgz. Extracting by manifest.
1402 silly tarball no local data for json-schema-traverse@https://registry.npmjs.org/json-schema-traverse/-/json-schema-traverse-1.0.0.tgz. Extracting by manifest.
1403 silly tarball no local data for ajv@https://registry.npmjs.org/ajv/-/ajv-8.11.2.tgz. Extracting by manifest.
1404 silly tarball no local data for acorn@https://registry.npmjs.org/acorn/-/acorn-7.4.1.tgz. Extracting by manifest.
1405 silly tarball no local data for acorn@https://registry.npmjs.org/acorn/-/acorn-7.4.1.tgz. Extracting by manifest.
1406 silly tarball no local data for eslint-scope@https://registry.npmjs.org/eslint-scope/-/eslint-scope-5.1.1.tgz. Extracting by manifest.
1407 silly tarball no local data for estraverse@https://registry.npmjs.org/estraverse/-/estraverse-4.3.0.tgz. Extracting by manifest.
1408 silly tarball no local data for supports-color@https://registry.npmjs.org/supports-color/-/supports-color-7.2.0.tgz. Extracting by manifest.
1409 silly tarball no local data for pretty-format@https://registry.npmjs.org/pretty-format/-/pretty-format-29.3.1.tgz. Extracting by manifest.
1410 silly tarball no local data for ansi-styles@https://registry.npmjs.org/ansi-styles/-/ansi-styles-5.2.0.tgz. Extracting by manifest.
1411 silly tarball no local data for jest-util@https://registry.npmjs.org/jest-util/-/jest-util-29.3.1.tgz. Extracting by manifest.
1412 silly tarball no local data for jest-message-util@https://registry.npmjs.org/jest-message-util/-/jest-message-util-29.3.1.tgz. Extracting by manifest.
1413 silly tarball no local data for react-is@https://registry.npmjs.org/react-is/-/react-is-18.2.0.tgz. Extracting by manifest.
1414 silly tarball no local data for jest-matcher-utils@https://registry.npmjs.org/jest-matcher-utils/-/jest-matcher-utils-29.3.1.tgz. Extracting by manifest.
1415 silly tarball no local data for jest-diff@https://registry.npmjs.org/jest-diff/-/jest-diff-29.3.1.tgz. Extracting by manifest.
1416 silly tarball no local data for has-flag@https://registry.npmjs.org/has-flag/-/has-flag-4.0.0.tgz. Extracting by manifest.
1417 silly tarball no local data for expect@https://registry.npmjs.org/expect/-/expect-29.3.1.tgz. Extracting by manifest.
1418 silly tarball no local data for jest-get-type@https://registry.npmjs.org/jest-get-type/-/jest-get-type-29.2.0.tgz. Extracting by manifest.
1419 silly tarball no local data for diff-sequences@https://registry.npmjs.org/diff-sequences/-/diff-sequences-29.3.1.tgz. Extracting by manifest.
1420 silly tarball no local data for color-name@https://registry.npmjs.org/color-name/-/color-name-1.1.4.tgz. Extracting by manifest.
1421 silly tarball no local data for color-convert@https://registry.npmjs.org/color-convert/-/color-convert-2.0.1.tgz. Extracting by manifest.
1422 silly tarball no local data for chalk@https://registry.npmjs.org/chalk/-/chalk-4.1.2.tgz. Extracting by manifest.
1423 silly tarball no local data for ansi-styles@https://registry.npmjs.org/ansi-styles/-/ansi-styles-4.3.0.tgz. Extracting by manifest.
1424 silly tarball no local data for @types/yargs@https://registry.npmjs.org/@types/yargs/-/yargs-17.0.15.tgz. Extracting by manifest.
1425 silly tarball no local data for @jest/types@https://registry.npmjs.org/@jest/types/-/types-29.3.1.tgz. Extracting by manifest.
1426 silly tarball no local data for @jest/schemas@https://registry.npmjs.org/@jest/schemas/-/schemas-29.0.0.tgz. Extracting by manifest.
1427 silly tarball no local data for supports-color@https://registry.npmjs.org/supports-color/-/supports-color-7.2.0.tgz. Extracting by manifest.
1428 silly tarball no local data for has-flag@https://registry.npmjs.org/has-flag/-/has-flag-4.0.0.tgz. Extracting by manifest.
1429 silly tarball no local data for color-name@https://registry.npmjs.org/color-name/-/color-name-1.1.4.tgz. Extracting by manifest.
1430 silly tarball no local data for color-convert@https://registry.npmjs.org/color-convert/-/color-convert-2.0.1.tgz. Extracting by manifest.
1431 silly tarball no local data for chalk@https://registry.npmjs.org/chalk/-/chalk-3.0.0.tgz. Extracting by manifest.
1432 silly tarball no local data for aria-query@https://registry.npmjs.org/aria-query/-/aria-query-5.1.3.tgz. Extracting by manifest.
1433 silly tarball no local data for ansi-styles@https://registry.npmjs.org/ansi-styles/-/ansi-styles-4.3.0.tgz. Extracting by manifest.
1434 silly tarball no local data for supports-color@https://registry.npmjs.org/supports-color/-/supports-color-7.2.0.tgz. Extracting by manifest.
1435 silly tarball no local data for has-flag@https://registry.npmjs.org/has-flag/-/has-flag-4.0.0.tgz. Extracting by manifest.
1436 silly tarball no local data for color-name@https://registry.npmjs.org/color-name/-/color-name-1.1.4.tgz. Extracting by manifest.
1437 silly tarball no local data for color-convert@https://registry.npmjs.org/color-convert/-/color-convert-2.0.1.tgz. Extracting by manifest.
1438 silly tarball no local data for chalk@https://registry.npmjs.org/chalk/-/chalk-4.1.2.tgz. Extracting by manifest.
1439 silly tarball no local data for aria-query@https://registry.npmjs.org/aria-query/-/aria-query-5.1.3.tgz. Extracting by manifest.
1440 silly tarball no local data for ansi-styles@https://registry.npmjs.org/ansi-styles/-/ansi-styles-4.3.0.tgz. Extracting by manifest.
1441 silly tarball no local data for @types/estree@https://registry.npmjs.org/@types/estree/-/estree-0.0.39.tgz. Extracting by manifest.
1442 silly tarball no local data for estraverse@https://registry.npmjs.org/estraverse/-/estraverse-4.3.0.tgz. Extracting by manifest.
1443 silly tarball no local data for eslint-scope@https://registry.npmjs.org/eslint-scope/-/eslint-scope-5.1.1.tgz. Extracting by manifest.
1444 silly tarball no local data for @jridgewell/gen-mapping@https://registry.npmjs.org/@jridgewell/gen-mapping/-/gen-mapping-0.3.2.tgz. Extracting by manifest.
1445 silly tarball no local data for supports-color@https://registry.npmjs.org/supports-color/-/supports-color-7.2.0.tgz. Extracting by manifest.
1446 silly tarball no local data for has-flag@https://registry.npmjs.org/has-flag/-/has-flag-4.0.0.tgz. Extracting by manifest.
1447 silly tarball no local data for color-name@https://registry.npmjs.org/color-name/-/color-name-1.1.4.tgz. Extracting by manifest.
1448 silly tarball no local data for color-convert@https://registry.npmjs.org/color-convert/-/color-convert-2.0.1.tgz. Extracting by manifest.
1449 silly tarball no local data for chalk@https://registry.npmjs.org/chalk/-/chalk-4.1.2.tgz. Extracting by manifest.
1450 silly tarball no local data for ansi-styles@https://registry.npmjs.org/ansi-styles/-/ansi-styles-4.3.0.tgz. Extracting by manifest.
1451 silly tarball no local data for supports-color@https://registry.npmjs.org/supports-color/-/supports-color-7.2.0.tgz. Extracting by manifest.
1452 silly tarball no local data for source-map@https://registry.npmjs.org/source-map/-/source-map-0.6.1.tgz. Extracting by manifest.
1453 silly tarball no local data for has-flag@https://registry.npmjs.org/has-flag/-/has-flag-4.0.0.tgz. Extracting by manifest.
1454 silly tarball no local data for color-name@https://registry.npmjs.org/color-name/-/color-name-1.1.4.tgz. Extracting by manifest.
1455 silly tarball no local data for color-convert@https://registry.npmjs.org/color-convert/-/color-convert-2.0.1.tgz. Extracting by manifest.
1456 silly tarball no local data for chalk@https://registry.npmjs.org/chalk/-/chalk-4.1.2.tgz. Extracting by manifest.
1457 silly tarball no local data for ansi-styles@https://registry.npmjs.org/ansi-styles/-/ansi-styles-4.3.0.tgz. Extracting by manifest.
1458 silly tarball no local data for source-map@https://registry.npmjs.org/source-map/-/source-map-0.6.1.tgz. Extracting by manifest.
1459 silly tarball no local data for supports-color@https://registry.npmjs.org/supports-color/-/supports-color-7.2.0.tgz. Extracting by manifest.
1460 silly tarball no local data for source-map@https://registry.npmjs.org/source-map/-/source-map-0.6.1.tgz. Extracting by manifest.
1461 silly tarball no local data for has-flag@https://registry.npmjs.org/has-flag/-/has-flag-4.0.0.tgz. Extracting by manifest.
1462 silly tarball no local data for color-name@https://registry.npmjs.org/color-name/-/color-name-1.1.4.tgz. Extracting by manifest.
1463 silly tarball no local data for color-convert@https://registry.npmjs.org/color-convert/-/color-convert-2.0.1.tgz. Extracting by manifest.
1464 silly tarball no local data for chalk@https://registry.npmjs.org/chalk/-/chalk-4.1.2.tgz. Extracting by manifest.
1465 silly tarball no local data for ansi-styles@https://registry.npmjs.org/ansi-styles/-/ansi-styles-4.3.0.tgz. Extracting by manifest.
1466 silly tarball no local data for jest-get-type@https://registry.npmjs.org/jest-get-type/-/jest-get-type-29.2.0.tgz. Extracting by manifest.
1467 silly tarball no local data for supports-color@https://registry.npmjs.org/supports-color/-/supports-color-7.2.0.tgz. Extracting by manifest.
1468 silly tarball no local data for has-flag@https://registry.npmjs.org/has-flag/-/has-flag-4.0.0.tgz. Extracting by manifest.
1469 silly tarball no local data for color-name@https://registry.npmjs.org/color-name/-/color-name-1.1.4.tgz. Extracting by manifest.
1470 silly tarball no local data for color-convert@https://registry.npmjs.org/color-convert/-/color-convert-2.0.1.tgz. Extracting by manifest.
1471 silly tarball no local data for chalk@https://registry.npmjs.org/chalk/-/chalk-4.1.2.tgz. Extracting by manifest.
1472 silly tarball no local data for ansi-styles@https://registry.npmjs.org/ansi-styles/-/ansi-styles-4.3.0.tgz. Extracting by manifest.
1473 silly tarball no local data for supports-color@https://registry.npmjs.org/supports-color/-/supports-color-7.2.0.tgz. Extracting by manifest.
1474 silly tarball no local data for has-flag@https://registry.npmjs.org/has-flag/-/has-flag-4.0.0.tgz. Extracting by manifest.
1475 silly tarball no local data for color-name@https://registry.npmjs.org/color-name/-/color-name-1.1.4.tgz. Extracting by manifest.
1476 silly tarball no local data for color-convert@https://registry.npmjs.org/color-convert/-/color-convert-2.0.1.tgz. Extracting by manifest.
1477 silly tarball no local data for chalk@https://registry.npmjs.org/chalk/-/chalk-4.1.2.tgz. Extracting by manifest.
1478 silly tarball no local data for ansi-styles@https://registry.npmjs.org/ansi-styles/-/ansi-styles-4.3.0.tgz. Extracting by manifest.
1479 silly tarball no local data for p-locate@https://registry.npmjs.org/p-locate/-/p-locate-4.1.0.tgz. Extracting by manifest.
1480 silly tarball no local data for p-limit@https://registry.npmjs.org/p-limit/-/p-limit-2.3.0.tgz. Extracting by manifest.
1481 silly tarball no local data for locate-path@https://registry.npmjs.org/locate-path/-/locate-path-5.0.0.tgz. Extracting by manifest.
1482 silly tarball no local data for find-up@https://registry.npmjs.org/find-up/-/find-up-4.1.0.tgz. Extracting by manifest.
1483 silly tarball no local data for camelcase@https://registry.npmjs.org/camelcase/-/camelcase-5.3.1.tgz. Extracting by manifest.
1484 silly tarball no local data for type-fest@https://registry.npmjs.org/type-fest/-/type-fest-0.20.2.tgz. Extracting by manifest.
1485 silly tarball no local data for js-yaml@https://registry.npmjs.org/js-yaml/-/js-yaml-4.1.0.tgz. Extracting by manifest.
1486 silly tarball no local data for globals@https://registry.npmjs.org/globals/-/globals-13.18.0.tgz. Extracting by manifest.
1487 silly tarball no local data for argparse@https://registry.npmjs.org/argparse/-/argparse-2.0.1.tgz. Extracting by manifest.
1488 silly tarball no local data for semver@https://registry.npmjs.org/semver/-/semver-6.3.0.tgz. Extracting by manifest.
1489 silly tarball no local data for semver@https://registry.npmjs.org/semver/-/semver-6.3.0.tgz. Extracting by manifest.
1490 silly tarball no local data for semver@https://registry.npmjs.org/semver/-/semver-6.3.0.tgz. Extracting by manifest.
1491 silly tarball no local data for semver@https://registry.npmjs.org/semver/-/semver-6.3.0.tgz. Extracting by manifest.
1492 silly tarball no local data for @jridgewell/gen-mapping@https://registry.npmjs.org/@jridgewell/gen-mapping/-/gen-mapping-0.3.2.tgz. Extracting by manifest.
1493 silly tarball no local data for semver@https://registry.npmjs.org/semver/-/semver-6.3.0.tgz. Extracting by manifest.
1494 silly tarball no local data for eslint-visitor-keys@https://registry.npmjs.org/eslint-visitor-keys/-/eslint-visitor-keys-2.1.0.tgz. Extracting by manifest.
1495 silly tarball no local data for semver@https://registry.npmjs.org/semver/-/semver-6.3.0.tgz. Extracting by manifest.
1496 http fetch GET 200 https://registry.npmjs.org/yocto-queue/-/yocto-queue-0.1.0.tgz 2215ms (cache miss)
1497 http fetch POST 200 https://registry.npmjs.org/-/npm/v1/security/advisories/bulk 2735ms
1498 silly audit report {
1498 silly audit report   '@adobe/css-tools': [
1498 silly audit report     {
1498 silly audit report       id: 1094900,
1498 silly audit report       url: 'https://github.com/advisories/GHSA-hpx4-r86g-5jrg',
1498 silly audit report       title: '@adobe/css-tools Regular Expression Denial of Service (ReDOS) while Parsing CSS',
1498 silly audit report       severity: 'moderate',
1498 silly audit report       vulnerable_versions: '<4.3.1',
1498 silly audit report       cwe: [Array],
1498 silly audit report       cvss: [Object]
1498 silly audit report     },
1498 silly audit report     {
1498 silly audit report       id: 1095241,
1498 silly audit report       url: 'https://github.com/advisories/GHSA-prr3-c3m5-p7q2',
1498 silly audit report       title: '@adobe/css-tools Improper Input Validation and Inefficient Regular Expression Complexity',
1498 silly audit report       severity: 'moderate',
1498 silly audit report       vulnerable_versions: '<4.3.2',
1498 silly audit report       cwe: [Array],
1498 silly audit report       cvss: [Object]
1498 silly audit report     }
1498 silly audit report   ],
1498 silly audit report   semver: [
1498 silly audit report     {
1498 silly audit report       id: 1112921,
1498 silly audit report       url: 'https://github.com/advisories/GHSA-c2qf-rxjj-qqgw',
1498 silly audit report       title: 'semver vulnerable to Regular Expression Denial of Service',
1498 silly audit report       severity: 'high',
1498 silly audit report       vulnerable_versions: '>=7.0.0 <7.5.2',
1498 silly audit report       cwe: [Array],
1498 silly audit report       cvss: [Object]
1498 silly audit report     },
1498 silly audit report     {
1498 silly audit report       id: 1112922,
1498 silly audit report       url: 'https://github.com/advisories/GHSA-c2qf-rxjj-qqgw',
1498 silly audit report       title: 'semver vulnerable to Regular Expression Denial of Service',
1498 silly audit report       severity: 'high',
1498 silly audit report       vulnerable_versions: '>=6.0.0 <6.3.1',
1498 silly audit report       cwe: [Array],
1498 silly audit report       cvss: [Object]
1498 silly audit report     }
1498 silly audit report   ],
1498 silly audit report   '@babel/helpers': [
1498 silly audit report     {
1498 silly audit report       id: 1104001,
1498 silly audit report       url: 'https://github.com/advisories/GHSA-968p-4wvh-cqc8',
1498 silly audit report       title: 'Babel has inefficient RegExp complexity in generated code with .replace when transpiling named capturing groups',
1498 silly audit report       severity: 'moderate',
1498 silly audit report       vulnerable_versions: '<7.26.10',
1498 silly audit report       cwe: [Array],
1498 silly audit report       cvss: [Object]
1498 silly audit report     }
1498 silly audit report   ],
1498 silly audit report   '@babel/runtime': [
1498 silly audit report     {
1498 silly audit report       id: 1104000,
1498 silly audit report       url: 'https://github.com/advisories/GHSA-968p-4wvh-cqc8',
1498 silly audit report       title: 'Babel has inefficient RegExp complexity in generated code with .replace when transpiling named capturing groups',
1498 silly audit report       severity: 'moderate',
1498 silly audit report       vulnerable_versions: '<7.26.10',
1498 silly audit report       cwe: [Array],
1498 silly audit report       cvss: [Object]
1498 silly audit report     }
1498 silly audit report   ],
1498 silly audit report   '@babel/runtime-corejs3': [
1498 silly audit report     {
1498 silly audit report       id: 1103998,
1498 silly audit report       url: 'https://github.com/advisories/GHSA-968p-4wvh-cqc8',
1498 silly audit report       title: 'Babel has inefficient RegExp complexity in generated code with .replace when transpiling named capturing groups',
1498 silly audit report       severity: 'moderate',
1498 silly audit report       vulnerable_versions: '<7.26.10',
1498 silly audit report       cwe: [Array],
1498 silly audit report       cvss: [Object]
1498 silly audit report     }
1498 silly audit report   ],
1498 silly audit report   '@babel/traverse': [
1498 silly audit report     {
1498 silly audit report       id: 1117420,
1498 silly audit report       url: 'https://github.com/advisories/GHSA-67hx-6x53-jw92',
1498 silly audit report       title: 'Babel vulnerable to arbitrary code execution when compiling specifically crafted malicious code',
1498 silly audit report       severity: 'critical',
1498 silly audit report       vulnerable_versions: '<7.23.2',
1498 silly audit report       cwe: [Array],
1498 silly audit report       cvss: [Object]
1498 silly audit report     }
1498 silly audit report   ],
1498 silly audit report   'js-yaml': [
1498 silly audit report     {
1498 silly audit report       id: 1112714,
1498 silly audit report       url: 'https://github.com/advisories/GHSA-mh29-5h37-fv8m',
1498 silly audit report       title: 'js-yaml has prototype pollution in merge (<<)',
1498 silly audit report       severity: 'moderate',
1498 silly audit report       vulnerable_versions: '<3.14.2',
1498 silly audit report       cwe: [Array],
1498 silly audit report       cvss: [Object]
1498 silly audit report     },
1498 silly audit report     {
1498 silly audit report       id: 1112715,
1498 silly audit report       url: 'https://github.com/advisories/GHSA-mh29-5h37-fv8m',
1498 silly audit report       title: 'js-yaml has prototype pollution in merge (<<)',
1498 silly audit report       severity: 'moderate',
1498 silly audit report       vulnerable_versions: '>=4.0.0 <4.1.1',
1498 silly audit report       cwe: [Array],
1498 silly audit report       cvss: [Object]
1498 silly audit report     }
1498 silly audit report   ],
1498 silly audit report   '@tootallnate/once': [
1498 silly audit report     {
1498 silly audit report       id: 1113977,
1498 silly audit report       url: 'https://github.com/advisories/GHSA-vpq2-c234-7xj6',
1498 silly audit report       title: '@tootallnate/once vulnerable to Incorrect Control Flow Scoping',
1498 silly audit report       severity: 'low',
1498 silly audit report       vulnerable_versions: '<3.0.1',
1498 silly audit report       cwe: [Array],
1498 silly audit report       cvss: [Object]
1498 silly audit report     }
1498 silly audit report   ],
1498 silly audit report   ajv: [
1498 silly audit report     {
1498 silly audit report       id: 1113714,
1498 silly audit report       url: 'https://github.com/advisories/GHSA-2g4f-4pwh-qvx6',
1498 silly audit report       title: 'ajv has ReDoS when using `$data` option',
1498 silly audit report       severity: 'moderate',
1498 silly audit report       vulnerable_versions: '<6.14.0',
1498 silly audit report       cwe: [Array],
1498 silly audit report       cvss: [Object]
1498 silly audit report     },
1498 silly audit report     {
1498 silly audit report       id: 1113715,
1498 silly audit report       url: 'https://github.com/advisories/GHSA-2g4f-4pwh-qvx6',
1498 silly audit report       title: 'ajv has ReDoS when using `$data` option',
1498 silly audit report       severity: 'moderate',
1498 silly audit report       vulnerable_versions: '>=7.0.0-alpha.0 <8.18.0',
1498 silly audit report       cwe: [Array],
1498 silly audit report       cvss: [Object]
1498 silly audit report     }
1498 silly audit report   ],
1498 silly audit report   axios: [
1498 silly audit report     {
1498 silly audit report       id: 1111035,
1498 silly audit report       url: 'https://github.com/advisories/GHSA-jr5f-v2jv-69x6',
1498 silly audit report       title: 'axios Requests Vulnerable To Possible SSRF and Credential Leakage via Absolute URL',
1498 silly audit report       severity: 'high',
1498 silly audit report       vulnerable_versions: '>=1.0.0 <1.8.2',
1498 silly audit report       cwe: [Array],
1498 silly audit report       cvss: [Object]
1498 silly audit report     },
1498 silly audit report     {
1498 silly audit report       id: 1112195,
1498 silly audit report       url: 'https://github.com/advisories/GHSA-4hjh-wcwx-xvwj',
1498 silly audit report       title: 'Axios is vulnerable to DoS attack through lack of data size check',
1498 silly audit report       severity: 'high',
1498 silly audit report       vulnerable_versions: '>=1.0.0 <1.12.0',
1498 silly audit report       cwe: [Array],
1498 silly audit report       cvss: [Object]
1498 silly audit report     },
1498 silly audit report     {
1498 silly audit report       id: 1113275,
1498 silly audit report       url: 'https://github.com/advisories/GHSA-43fc-jf86-j433',
1498 silly audit report       title: 'Axios is Vulnerable to Denial of Service via __proto__ Key in mergeConfig',
1498 silly audit report       severity: 'high',
1498 silly audit report       vulnerable_versions: '>=1.0.0 <=1.13.4',
1498 silly audit report       cwe: [Array],
1498 silly audit report       cvss: [Object]
1498 silly audit report     },
1498 silly audit report     {
1498 silly audit report       id: 1116673,
1498 silly audit report       url: 'https://github.com/advisories/GHSA-3p68-rc4w-qgx5',
1498 silly audit report       title: 'Axios has a NO_PROXY Hostname Normalization Bypass that Leads to SSRF',
1498 silly audit report       severity: 'moderate',
1498 silly audit report       vulnerable_versions: '>=1.0.0 <1.15.0',
1498 silly audit report       cwe: [Array],
1498 silly audit report       cvss: [Object]
1498 silly audit report     },
1498 silly audit report     {
1498 silly audit report       id: 1116675,
1498 silly audit report       url: 'https://github.com/advisories/GHSA-fvcv-3m26-pcqx',
1498 silly audit report       title: 'Axios has Unrestricted Cloud Metadata Exfiltration via Header Injection Chain',
1498 silly audit report       severity: 'moderate',
1498 silly audit report       vulnerable_versions: '>=1.0.0 <1.15.0',
1498 silly audit report       cwe: [Array],
1498 silly audit report       cvss: [Object]
1498 silly audit report     },
1498 silly audit report     {
1498 silly audit report       id: 1117574,
1498 silly audit report       url: 'https://github.com/advisories/GHSA-w9j2-pvgh-6h63',
1498 silly audit report       title: 'Axios: Authentication Bypass via Prototype Pollution Gadget in `validateStatus` Merge Strategy',
1498 silly audit report       severity: 'moderate',
1498 silly audit report       vulnerable_versions: '>=1.0.0 <1.15.1',
1498 silly audit report       cwe: [Array],
1498 silly audit report       cvss: [Object]
1498 silly audit report     },
1498 silly audit report     {
1498 silly audit report       id: 1117576,
1498 silly audit report       url: 'https://github.com/advisories/GHSA-pmwg-cvhr-8vh7',
1498 silly audit report       title: 'Axios: Incomplete Fix for CVE-2025-62718 — NO_PROXY Protection Bypassed via RFC 1122 Loopback Subnet (127.0.0.0/8) in Axios 1.15.0',
1498 silly audit report       severity: 'high',
1498 silly audit report       vulnerable_versions: '>=1.0.0 <1.15.1',
1498 silly audit report       cwe: [Array],
1498 silly audit report       cvss: [Object]
1498 silly audit report     },
1498 silly audit report     {
1498 silly audit report       id: 1117577,
1498 silly audit report       url: 'https://github.com/advisories/GHSA-3w6x-2g7m-8v23',
1498 silly audit report       title: 'Axios: Invisible JSON Response Tampering via Prototype Pollution Gadget in `parseReviver`',
1498 silly audit report       severity: 'moderate',
1498 silly audit report       vulnerable_versions: '>=1.0.0 <1.15.2',
1498 silly audit report       cwe: [Array],
1498 silly audit report       cvss: [Object]
1498 silly audit report     },
1498 silly audit report     {
1498 silly audit report       id: 1117578,
1498 silly audit report       url: 'https://github.com/advisories/GHSA-q8qp-cvcw-x6jj',
1498 silly audit report       title: 'Axios has prototype pollution read-side gadgets in HTTP adapter that allow credential injection and request hijacking',
1498 silly audit report       severity: 'high',
1498 silly audit report       vulnerable_versions: '>=1.0.0 <1.15.2',
1498 silly audit report       cwe: [Array],
1498 silly audit report       cvss: [Object]
1498 silly audit report     },
1498 silly audit report     {
1498 silly audit report       id: 1117580,
1498 silly audit report       url: 'https://github.com/advisories/GHSA-xhjh-pmcv-23jw',
1498 silly audit report       title: 'Axios: Null Byte Injection via Reverse-Encoding in AxiosURLSearchParams',
1498 silly audit report       severity: 'low',
1498 silly audit report       vulnerable_versions: '>=1.0.0 <1.15.1',
1498 silly audit report       cwe: [Array],
1498 silly audit report       cvss: [Object]
1498 silly audit report     },
1498 silly audit report     {
1498 silly audit report       id: 1117581,
1498 silly audit report       url: 'https://github.com/advisories/GHSA-445q-vr5w-6q77',
1498 silly audit report       title: 'Axios: CRLF Injection in multipart/form-data body via unsanitized blob.type in formDataToStream',
1498 silly audit report       severity: 'moderate',
1498 silly audit report       vulnerable_versions: '>=1.0.0 <1.15.1',
1498 silly audit report       cwe: [Array],
1498 silly audit report       cvss: [Object]
1498 silly audit report     },
1498 silly audit report     {
1498 silly audit report       id: 1117583,
1498 silly audit report       url: 'https://github.com/advisories/GHSA-m7pr-hjqh-92cm',
1498 silly audit report       title: 'Axios: no_proxy bypass via IP alias allows SSRF',
1498 silly audit report       severity: 'moderate',
1498 silly audit report       vulnerable_versions: '>=1.0.0 <1.15.1',
1498 silly audit report       cwe: [Array],
1498 silly audit report       cvss: [Object]
1498 silly audit report     },
1498 silly audit report     {
1498 silly audit report       id: 1117585,
1498 silly audit report       url: 'https://github.com/advisories/GHSA-62hf-57xw-28j9',
1498 silly audit report       title: 'Axios: unbounded recursion in toFormData causes DoS via deeply nested request data',
1498 silly audit report       severity: 'moderate',
1498 silly audit report       vulnerable_versions: '>=1.0.0 <1.15.1',
1498 silly audit report       cwe: [Array],
1498 silly audit report       cvss: [Object]
1498 silly audit report     },
1498 silly audit report     {
1498 silly audit report       id: 1117587,
1498 silly audit report       url: 'https://github.com/advisories/GHSA-5c9x-8gcm-mpgx',
1498 silly audit report       title: "Axios' HTTP adapter-streamed uploads bypass maxBodyLength when maxRedirects: 0",
1498 silly audit report       severity: 'moderate',
1498 silly audit report       vulnerable_versions: '>=1.0.0 <1.15.1',
1498 silly audit report       cwe: [Array],
1498 silly audit report       cvss: [Object]
1498 silly audit report     },
1498 silly audit report     {
1498 silly audit report       id: 1117589,
1498 silly audit report       url: 'https://github.com/advisories/GHSA-vf2m-468p-8v99',
1498 silly audit report       title: 'Axios: HTTP adapter streamed responses bypass maxContentLength',
1498 silly audit report       severity: 'moderate',
1498 silly audit report       vulnerable_versions: '>=1.0.0 <1.15.1',
1498 silly audit report       cwe: [Array],
1498 silly audit report       cvss: [Object]
1498 silly audit report     },
1498 silly audit report     {
1498 silly audit report       id: 1117591,
1498 silly audit report       url: 'https://github.com/advisories/GHSA-pf86-5x62-jrwf',
1498 silly audit report       title: 'Axios: Prototype Pollution Gadgets - Response Tampering, Data Exfiltration, and Request Hijacking',
1498 silly audit report       severity: 'high',
1498 silly audit report       vulnerable_versions: '>=1.0.0 <1.15.1',
1498 silly audit report       cwe: [Array],
1498 silly audit report       cvss: [Object]
1498 silly audit report     },
1498 silly audit report     {
1498 silly audit report       id: 1117593,
1498 silly audit report       url: 'https://github.com/advisories/GHSA-6chq-wfr3-2hj9',
1498 silly audit report       title: 'Axios: Header Injection via Prototype Pollution',
1498 silly audit report       severity: 'high',
1498 silly audit report       vulnerable_versions: '>=1.0.0 <1.15.1',
1498 silly audit report       cwe: [Array],
1498 silly audit report       cvss: [Object]
1498 silly audit report     },
1498 silly audit report     {
1498 silly audit report       id: 1117595,
1498 silly audit report       url: 'https://github.com/advisories/GHSA-xx6v-rp6x-q39c',
1498 silly audit report       title: 'Axios: XSRF Token Cross-Origin Leakage via Prototype Pollution Gadget in `withXSRFToken` Boolean Coercion',
1498 silly audit report       severity: 'moderate',
1498 silly audit report       vulnerable_versions: '>=1.0.0 <1.15.1',
1498 silly audit report       cwe: [Array],
1498 silly audit report       cvss: [Object]
1498 silly audit report     },
1498 silly audit report     {
1498 silly audit report       id: 1097680,
1498 silly audit report       url: 'https://github.com/advisories/GHSA-wf5p-g6vw-rhxx',
1498 silly audit report       title: 'Axios Cross-Site Request Forgery Vulnerability',
1498 silly audit report       severity: 'moderate',
1498 silly audit report       vulnerable_versions: '>=1.0.0 <1.6.0',
1498 silly audit report       cwe: [Array],
1498 silly audit report       cvss: [Object]
1498 silly audit report     }
1498 silly audit report   ],
1498 silly audit report   'form-data': [
1498 silly audit report     {
1498 silly audit report       id: 1109538,
1498 silly audit report       url: 'https://github.com/advisories/GHSA-fjxv-7rqg-78g4',
1498 silly audit report       title: 'form-data uses unsafe random function in form-data for choosing boundary',
1498 silly audit report       severity: 'critical',
1498 silly audit report       vulnerable_versions: '>=4.0.0 <4.0.4',
1498 silly audit report       cwe: [Array],
1498 silly audit report       cvss: [Object]
1498 silly audit report     },
1498 silly audit report     {
1498 silly audit report       id: 1109539,
1498 silly audit report       url: 'https://github.com/advisories/GHSA-fjxv-7rqg-78g4',
1498 silly audit report       title: 'form-data uses unsafe random function in form-data for choosing boundary',
1498 silly audit report       severity: 'critical',
1498 silly audit report       vulnerable_versions: '>=3.0.0 <3.0.4',
1498 silly audit report       cwe: [Array],
1498 silly audit report       cvss: [Object]
1498 silly audit report     }
1498 silly audit report   ],
1498 silly audit report   'body-parser': [
1498 silly audit report     {
1498 silly audit report       id: 1099520,
1498 silly audit report       url: 'https://github.com/advisories/GHSA-qwcr-r2fm-qrc7',
1498 silly audit report       title: 'body-parser vulnerable to denial of service when url encoding is enabled',
1498 silly audit report       severity: 'high',
1498 silly audit report       vulnerable_versions: '<1.20.3',
1498 silly audit report       cwe: [Array],
1498 silly audit report       cvss: [Object]
1498 silly audit report     }
1498 silly audit report   ],
1498 silly audit report   'brace-expansion': [
1498 silly audit report     {
1498 silly audit report       id: 1105443,
1498 silly audit report       url: 'https://github.com/advisories/GHSA-v6h2-p8h4-qcjw',
1498 silly audit report       title: 'brace-expansion Regular Expression Denial of Service vulnerability',
1498 silly audit report       severity: 'low',
1498 silly audit report       vulnerable_versions: '>=1.0.0 <=1.1.11',
1498 silly audit report       cwe: [Array],
1498 silly audit report       cvss: [Object]
1498 silly audit report     },
1498 silly audit report     {
1498 silly audit report       id: 1105444,
1498 silly audit report       url: 'https://github.com/advisories/GHSA-v6h2-p8h4-qcjw',
1498 silly audit report       title: 'brace-expansion Regular Expression Denial of Service vulnerability',
1498 silly audit report       severity: 'low',
1498 silly audit report       vulnerable_versions: '>=2.0.0 <=2.0.1',
1498 silly audit report       cwe: [Array],
1498 silly audit report       cvss: [Object]
1498 silly audit report     },
1498 silly audit report     {
1498 silly audit report       id: 1115540,
1498 silly audit report       url: 'https://github.com/advisories/GHSA-f886-m6hf-6m8v',
1498 silly audit report       title: 'brace-expansion: Zero-step sequence causes process hang and memory exhaustion',
1498 silly audit report       severity: 'moderate',
1498 silly audit report       vulnerable_versions: '<1.1.13',
1498 silly audit report       cwe: [Array],
1498 silly audit report       cvss: [Object]
1498 silly audit report     },
1498 silly audit report     {
1498 silly audit report       id: 1115541,
1498 silly audit report       url: 'https://github.com/advisories/GHSA-f886-m6hf-6m8v',
1498 silly audit report       title: 'brace-expansion: Zero-step sequence causes process hang and memory exhaustion',
1498 silly audit report       severity: 'moderate',
1498 silly audit report       vulnerable_versions: '>=2.0.0 <2.0.3',
1498 silly audit report       cwe: [Array],
1498 silly audit report       cvss: [Object]
1498 silly audit report     }
1498 silly audit report   ],
1498 silly audit report   braces: [
1498 silly audit report     {
1498 silly audit report       id: 1098094,
1498 silly audit report       url: 'https://github.com/advisories/GHSA-grv7-fg5c-xmjg',
1498 silly audit report       title: 'Uncontrolled resource consumption in braces',
1498 silly audit report       severity: 'high',
1498 silly audit report       vulnerable_versions: '<3.0.3',
1498 silly audit report       cwe: [Array],
1498 silly audit report       cvss: [Object]
1498 silly audit report     }
1498 silly audit report   ],
1498 silly audit report   cookie: [
1498 silly audit report     {
1498 silly audit report       id: 1103907,
1498 silly audit report       url: 'https://github.com/advisories/GHSA-pxg6-pf52-xh8x',
1498 silly audit report       title: 'cookie accepts cookie name, path, and domain with out of bounds characters',
1498 silly audit report       severity: 'low',
1498 silly audit report       vulnerable_versions: '<0.7.0',
1498 silly audit report       cwe: [Array],
1498 silly audit report       cvss: [Object]
1498 silly audit report     }
1498 silly audit report   ],
1498 silly audit report   'cross-spawn': [
1498 silly audit report     {
1498 silly audit report       id: 1104664,
1498 silly audit report       url: 'https://github.com/advisories/GHSA-3xgq-45jj-v275',
1498 silly audit report       title: 'Regular Expression Denial of Service (ReDoS) in cross-spawn',
1498 silly audit report       severity: 'high',
1498 silly audit report       vulnerable_versions: '>=7.0.0 <7.0.5',
1498 silly audit report       cwe: [Array],
1498 silly audit report       cvss: [Object]
1498 silly audit report     }
1498 silly audit report   ],
1498 silly audit report   ejs: [
1498 silly audit report     {
1498 silly audit report       id: 1098366,
1498 silly audit report       url: 'https://github.com/advisories/GHSA-ghr5-ch3p-vcr6',
1498 silly audit report       title: 'ejs lacks certain pollution protection',
1498 silly audit report       severity: 'moderate',
1498 silly audit report       vulnerable_versions: '<3.1.10',
1498 silly audit report       cwe: [Array],
1498 silly audit report       cvss: [Object]
1498 silly audit report     }
1498 silly audit report   ],
1498 silly audit report   express: [
1498 silly audit report     {
1498 silly audit report       id: 1100530,
1498 silly audit report       url: 'https://github.com/advisories/GHSA-qw6h-vgh9-j6wx',
1498 silly audit report       title: 'express vulnerable to XSS via response.redirect()',
1498 silly audit report       severity: 'low',
1498 silly audit report       vulnerable_versions: '<4.20.0',
1498 silly audit report       cwe: [Array],
1498 silly audit report       cvss: [Object]
1498 silly audit report     },
1498 silly audit report     {
1498 silly audit report       id: 1111636,
1498 silly audit report       url: 'https://github.com/advisories/GHSA-rv95-896h-c2vc',
1498 silly audit report       title: 'Express.js Open Redirect in malformed URLs',
1498 silly audit report       severity: 'moderate',
1498 silly audit report       vulnerable_versions: '<4.19.2',
1498 silly audit report       cwe: [Array],
1498 silly audit report       cvss: [Object]
1498 silly audit report     }
1498 silly audit report   ],
1498 silly audit report   minimatch: [
1498 silly audit report     {
1498 silly audit report       id: 1113459,
1498 silly audit report       url: 'https://github.com/advisories/GHSA-3ppc-4f35-3m26',
1498 silly audit report       title: 'minimatch has a ReDoS via repeated wildcards with non-matching literal in pattern',
1498 silly audit report       severity: 'high',
1498 silly audit report       vulnerable_versions: '<3.1.3',
1498 silly audit report       cwe: [Array],
1498 silly audit report       cvss: [Object]
1498 silly audit report     },
1498 silly audit report     {
1498 silly audit report       id: 1113461,
1498 silly audit report       url: 'https://github.com/advisories/GHSA-3ppc-4f35-3m26',
1498 silly audit report       title: 'minimatch has a ReDoS via repeated wildcards with non-matching literal in pattern',
1498 silly audit report       severity: 'high',
1498 silly audit report       vulnerable_versions: '>=5.0.0 <5.1.7',
1498 silly audit report       cwe: [Array],
1498 silly audit report       cvss: [Object]
1498 silly audit report     },
1498 silly audit report     {
1498 silly audit report       id: 1113538,
1498 silly audit report       url: 'https://github.com/advisories/GHSA-7r86-cg39-jmmj',
1498 silly audit report       title: 'minimatch has ReDoS: matchOne() combinatorial backtracking via multiple non-adjacent GLOBSTAR segments',
1498 silly audit report       severity: 'high',
1498 silly audit report       vulnerable_versions: '<3.1.3',
1498 silly audit report       cwe: [Array],
1498 silly audit report       cvss: [Object]
1498 silly audit report     },
1498 silly audit report     {
1498 silly audit report       id: 1113540,
1498 silly audit report       url: 'https://github.com/advisories/GHSA-7r86-cg39-jmmj',
1498 silly audit report       title: 'minimatch has ReDoS: matchOne() combinatorial backtracking via multiple non-adjacent GLOBSTAR segments',
1498 silly audit report       severity: 'high',
1498 silly audit report       vulnerable_versions: '>=5.0.0 <5.1.8',
1498 silly audit report       cwe: [Array],
1498 silly audit report       cvss: [Object]
1498 silly audit report     },
1498 silly audit report     {
1498 silly audit report       id: 1113546,
1498 silly audit report       url: 'https://github.com/advisories/GHSA-23c5-xmqv-rm74',
1498 silly audit report       title: 'minimatch ReDoS: nested *() extglobs generate catastrophically backtracking regular expressions',
1498 silly audit report       severity: 'high',
1498 silly audit report       vulnerable_versions: '<3.1.4',
1498 silly audit report       cwe: [Array],
1498 silly audit report       cvss: [Object]
1498 silly audit report     },
1498 silly audit report     {
1498 silly audit report       id: 1113548,
1498 silly audit report       url: 'https://github.com/advisories/GHSA-23c5-xmqv-rm74',
1498 silly audit report       title: 'minimatch ReDoS: nested *() extglobs generate catastrophically backtracking regular expressions',
1498 silly audit report       severity: 'high',
1498 silly audit report       vulnerable_versions: '>=5.0.0 <5.1.8',
1498 silly audit report       cwe: [Array],
1498 silly audit report       cvss: [Object]
1498 silly audit report     }
1498 silly audit report   ],
1498 silly audit report   flatted: [
1498 silly audit report     {
1498 silly audit report       id: 1114526,
1498 silly audit report       url: 'https://github.com/advisories/GHSA-25h7-pfq9-p65f',
1498 silly audit report       title: 'flatted vulnerable to unbounded recursion DoS in parse() revive phase',
1498 silly audit report       severity: 'high',
1498 silly audit report       vulnerable_versions: '<3.4.0',
1498 silly audit report       cwe: [Array],
1498 silly audit report       cvss: [Object]
1498 silly audit report     },
1498 silly audit report     {
1498 silly audit report       id: 1115357,
1498 silly audit report       url: 'https://github.com/advisories/GHSA-rf6f-7fwh-wjgh',
1498 silly audit report       title: 'Prototype Pollution via parse() in NodeJS flatted',
1498 silly audit report       severity: 'high',
1498 silly audit report       vulnerable_versions: '<=3.4.1',
1498 silly audit report       cwe: [Array],
1498 silly audit report       cvss: [Object]
1498 silly audit report     }
1498 silly audit report   ],
1498 silly audit report   'follow-redirects': [
1498 silly audit report     {
1498 silly audit report       id: 1109569,
1498 silly audit report       url: 'https://github.com/advisories/GHSA-jchw-25xp-jwwc',
1498 silly audit report       title: 'Follow Redirects improperly handles URLs in the url.parse() function',
1498 silly audit report       severity: 'moderate',
1498 silly audit report       vulnerable_versions: '<1.15.4',
1498 silly audit report       cwe: [Array],
1498 silly audit report       cvss: [Object]
1498 silly audit report     },
1498 silly audit report     {
1498 silly audit report       id: 1096856,
1498 silly audit report       url: 'https://github.com/advisories/GHSA-cxjh-pqwp-8mfp',
1498 silly audit report       title: "follow-redirects' Proxy-Authorization header kept across hosts",
1498 silly audit report       severity: 'moderate',
1498 silly audit report       vulnerable_versions: '<=1.15.5',
1498 silly audit report       cwe: [Array],
1498 silly audit report       cvss: [Object]
1498 silly audit report     },
1498 silly audit report     {
1498 silly audit report       id: 1116560,
1498 silly audit report       url: 'https://github.com/advisories/GHSA-r4q5-vmmm-2653',
1498 silly audit report       title: 'follow-redirects leaks Custom Authentication Headers to Cross-Domain Redirect Targets',
1498 silly audit report       severity: 'moderate',
1498 silly audit report       vulnerable_versions: '<=1.15.11',
1498 silly audit report       cwe: [Array],
1498 silly audit report       cvss: [Object]
1498 silly audit report     }
1498 silly audit report   ],
1498 silly audit report   'http-proxy-middleware': [
1498 silly audit report     {
1498 silly audit report       id: 1100223,
1498 silly audit report       url: 'https://github.com/advisories/GHSA-c7qv-q95q-8v27',
1498 silly audit report       title: 'Denial of service in http-proxy-middleware',
1498 silly audit report       severity: 'high',
1498 silly audit report       vulnerable_versions: '<2.0.7',
1498 silly audit report       cwe: [Array],
1498 silly audit report       cvss: [Object]
1498 silly audit report     },
1498 silly audit report     {
1498 silly audit report       id: 1104105,
1498 silly audit report       url: 'https://github.com/advisories/GHSA-9gqv-wp59-fq42',
1498 silly audit report       title: 'http-proxy-middleware allows fixRequestBody to proceed even if bodyParser has failed',
1498 silly audit report       severity: 'moderate',
1498 silly audit report       vulnerable_versions: '>=1.3.0 <2.0.9',
1498 silly audit report       cwe: [Array],
1498 silly audit report       cvss: [Object]
1498 silly audit report     },
1498 silly audit report     {
1498 silly audit report       id: 1104106,
1498 silly audit report       url: 'https://github.com/advisories/GHSA-4www-5p9h-95mh',
1498 silly audit report       title: 'http-proxy-middleware can call writeBody twice because "else if" is not used',
1498 silly audit report       severity: 'moderate',
1498 silly audit report       vulnerable_versions: '>=1.3.0 <2.0.8',
1498 silly audit report       cwe: [Array],
1498 silly audit report       cvss: [Object]
1498 silly audit report     }
1498 silly audit report   ],
1498 silly audit report   json5: [
1498 silly audit report     {
1498 silly audit report       id: 1096543,
1498 silly audit report       url: 'https://github.com/advisories/GHSA-9c47-m6qq-7p4h',
1498 silly audit report       title: 'Prototype Pollution in JSON5 via Parse Method',
1498 silly audit report       severity: 'high',
1498 silly audit report       vulnerable_versions: '<1.0.2',
1498 silly audit report       cwe: [Array],
1498 silly audit report       cvss: [Object]
1498 silly audit report     },
1498 silly audit report     {
1498 silly audit report       id: 1096544,
1498 silly audit report       url: 'https://github.com/advisories/GHSA-9c47-m6qq-7p4h',
1498 silly audit report       title: 'Prototype Pollution in JSON5 via Parse Method',
1498 silly audit report       severity: 'high',
1498 silly audit report       vulnerable_versions: '>=2.0.0 <2.2.2',
1498 silly audit report       cwe: [Array],
1498 silly audit report       cvss: [Object]
1498 silly audit report     }
1498 silly audit report   ],
1498 silly audit report   lodash: [
1498 silly audit report     {
1498 silly audit report       id: 1112455,
1498 silly audit report       url: 'https://github.com/advisories/GHSA-xxjr-mmjv-4gpg',
1498 silly audit report       title: 'Lodash has Prototype Pollution Vulnerability in `_.unset` and `_.omit` functions',
1498 silly audit report       severity: 'moderate',
1498 silly audit report       vulnerable_versions: '>=4.0.0 <=4.17.22',
1498 silly audit report       cwe: [Array],
1498 silly audit report       cvss: [Object]
1498 silly audit report     },
1498 silly audit report     {
1498 silly audit report       id: 1115806,
1498 silly audit report       url: 'https://github.com/advisories/GHSA-r5fr-rjxr-66jc',
1498 silly audit report       title: 'lodash vulnerable to Code Injection via `_.template` imports key names',
1498 silly audit report       severity: 'high',
1498 silly audit report       vulnerable_versions: '>=4.0.0 <=4.17.23',
1498 silly audit report       cwe: [Array],
1498 silly audit report       cvss: [Object]
1498 silly audit report     },
1498 silly audit report     {
1498 silly audit report       id: 1115810,
1498 silly audit report       url: 'https://github.com/advisories/GHSA-f23m-r3pf-42rh',
1498 silly audit report       title: 'lodash vulnerable to Prototype Pollution via array path bypass in `_.unset` and `_.omit`',
1498 silly audit report       severity: 'moderate',
1498 silly audit report       vulnerable_versions: '<=4.17.23',
1498 silly audit report       cwe: [Array],
1498 silly audit report       cvss: [Object]
1498 silly audit report     }
1498 silly audit report   ],
1498 silly audit report   micromatch: [
1498 silly audit report     {
1498 silly audit report       id: 1098681,
1498 silly audit report       url: 'https://github.com/advisories/GHSA-952p-6rrq-rcjv',
1498 silly audit report       title: 'Regular Expression Denial of Service (ReDoS) in micromatch',
1498 silly audit report       severity: 'moderate',
1498 silly audit report       vulnerable_versions: '<4.0.8',
1498 silly audit report       cwe: [Array],
1498 silly audit report       cvss: [Object]
1498 silly audit report     }
1498 silly audit report   ],
1498 silly audit report   nanoid: [
1498 silly audit report     {
1498 silly audit report       id: 1109563,
1498 silly audit report       url: 'https://github.com/advisories/GHSA-mwcw-c2x4-8c55',
1498 silly audit report       title: 'Predictable results in nanoid generation when given non-integer values',
1498 silly audit report       severity: 'moderate',
1498 silly audit report       vulnerable_versions: '<3.3.8',
1498 silly audit report       cwe: [Array],
1498 silly audit report       cvss: [Object]
1498 silly audit report     }
1498 silly audit report   ],
1498 silly audit report   'node-forge': [
1498 silly audit report     {
1498 silly audit report       id: 1110996,
1498 silly audit report       url: 'https://github.com/advisories/GHSA-554w-wpv2-vw27',
1498 silly audit report       title: 'node-forge has ASN.1 Unbounded Recursion',
1498 silly audit report       severity: 'high',
1498 silly audit report       vulnerable_versions: '<1.3.2',
1498 silly audit report       cwe: [Array],
1498 silly audit report       cvss: [Object]
1498 silly audit report     },
1498 silly audit report     {
1498 silly audit report       id: 1110998,
1498 silly audit report       url: 'https://github.com/advisories/GHSA-5gfm-wpxj-wjgq',
1498 silly audit report       title: 'node-forge has an Interpretation Conflict vulnerability via its ASN.1 Validator Desynchronization',
1498 silly audit report       severity: 'high',
1498 silly audit report       vulnerable_versions: '<1.3.2',
1498 silly audit report       cwe: [Array],
1498 silly audit report       cvss: [Object]
1498 silly audit report     },
1498 silly audit report     {
1498 silly audit report       id: 1111068,
1498 silly audit report       url: 'https://github.com/advisories/GHSA-65ch-62r8-g69g',
1498 silly audit report       title: 'node-forge is vulnerable to ASN.1 OID Integer Truncation',
1498 silly audit report       severity: 'moderate',
1498 silly audit report       vulnerable_versions: '<1.3.2',
1498 silly audit report       cwe: [Array],
1498 silly audit report       cvss: [Object]
1498 silly audit report     },
1498 silly audit report     {
1498 silly audit report       id: 1115545,
1498 silly audit report       url: 'https://github.com/advisories/GHSA-2328-f5f3-gj25',
1498 silly audit report       title: 'Forge has a basicConstraints bypass in its certificate chain verification (RFC 5280 violation)',
1498 silly audit report       severity: 'high',
1498 silly audit report       vulnerable_versions: '<=1.3.3',
1498 silly audit report       cwe: [Array],
1498 silly audit report       cvss: [Object]
1498 silly audit report     },
1498 silly audit report     {
1498 silly audit report       id: 1115546,
1498 silly audit report       url: 'https://github.com/advisories/GHSA-q67f-28xg-22rw',
1498 silly audit report       title: 'Forge has signature forgery in Ed25519 due to missing S > L check',
1498 silly audit report       severity: 'high',
1498 silly audit report       vulnerable_versions: '<1.4.0',
1498 silly audit report       cwe: [Array],
1498 silly audit report       cvss: [Object]
1498 silly audit report     },
1498 silly audit report     {
1498 silly audit report       id: 1115548,
1498 silly audit report       url: 'https://github.com/advisories/GHSA-5m6q-g25r-mvwx',
1498 silly audit report       title: 'Forge has Denial of Service via Infinite Loop in BigInteger.modInverse() with Zero Input',
1498 silly audit report       severity: 'high',
1498 silly audit report       vulnerable_versions: '<1.4.0',
1498 silly audit report       cwe: [Array],
1498 silly audit report       cvss: [Object]
1498 silly audit report     },
1498 silly audit report     {
1498 silly audit report       id: 1115612,
1498 silly audit report       url: 'https://github.com/advisories/GHSA-ppp5-5v6c-4jwp',
1498 silly audit report       title: 'Forge has signature forgery in RSA-PKCS due to ASN.1 extra field  ',
1498 silly audit report       severity: 'high',
1498 silly audit report       vulnerable_versions: '<1.4.0',
1498 silly audit report       cwe: [Array],
1498 silly audit report       cvss: [Object]
1498 silly audit report     }
1498 silly audit report   ],
1498 silly audit report   'nth-check': [
1498 silly audit report     {
1498 silly audit report       id: 1095141,
1498 silly audit report       url: 'https://github.com/advisories/GHSA-rp65-9cf3-cjxr',
1498 silly audit report       title: 'Inefficient Regular Expression Complexity in nth-check',
1498 silly audit report       severity: 'high',
1498 silly audit report       vulnerable_versions: '<2.0.1',
1498 silly audit report       cwe: [Array],
1498 silly audit report       cvss: [Object]
1498 silly audit report     }
1498 silly audit report   ],
1498 silly audit report   'on-headers': [
1498 silly audit report     {
1498 silly audit report       id: 1106812,
1498 silly audit report       url: 'https://github.com/advisories/GHSA-76c9-3jph-rj3q',
1498 silly audit report       title: 'on-headers is vulnerable to http response header manipulation',
1498 silly audit report       severity: 'low',
1498 silly audit report       vulnerable_versions: '<1.1.0',
1498 silly audit report       cwe: [Array],
1498 silly audit report       cvss: [Object]
1498 silly audit report     }
1498 silly audit report   ],
1498 silly audit report   'path-to-regexp': [
1498 silly audit report     {
1498 silly audit report       id: 1101850,
1498 silly audit report       url: 'https://github.com/advisories/GHSA-9wv6-86v2-598j',
1498 silly audit report       title: 'path-to-regexp outputs backtracking regular expressions',
1498 silly audit report       severity: 'high',
1498 silly audit report       vulnerable_versions: '<0.1.10',
1498 silly audit report       cwe: [Array],
1498 silly audit report       cvss: [Object]
1498 silly audit report     },
1498 silly audit report     {
1498 silly audit report       id: 1105199,
1498 silly audit report       url: 'https://github.com/advisories/GHSA-rhx6-c78j-4q9w',
1498 silly audit report       title: 'path-to-regexp contains a ReDoS',
1498 silly audit report       severity: 'high',
1498 silly audit report       vulnerable_versions: '<0.1.12',
1498 silly audit report       cwe: [Array],
1498 silly audit report       cvss: [Object]
1498 silly audit report     },
1498 silly audit report     {
1498 silly audit report       id: 1115527,
1498 silly audit report       url: 'https://github.com/advisories/GHSA-37ch-88jc-xwx2',
1498 silly audit report       title: 'path-to-regexp vulnerable to Regular Expression Denial of Service via multiple route parameters',
1498 silly audit report       severity: 'high',
1498 silly audit report       vulnerable_versions: '<0.1.13',
1498 silly audit report       cwe: [Array],
1498 silly audit report       cvss: [Object]
1498 silly audit report     }
1498 silly audit report   ],
1498 silly audit report   picomatch: [
1498 silly audit report     {
1498 silly audit report       id: 1115549,
1498 silly audit report       url: 'https://github.com/advisories/GHSA-3v7f-55p6-f55p',
1498 silly audit report       title: 'Picomatch: Method Injection in POSIX Character Classes causes incorrect Glob Matching',
1498 silly audit report       severity: 'moderate',
1498 silly audit report       vulnerable_versions: '<2.3.2',
1498 silly audit report       cwe: [Array],
1498 silly audit report       cvss: [Object]
1498 silly audit report     },
1498 silly audit report     {
1498 silly audit report       id: 1115552,
1498 silly audit report       url: 'https://github.com/advisories/GHSA-c2c7-rcm5-vvqj',
1498 silly audit report       title: 'Picomatch has a ReDoS vulnerability via extglob quantifiers',
1498 silly audit report       severity: 'high',
1498 silly audit report       vulnerable_versions: '<2.3.2',
1498 silly audit report       cwe: [Array],
1498 silly audit report       cvss: [Object]
1498 silly audit report     }
1498 silly audit report   ],
1498 silly audit report   postcss: [
1498 silly audit report     {
1498 silly audit report       id: 1109574,
1498 silly audit report       url: 'https://github.com/advisories/GHSA-7fh5-64p2-3v2j',
1498 silly audit report       title: 'PostCSS line return parsing error',
1498 silly audit report       severity: 'moderate',
1498 silly audit report       vulnerable_versions: '<8.4.31',
1498 silly audit report       cwe: [Array],
1498 silly audit report       cvss: [Object]
1498 silly audit report     },
1498 silly audit report     {
1498 silly audit report       id: 1117015,
1498 silly audit report       url: 'https://github.com/advisories/GHSA-qx2v-qp2m-jg93',
1498 silly audit report       title: 'PostCSS has XSS via Unescaped </style> in its CSS Stringify Output',
1498 silly audit report       severity: 'moderate',
1498 silly audit report       vulnerable_versions: '<8.5.10',
1498 silly audit report       cwe: [Array],
1498 silly audit report       cvss: [Object]
1498 silly audit report     }
1498 silly audit report   ],
1498 silly audit report   svgo: [
1498 silly audit report     {
1498 silly audit report       id: 1114152,
1498 silly audit report       url: 'https://github.com/advisories/GHSA-xpqw-6gx7-v673',
1498 silly audit report       title: 'SVGO DoS through entity expansion in DOCTYPE (Billion Laughs)',
1498 silly audit report       severity: 'high',
1498 silly audit report       vulnerable_versions: '>=2.1.0 <2.8.1',
1498 silly audit report       cwe: [Array],
1498 silly audit report       cvss: [Object]
1498 silly audit report     }
1498 silly audit report   ],
1498 silly audit report   qs: [
1498 silly audit report     {
1498 silly audit report       id: 1113161,
1498 silly audit report       url: 'https://github.com/advisories/GHSA-w7fw-mjwx-w883',
1498 silly audit report       title: "qs's arrayLimit bypass in comma parsing allows denial of service",
1498 silly audit report       severity: 'low',
1498 silly audit report       vulnerable_versions: '>=6.7.0 <=6.14.1',
1498 silly audit report       cwe: [Array],
1498 silly audit report       cvss: [Object]
1498 silly audit report     },
1498 silly audit report     {
1498 silly audit report       id: 1113719,
1498 silly audit report       url: 'https://github.com/advisories/GHSA-6rw7-vpxm-498p',
1498 silly audit report       title: "qs's arrayLimit bypass in its bracket notation allows DoS via memory exhaustion",
1498 silly audit report       severity: 'moderate',
1498 silly audit report       vulnerable_versions: '<6.14.1',
1498 silly audit report       cwe: [Array],
1498 silly audit report       cvss: [Object]
1498 silly audit report     }
1498 silly audit report   ],
1498 silly audit report   rollup: [
1498 silly audit report     {
1498 silly audit report       id: 1099757,
1498 silly audit report       url: 'https://github.com/advisories/GHSA-gcx4-mw62-g8wm',
1498 silly audit report       title: 'DOM Clobbering Gadget found in rollup bundled scripts that leads to XSS',
1498 silly audit report       severity: 'high',
1498 silly audit report       vulnerable_versions: '<2.79.2',
1498 silly audit report       cwe: [Array],
1498 silly audit report       cvss: [Object]
1498 silly audit report     },
1498 silly audit report     {
1498 silly audit report       id: 1113517,
1498 silly audit report       url: 'https://github.com/advisories/GHSA-mw96-cpmx-2vgc',
1498 silly audit report       title: 'Rollup 4 has Arbitrary File Write via Path Traversal',
1498 silly audit report       severity: 'high',
1498 silly audit report       vulnerable_versions: '<2.80.0',
1498 silly audit report       cwe: [Array],
1498 silly audit report       cvss: [Object]
1498 silly audit report     }
1498 silly audit report   ],
1498 silly audit report   'serialize-javascript': [
1498 silly audit report     {
1498 silly audit report       id: 1113686,
1498 silly audit report       url: 'https://github.com/advisories/GHSA-5c6j-r48x-rmvq',
1498 silly audit report       title: 'Serialize JavaScript is Vulnerable to RCE via RegExp.flags and Date.prototype.toISOString()',
1498 silly audit report       severity: 'high',
1498 silly audit report       vulnerable_versions: '<=7.0.2',
1498 silly audit report       cwe: [Array],
1498 silly audit report       cvss: [Object]
1498 silly audit report     },
1498 silly audit report     {
1498 silly audit report       id: 1115723,
1498 silly audit report       url: 'https://github.com/advisories/GHSA-qj8w-gfj5-8c6v',
1498 silly audit report       title: 'Serialize JavaScript has CPU Exhaustion Denial of Service via crafted array-like objects',
1498 silly audit report       severity: 'moderate',
1498 silly audit report       vulnerable_versions: '<7.0.5',
1498 silly audit report       cwe: [Array],
1498 silly audit report       cvss: [Object]
1498 silly audit report     },
1498 silly audit report     {
1498 silly audit report       id: 1116766,
1498 silly audit report       url: 'https://github.com/advisories/GHSA-76p7-773f-r4q5',
1498 silly audit report       title: 'Cross-site Scripting (XSS) in serialize-javascript',
1498 silly audit report       severity: 'moderate',
1498 silly audit report       vulnerable_versions: '>=6.0.0 <6.0.2',
1498 silly audit report       cwe: [Array],
1498 silly audit report       cvss: [Object]
1498 silly audit report     }
1498 silly audit report   ],
1498 silly audit report   send: [
1498 silly audit report     {
1498 silly audit report       id: 1109556,
1498 silly audit report       url: 'https://github.com/advisories/GHSA-m6fv-jmcg-4jfg',
1498 silly audit report       title: 'send vulnerable to template injection that can lead to XSS',
1498 silly audit report       severity: 'low',
1498 silly audit report       vulnerable_versions: '<0.19.0',
1498 silly audit report       cwe: [Array],
1498 silly audit report       cvss: [Object]
1498 silly audit report     }
1498 silly audit report   ],
1498 silly audit report   'serve-static': [
1498 silly audit report     {
1498 silly audit report       id: 1100528,
1498 silly audit report       url: 'https://github.com/advisories/GHSA-cm22-4g7w-348p',
1498 silly audit report       title: 'serve-static vulnerable to template injection that can lead to XSS',
1498 silly audit report       severity: 'low',
1498 silly audit report       vulnerable_versions: '<1.16.0',
1498 silly audit report       cwe: [Array],
1498 silly audit report       cvss: [Object]
1498 silly audit report     }
1498 silly audit report   ],
1498 silly audit report   'tough-cookie': [
1498 silly audit report     {
1498 silly audit report       id: 1097682,
1498 silly audit report       url: 'https://github.com/advisories/GHSA-72xf-g2v4-qvf3',
1498 silly audit report       title: 'tough-cookie Prototype Pollution vulnerability',
1498 silly audit report       severity: 'moderate',
1498 silly audit report       vulnerable_versions: '<4.1.3',
1498 silly audit report       cwe: [Array],
1498 silly audit report       cvss: [Object]
1498 silly audit report     }
1498 silly audit report   ],
1498 silly audit report   webpack: [
1498 silly audit report     {
1498 silly audit report       id: 1113041,
1498 silly audit report       url: 'https://github.com/advisories/GHSA-8fgc-7cc6-rx7x',
1498 silly audit report       title: 'webpack buildHttp: allowedUris allow-list bypass via URL userinfo (@) leading to build-time SSRF behavior',
1498 silly audit report       severity: 'low',
1498 silly audit report       vulnerable_versions: '>=5.49.0 <=5.104.0',
1498 silly audit report       cwe: [Array],
1498 silly audit report       cvss: [Object]
1498 silly audit report     },
1498 silly audit report     {
1498 silly audit report       id: 1113042,
1498 silly audit report       url: 'https://github.com/advisories/GHSA-38r7-794h-5758',
1498 silly audit report       title: 'webpack buildHttp HttpUriPlugin allowedUris bypass via HTTP redirects → SSRF + cache persistence',
1498 silly audit report       severity: 'low',
1498 silly audit report       vulnerable_versions: '>=5.49.0 <5.104.0',
1498 silly audit report       cwe: [Array],
1498 silly audit report       cvss: [Object]
1498 silly audit report     },
1498 silly audit report     {
1498 silly audit report       id: 1094471,
1498 silly audit report       url: 'https://github.com/advisories/GHSA-hc6q-2mpp-qw7j',
1498 silly audit report       title: 'Cross-realm object access in Webpack 5',
1498 silly audit report       severity: 'critical',
1498 silly audit report       vulnerable_versions: '>=5.0.0 <5.76.0',
1498 silly audit report       cwe: [],
1498 silly audit report       cvss: [Object]
1498 silly audit report     },
1498 silly audit report     {
1498 silly audit report       id: 1099351,
1498 silly audit report       url: 'https://github.com/advisories/GHSA-4vvj-4cpr-p986',
1498 silly audit report       title: "Webpack's AutoPublicPathRuntimeModule has a DOM Clobbering Gadget that leads to XSS",
1498 silly audit report       severity: 'moderate',
1498 silly audit report       vulnerable_versions: '>=5.0.0-alpha.0 <5.94.0',
1498 silly audit report       cwe: [Array],
1498 silly audit report       cvss: [Object]
1498 silly audit report     }
1498 silly audit report   ],
1498 silly audit report   'webpack-dev-middleware': [
1498 silly audit report     {
1498 silly audit report       id: 1096729,
1498 silly audit report       url: 'https://github.com/advisories/GHSA-wr3j-pwj9-hqq6',
1498 silly audit report       title: 'Path traversal in webpack-dev-middleware',
1498 silly audit report       severity: 'high',
1498 silly audit report       vulnerable_versions: '<=5.3.3',
1498 silly audit report       cwe: [Array],
1498 silly audit report       cvss: [Object]
1498 silly audit report     }
1498 silly audit report   ],
1498 silly audit report   'webpack-dev-server': [
1498 silly audit report     {
1498 silly audit report       id: 1108429,
1498 silly audit report       url: 'https://github.com/advisories/GHSA-9jgg-88mc-972h',
1498 silly audit report       title: "webpack-dev-server users' source code may be stolen when they access a malicious web site with non-Chromium based browser",
1498 silly audit report       severity: 'moderate',
1498 silly audit report       vulnerable_versions: '<=5.2.0',
1498 silly audit report       cwe: [Array],
1498 silly audit report       cvss: [Object]
1498 silly audit report     },
1498 silly audit report     {
1498 silly audit report       id: 1108430,
1498 silly audit report       url: 'https://github.com/advisories/GHSA-4v9v-hfq4-rm2v',
1498 silly audit report       title: "webpack-dev-server users' source code may be stolen when they access a malicious web site",
1498 silly audit report       severity: 'moderate',
1498 silly audit report       vulnerable_versions: '<=5.2.0',
1498 silly audit report       cwe: [Array],
1498 silly audit report       cvss: [Object]
1498 silly audit report     }
1498 silly audit report   ],
1498 silly audit report   ws: [
1498 silly audit report     {
1498 silly audit report       id: 1098393,
1498 silly audit report       url: 'https://github.com/advisories/GHSA-3h5v-q93c-6h6q',
1498 silly audit report       title: 'ws affected by a DoS when handling a request with many HTTP headers',
1498 silly audit report       severity: 'high',
1498 silly audit report       vulnerable_versions: '>=7.0.0 <7.5.10',
1498 silly audit report       cwe: [Array],
1498 silly audit report       cvss: [Object]
1498 silly audit report     },
1498 silly audit report     {
1498 silly audit report       id: 1098392,
1498 silly audit report       url: 'https://github.com/advisories/GHSA-3h5v-q93c-6h6q',
1498 silly audit report       title: 'ws affected by a DoS when handling a request with many HTTP headers',
1498 silly audit report       severity: 'high',
1498 silly audit report       vulnerable_versions: '>=8.0.0 <8.17.1',
1498 silly audit report       cwe: [Array],
1498 silly audit report       cvss: [Object]
1498 silly audit report     }
1498 silly audit report   ],
1498 silly audit report   'word-wrap': [
1498 silly audit report     {
1498 silly audit report       id: 1102444,
1498 silly audit report       url: 'https://github.com/advisories/GHSA-j8xg-fqg3-53r7',
1498 silly audit report       title: 'word-wrap vulnerable to Regular Expression Denial of Service',
1498 silly audit report       severity: 'moderate',
1498 silly audit report       vulnerable_versions: '<1.2.4',
1498 silly audit report       cwe: [Array],
1498 silly audit report       cvss: [Object]
1498 silly audit report     }
1498 silly audit report   ],
1498 silly audit report   yaml: [
1498 silly audit report     {
1498 silly audit report       id: 1115555,
1498 silly audit report       url: 'https://github.com/advisories/GHSA-48c2-rrv3-qjmp',
1498 silly audit report       title: 'yaml is vulnerable to Stack Overflow via deeply nested YAML collections',
1498 silly audit report       severity: 'moderate',
1498 silly audit report       vulnerable_versions: '>=1.0.0 <1.10.3',
1498 silly audit report       cwe: [Array],
1498 silly audit report       cvss: [Object]
1498 silly audit report     }
1498 silly audit report   ]
1498 silly audit report }
1499 silly packumentCache corgi:https://registry.npmjs.org/@adobe%2fcss-tools cache-miss
1500 silly packumentCache corgi:https://registry.npmjs.org/semver cache-miss
1501 silly packumentCache corgi:https://registry.npmjs.org/@babel%2fhelpers cache-miss
1502 silly packumentCache corgi:https://registry.npmjs.org/@babel%2fruntime cache-miss
1503 silly packumentCache corgi:https://registry.npmjs.org/@babel%2fruntime-corejs3 cache-miss
1504 silly packumentCache corgi:https://registry.npmjs.org/@babel%2ftraverse cache-miss
1505 silly packumentCache corgi:https://registry.npmjs.org/js-yaml cache-miss
1506 silly packumentCache corgi:https://registry.npmjs.org/@tootallnate%2fonce cache-miss
1507 silly packumentCache corgi:https://registry.npmjs.org/ajv cache-miss
1508 silly packumentCache corgi:https://registry.npmjs.org/axios cache-miss
1509 silly packumentCache corgi:https://registry.npmjs.org/form-data cache-miss
1510 silly packumentCache corgi:https://registry.npmjs.org/body-parser cache-miss
1511 silly packumentCache corgi:https://registry.npmjs.org/brace-expansion cache-miss
1512 silly packumentCache corgi:https://registry.npmjs.org/braces cache-miss
1513 silly packumentCache corgi:https://registry.npmjs.org/cookie cache-miss
1514 silly packumentCache corgi:https://registry.npmjs.org/cross-spawn cache-miss
1515 silly packumentCache corgi:https://registry.npmjs.org/ejs cache-miss
1516 silly packumentCache corgi:https://registry.npmjs.org/express cache-miss
1517 silly packumentCache corgi:https://registry.npmjs.org/minimatch cache-miss
1518 silly packumentCache corgi:https://registry.npmjs.org/flatted cache-miss
1519 silly packumentCache corgi:https://registry.npmjs.org/follow-redirects cache-miss
1520 silly packumentCache corgi:https://registry.npmjs.org/http-proxy-middleware cache-miss
1521 silly packumentCache corgi:https://registry.npmjs.org/json5 cache-miss
1522 silly packumentCache corgi:https://registry.npmjs.org/lodash cache-miss
1523 silly packumentCache corgi:https://registry.npmjs.org/micromatch cache-miss
1524 silly packumentCache corgi:https://registry.npmjs.org/nanoid cache-miss
1525 silly packumentCache corgi:https://registry.npmjs.org/node-forge cache-miss
1526 silly packumentCache corgi:https://registry.npmjs.org/nth-check cache-miss
1527 silly packumentCache corgi:https://registry.npmjs.org/on-headers cache-miss
1528 silly packumentCache corgi:https://registry.npmjs.org/path-to-regexp cache-miss
1529 silly packumentCache corgi:https://registry.npmjs.org/picomatch cache-miss
1530 silly packumentCache corgi:https://registry.npmjs.org/postcss cache-miss
1531 silly packumentCache corgi:https://registry.npmjs.org/svgo cache-miss
1532 silly packumentCache corgi:https://registry.npmjs.org/qs cache-miss
1533 silly packumentCache corgi:https://registry.npmjs.org/rollup cache-miss
1534 silly packumentCache corgi:https://registry.npmjs.org/serialize-javascript cache-miss
1535 silly packumentCache corgi:https://registry.npmjs.org/send cache-miss
1536 silly packumentCache corgi:https://registry.npmjs.org/serve-static cache-miss
1537 silly packumentCache corgi:https://registry.npmjs.org/tough-cookie cache-miss
1538 silly packumentCache corgi:https://registry.npmjs.org/webpack cache-miss
1539 silly packumentCache corgi:https://registry.npmjs.org/webpack-dev-middleware cache-miss
1540 silly packumentCache corgi:https://registry.npmjs.org/webpack-dev-server cache-miss
1541 silly packumentCache corgi:https://registry.npmjs.org/ws cache-miss
1542 silly packumentCache corgi:https://registry.npmjs.org/word-wrap cache-miss
1543 silly packumentCache corgi:https://registry.npmjs.org/yaml cache-miss
1544 http fetch GET 200 https://registry.npmjs.org/workbox-sw/-/workbox-sw-6.5.4.tgz 2636ms (cache miss)
1545 http fetch GET 200 https://registry.npmjs.org/yallist/-/yallist-4.0.0.tgz 2742ms (cache miss)
1546 http fetch GET 200 https://registry.npmjs.org/xtend/-/xtend-4.0.2.tgz 2742ms (cache miss)
1547 http fetch GET 200 https://registry.npmjs.org/wrappy/-/wrappy-1.0.2.tgz 2739ms (cache miss)
1548 http fetch GET 200 https://registry.npmjs.org/write-file-atomic/-/write-file-atomic-3.0.3.tgz 2753ms (cache miss)
1549 http fetch GET 200 https://registry.npmjs.org/wrap-ansi/-/wrap-ansi-7.0.0.tgz 2751ms (cache miss)
1550 http fetch GET 200 https://registry.npmjs.org/y18n/-/y18n-5.0.8.tgz 2796ms (cache miss)
1551 http fetch GET 200 https://registry.npmjs.org/xml-name-validator/-/xml-name-validator-3.0.0.tgz 2795ms (cache miss)
1552 http fetch GET 200 https://registry.npmjs.org/which-boxed-primitive/-/which-boxed-primitive-1.0.2.tgz 2843ms (cache miss)
1553 http fetch GET 200 https://registry.npmjs.org/whatwg-mimetype/-/whatwg-mimetype-2.3.0.tgz 2867ms (cache miss)
1554 http fetch GET 200 https://registry.npmjs.org/word-wrap/-/word-wrap-1.2.3.tgz 2896ms (cache miss)
1555 http fetch GET 200 https://registry.npmjs.org/whatwg-encoding/-/whatwg-encoding-1.0.5.tgz 2892ms (cache miss)
1556 http fetch GET 200 https://registry.npmjs.org/which-collection/-/which-collection-1.0.1.tgz 2917ms (cache miss)
1557 http fetch GET 200 https://registry.npmjs.org/which/-/which-2.0.2.tgz 2916ms (cache miss)
1558 http fetch GET 200 https://registry.npmjs.org/vary/-/vary-1.1.2.tgz 2931ms (cache miss)
1559 http fetch GET 200 https://registry.npmjs.org/webpack-manifest-plugin/-/webpack-manifest-plugin-4.1.1.tgz 2965ms (cache miss)
1560 http fetch GET 200 https://registry.npmjs.org/warning/-/warning-4.0.3.tgz 2998ms (cache miss)
1561 http fetch GET 200 https://registry.npmjs.org/v8-to-istanbul/-/v8-to-istanbul-8.1.1.tgz 2995ms (cache miss)
1562 http fetch GET 200 https://registry.npmjs.org/utils-merge/-/utils-merge-1.0.1.tgz 2994ms (cache miss)
1563 http fetch GET 200 https://registry.npmjs.org/wbuf/-/wbuf-1.7.3.tgz 3030ms (cache miss)
1564 http fetch GET 200 https://registry.npmjs.org/w3c-hr-time/-/w3c-hr-time-1.0.2.tgz 3021ms (cache miss)
1565 warn deprecated w3c-hr-time@1.0.2: Use your platform's native performance.now() and performance.timeOrigin.
1566 http fetch GET 200 https://registry.npmjs.org/watchpack/-/watchpack-2.4.0.tgz 3067ms (cache miss)
1567 http fetch GET 200 https://registry.npmjs.org/walker/-/walker-1.0.8.tgz 3061ms (cache miss)
1568 http fetch GET 200 https://registry.npmjs.org/w3c-xmlserializer/-/w3c-xmlserializer-2.0.0.tgz 3091ms (cache miss)
1569 http fetch GET 200 https://registry.npmjs.org/util-deprecate/-/util-deprecate-1.0.2.tgz 3087ms (cache miss)
1570 http fetch GET 200 https://registry.npmjs.org/webidl-conversions/-/webidl-conversions-6.1.0.tgz 3127ms (cache miss)
1571 http fetch GET 200 https://registry.npmjs.org/universalify/-/universalify-2.0.0.tgz 3110ms (cache miss)
1572 http fetch GET 200 https://registry.npmjs.org/unpipe/-/unpipe-1.0.0.tgz 3111ms (cache miss)
1573 http fetch GET 200 https://registry.npmjs.org/unicode-match-property-ecmascript/-/unicode-match-property-ecmascript-2.0.0.tgz 3108ms (cache miss)
1574 http fetch GET 200 https://registry.npmjs.org/unicode-match-property-value-ecmascript/-/unicode-match-property-value-ecmascript-2.1.0.tgz 3109ms (cache miss)
1575 http fetch GET 200 https://registry.npmjs.org/unicode-canonical-property-names-ecmascript/-/unicode-canonical-property-names-ecmascript-2.0.0.tgz 3107ms (cache miss)
1576 http fetch GET 200 https://registry.npmjs.org/which-typed-array/-/which-typed-array-1.1.9.tgz 3160ms (cache miss)
1577 http fetch GET 200 https://registry.npmjs.org/update-browserslist-db/-/update-browserslist-db-1.0.10.tgz 3137ms (cache miss)
1578 http fetch GET 200 https://registry.npmjs.org/unicode-property-aliases-ecmascript/-/unicode-property-aliases-ecmascript-2.1.0.tgz 3133ms (cache miss)
1579 http fetch GET 200 https://registry.npmjs.org/unique-string/-/unique-string-2.0.0.tgz 3134ms (cache miss)
1580 http fetch GET 200 https://registry.npmjs.org/unquote/-/unquote-1.1.1.tgz 3168ms (cache miss)
1581 http fetch GET 200 https://registry.npmjs.org/typedarray-to-buffer/-/typedarray-to-buffer-3.1.5.tgz 3191ms (cache miss)
1582 http fetch GET 200 https://registry.npmjs.org/whatwg-fetch/-/whatwg-fetch-3.6.2.tgz 3234ms (cache miss)
1583 http fetch GET 200 https://registry.npmjs.org/type-is/-/type-is-1.6.18.tgz 3206ms (cache miss)
1584 http fetch GET 200 https://registry.npmjs.org/tryer/-/tryer-1.0.1.tgz 3193ms (cache miss)
1585 http fetch GET 200 https://registry.npmjs.org/to-fast-properties/-/to-fast-properties-2.0.0.tgz 3191ms (cache miss)
1586 http fetch GET 200 https://registry.npmjs.org/tempy/-/tempy-0.6.0.tgz 3185ms (cache miss)
1587 http fetch GET 200 https://registry.npmjs.org/url-parse/-/url-parse-1.5.10.tgz 3238ms (cache miss)
1588 http fetch GET 200 https://registry.npmjs.org/type-detect/-/type-detect-4.0.8.tgz 3220ms (cache miss)
1589 http fetch GET 200 https://registry.npmjs.org/toidentifier/-/toidentifier-1.0.1.tgz 3215ms (cache miss)
1590 http fetch GET 200 https://registry.npmjs.org/thunky/-/thunky-1.1.0.tgz 3213ms (cache miss)
1591 http fetch GET 200 https://registry.npmjs.org/tmpl/-/tmpl-1.0.5.tgz 3213ms (cache miss)
1592 http fetch GET 200 https://registry.npmjs.org/terminal-link/-/terminal-link-2.1.1.tgz 3210ms (cache miss)
1593 http fetch GET 200 https://registry.npmjs.org/temp-dir/-/temp-dir-2.0.0.tgz 3209ms (cache miss)
1594 http fetch GET 200 https://registry.npmjs.org/whatwg-url/-/whatwg-url-8.7.0.tgz 3286ms (cache miss)
1595 http fetch GET 200 https://registry.npmjs.org/tslib/-/tslib-2.4.1.tgz 3244ms (cache miss)
1596 http fetch GET 200 https://registry.npmjs.org/test-exclude/-/test-exclude-6.0.0.tgz 3237ms (cache miss)
1597 http fetch GET 200 https://registry.npmjs.org/throat/-/throat-6.0.1.tgz 3256ms (cache miss)
1598 http fetch GET 200 https://registry.npmjs.org/upath/-/upath-1.2.0.tgz 3286ms (cache miss)
1599 http fetch GET 200 https://registry.npmjs.org/text-table/-/text-table-0.2.0.tgz 3259ms (cache miss)
1600 http fetch GET 200 https://registry.npmjs.org/util.promisify/-/util.promisify-1.0.1.tgz 3315ms (cache miss)
1601 http fetch GET 200 https://registry.npmjs.org/unbox-primitive/-/unbox-primitive-1.0.2.tgz 3306ms (cache miss)
1602 http fetch GET 200 https://registry.npmjs.org/to-regex-range/-/to-regex-range-5.0.1.tgz 3288ms (cache miss)
1603 http fetch GET 200 https://registry.npmjs.org/terser-webpack-plugin/-/terser-webpack-plugin-5.3.6.tgz 3285ms (cache miss)
1604 http fetch GET 200 https://registry.npmjs.org/svg-parser/-/svg-parser-2.0.4.tgz 3280ms (cache miss)
1605 http fetch GET 200 https://registry.npmjs.org/supports-hyperlinks/-/supports-hyperlinks-2.3.0.tgz 3279ms (cache miss)
1606 http fetch GET 200 https://registry.npmjs.org/strip-indent/-/strip-indent-3.0.0.tgz 3272ms (cache miss)
1607 http fetch GET 200 https://registry.npmjs.org/utila/-/utila-0.4.0.tgz 3344ms (cache miss)
1608 http fetch GET 200 https://registry.npmjs.org/tough-cookie/-/tough-cookie-4.1.2.tgz 3319ms (cache miss)
1609 http fetch GET 200 https://registry.npmjs.org/supports-color/-/supports-color-5.5.0.tgz 3308ms (cache miss)
1610 http fetch GET 200 https://registry.npmjs.org/strip-ansi/-/strip-ansi-6.0.1.tgz 3298ms (cache miss)
1611 http fetch GET 200 https://registry.npmjs.org/strip-final-newline/-/strip-final-newline-2.0.0.tgz 3300ms (cache miss)
1612 http fetch GET 200 https://registry.npmjs.org/strip-bom/-/strip-bom-4.0.0.tgz 3300ms (cache miss)
1613 http fetch GET 200 https://registry.npmjs.org/strip-json-comments/-/strip-json-comments-3.1.1.tgz 3425ms (cache miss)
1614 http fetch GET 200 https://registry.npmjs.org/stringify-object/-/stringify-object-3.3.0.tgz 3416ms (cache miss)
1615 http fetch GET 200 https://registry.npmjs.org/websocket-driver/-/websocket-driver-0.7.4.tgz 3513ms (cache miss)
1616 http fetch GET 200 https://registry.npmjs.org/type-check/-/type-check-0.4.0.tgz 3476ms (cache miss)
1617 http fetch GET 200 https://registry.npmjs.org/string-length/-/string-length-4.0.2.tgz 3446ms (cache miss)
1618 http fetch GET 200 https://registry.npmjs.org/string-natural-compare/-/string-natural-compare-3.0.1.tgz 3447ms (cache miss)
1619 http fetch GET 200 https://registry.npmjs.org/xmlchars/-/xmlchars-2.2.0.tgz 3553ms (cache miss)
1620 http fetch GET 200 https://registry.npmjs.org/yargs-parser/-/yargs-parser-20.2.9.tgz 3556ms (cache miss)
1621 http fetch GET 200 https://registry.npmjs.org/supports-preserve-symlinks-flag/-/supports-preserve-symlinks-flag-1.0.0.tgz 3479ms (cache miss)
1622 http fetch GET 200 https://registry.npmjs.org/string-width/-/string-width-4.2.3.tgz 3468ms (cache miss)
1623 http fetch GET 200 https://registry.npmjs.org/stack-utils/-/stack-utils-2.0.6.tgz 3464ms (cache miss)
1624 http fetch GET 200 https://registry.npmjs.org/stackframe/-/stackframe-1.3.4.tgz 3465ms (cache miss)
1625 http fetch GET 200 https://registry.npmjs.org/webpack-sources/-/webpack-sources-3.2.3.tgz 3552ms (cache miss)
1626 http fetch GET 200 https://registry.npmjs.org/strip-comments/-/strip-comments-2.0.1.tgz 3489ms (cache miss)
1627 http fetch GET 200 https://registry.npmjs.org/string.prototype.trimstart/-/string.prototype.trimstart-1.0.6.tgz 3487ms (cache miss)
1628 http fetch GET 200 https://registry.npmjs.org/string.prototype.trimend/-/string.prototype.trimend-1.0.6.tgz 3486ms (cache miss)
1629 http fetch GET 200 https://registry.npmjs.org/source-map-support/-/source-map-support-0.5.21.tgz 3478ms (cache miss)
1630 http fetch GET 200 https://registry.npmjs.org/source-map-loader/-/source-map-loader-3.0.2.tgz 3478ms (cache miss)
1631 http fetch GET 200 https://registry.npmjs.org/slash/-/slash-3.0.0.tgz 3476ms (cache miss)
1632 http fetch GET 200 https://registry.npmjs.org/shell-quote/-/shell-quote-1.7.4.tgz 3466ms (cache miss)
1633 http fetch GET 200 https://registry.npmjs.org/symbol-tree/-/symbol-tree-3.2.4.tgz 3527ms (cache miss)
1634 http fetch GET 200 https://registry.npmjs.org/string_decoder/-/string_decoder-1.3.0.tgz 3510ms (cache miss)
1635 http fetch GET 200 https://registry.npmjs.org/sprintf-js/-/sprintf-js-1.0.3.tgz 3506ms (cache miss)
1636 http fetch GET 200 https://registry.npmjs.org/source-list-map/-/source-list-map-2.0.1.tgz 3503ms (cache miss)
1637 http fetch GET 200 https://registry.npmjs.org/workbox-streams/-/workbox-streams-6.5.4.tgz 3622ms (cache miss)
1638 http fetch GET 200 https://registry.npmjs.org/webpack-dev-middleware/-/webpack-dev-middleware-5.3.3.tgz 3608ms (cache miss)
1639 http fetch GET 200 https://registry.npmjs.org/statuses/-/statuses-2.0.1.tgz 3541ms (cache miss)
1640 http fetch GET 200 https://registry.npmjs.org/stable/-/stable-0.1.8.tgz 3540ms (cache miss)
1641 warn deprecated stable@0.1.8: Modern JS already guarantees Array#sort() is a stable sort, so this library is deprecated. See the compatibility table on MDN: https://developer.mozilla.org/en-US/docs/Web/JavaScript/Reference/Global_Objects/Array/sort#browser_compatibility
1642 http fetch GET 200 https://registry.npmjs.org/sisteransi/-/sisteransi-1.0.5.tgz 3534ms (cache miss)
1643 http fetch GET 200 https://registry.npmjs.org/side-channel/-/side-channel-1.0.4.tgz 3526ms (cache miss)
1644 http fetch GET 200 https://registry.npmjs.org/websocket-extensions/-/websocket-extensions-0.1.4.tgz 3633ms (cache miss)
1645 http fetch GET 200 https://registry.npmjs.org/string.prototype.matchall/-/string.prototype.matchall-4.0.8.tgz 3568ms (cache miss)
1646 http fetch GET 200 https://registry.npmjs.org/sourcemap-codec/-/sourcemap-codec-1.4.8.tgz 3562ms (cache miss)
1647 warn deprecated sourcemap-codec@1.4.8: Please use @jridgewell/sourcemap-codec instead
1648 http fetch GET 200 https://registry.npmjs.org/signal-exit/-/signal-exit-3.0.7.tgz 3551ms (cache miss)
1649 http fetch GET 200 https://registry.npmjs.org/serialize-javascript/-/serialize-javascript-6.0.0.tgz 3546ms (cache miss)
1650 http fetch GET 200 https://registry.npmjs.org/run-parallel/-/run-parallel-1.2.0.tgz 3539ms (cache miss)
1651 http fetch GET 200 https://registry.npmjs.org/workbox-broadcast-update/-/workbox-broadcast-update-6.5.4.tgz 3682ms (cache miss)
1652 http fetch GET 200 https://registry.npmjs.org/tapable/-/tapable-2.2.1.tgz 3625ms (cache miss)
1653 http fetch GET 200 https://registry.npmjs.org/style-loader/-/style-loader-3.3.1.tgz 3620ms (cache miss)
1654 http fetch GET 200 https://registry.npmjs.org/shebang-regex/-/shebang-regex-3.0.0.tgz 3588ms (cache miss)
1655 http fetch GET 200 https://registry.npmjs.org/shebang-command/-/shebang-command-2.0.0.tgz 3587ms (cache miss)
1656 http fetch GET 200 https://registry.npmjs.org/selfsigned/-/selfsigned-2.1.1.tgz 3584ms (cache miss)
1657 http fetch GET 200 https://registry.npmjs.org/safer-buffer/-/safer-buffer-2.1.2.tgz 3579ms (cache miss)
1658 http fetch GET 200 https://registry.npmjs.org/rollup-plugin-terser/-/rollup-plugin-terser-7.0.2.tgz 3578ms (cache miss)
1659 warn deprecated rollup-plugin-terser@7.0.2: This package has been deprecated and is no longer maintained. Please use @rollup/plugin-terser
1660 http fetch GET 200 https://registry.npmjs.org/send/-/send-0.18.0.tgz 3614ms (cache miss)
1661 http fetch GET 200 https://registry.npmjs.org/setprototypeof/-/setprototypeof-1.2.0.tgz 3615ms (cache miss)
1662 http fetch GET 200 https://registry.npmjs.org/safe-buffer/-/safe-buffer-5.2.1.tgz 3607ms (cache miss)
1663 http fetch GET 200 https://registry.npmjs.org/rimraf/-/rimraf-3.0.2.tgz 3606ms (cache miss)
1664 http fetch GET 200 https://registry.npmjs.org/ws/-/ws-7.5.9.tgz 3743ms (cache miss)
1665 http fetch GET 200 https://registry.npmjs.org/serve-static/-/serve-static-1.15.0.tgz 3638ms (cache miss)
1666 http fetch GET 200 https://registry.npmjs.org/select-hose/-/select-hose-2.0.0.tgz 3634ms (cache miss)
1667 http fetch GET 200 https://registry.npmjs.org/sanitize.css/-/sanitize.css-13.0.0.tgz 3632ms (cache miss)
1668 http fetch GET 200 https://registry.npmjs.org/require-from-string/-/require-from-string-2.0.2.tgz 3617ms (cache miss)
1669 http fetch GET 200 https://registry.npmjs.org/resolve-cwd/-/resolve-cwd-3.0.0.tgz 3625ms (cache miss)
1670 http fetch GET 200 https://registry.npmjs.org/safe-regex-test/-/safe-regex-test-1.0.0.tgz 3662ms (cache miss)
1671 http fetch GET 200 https://registry.npmjs.org/saxes/-/saxes-5.0.1.tgz 3666ms (cache miss)
1672 http fetch GET 200 https://registry.npmjs.org/resolve.exports/-/resolve.exports-1.1.0.tgz 3664ms (cache miss)
1673 http fetch GET 200 https://registry.npmjs.org/spdy/-/spdy-4.0.2.tgz 3739ms (cache miss)
1674 http fetch GET 200 https://registry.npmjs.org/sax/-/sax-1.2.4.tgz 3719ms (cache miss)
1675 http fetch GET 200 https://registry.npmjs.org/reusify/-/reusify-1.0.4.tgz 3713ms (cache miss)
1676 http fetch GET 200 https://registry.npmjs.org/retry/-/retry-0.13.1.tgz 3713ms (cache miss)
1677 http fetch GET 200 https://registry.npmjs.org/requires-port/-/requires-port-1.0.0.tgz 3705ms (cache miss)
1678 http fetch GET 200 https://registry.npmjs.org/require-directory/-/require-directory-2.1.1.tgz 3703ms (cache miss)
1679 http fetch GET 200 https://registry.npmjs.org/tr46/-/tr46-2.1.0.tgz 3820ms (cache miss)
1680 http fetch GET 200 https://registry.npmjs.org/resolve-from/-/resolve-from-5.0.0.tgz 3761ms (cache miss)
1681 http fetch GET 200 https://registry.npmjs.org/regjsparser/-/regjsparser-0.9.1.tgz 3750ms (cache miss)
1682 http fetch GET 200 https://registry.npmjs.org/regexpu-core/-/regexpu-core-5.2.2.tgz 3749ms (cache miss)
1683 http fetch GET 200 https://registry.npmjs.org/regexp.prototype.flags/-/regexp.prototype.flags-1.4.3.tgz 3749ms (cache miss)
1684 http fetch GET 200 https://registry.npmjs.org/readdirp/-/readdirp-3.6.0.tgz 3744ms (cache miss)
1685 http fetch GET 200 https://registry.npmjs.org/sockjs/-/sockjs-0.3.24.tgz 3813ms (cache miss)
1686 http fetch GET 200 https://registry.npmjs.org/regjsgen/-/regjsgen-0.7.1.tgz 3778ms (cache miss)
1687 http fetch GET 200 https://registry.npmjs.org/regenerator-runtime/-/regenerator-runtime-0.13.11.tgz 3774ms (cache miss)
1688 http fetch GET 200 https://registry.npmjs.org/redent/-/redent-3.0.0.tgz 3772ms (cache miss)
1689 http fetch GET 200 https://registry.npmjs.org/recursive-readdir/-/recursive-readdir-2.2.3.tgz 3773ms (cache miss)
1690 http fetch GET 200 https://registry.npmjs.org/regex-parser/-/regex-parser-2.2.11.tgz 3800ms (cache miss)
1691 http fetch GET 200 https://registry.npmjs.org/read-cache/-/read-cache-1.0.0.tgz 3795ms (cache miss)
1692 http fetch GET 200 https://registry.npmjs.org/randombytes/-/randombytes-2.1.0.tgz 3781ms (cache miss)
1693 http fetch GET 200 https://registry.npmjs.org/raw-body/-/raw-body-2.5.1.tgz 3783ms (cache miss)
1694 http fetch GET 200 https://registry.npmjs.org/react-refresh/-/react-refresh-0.11.0.tgz 3826ms (cache miss)
1695 http fetch GET 200 https://registry.npmjs.org/react-is/-/react-is-17.0.2.tgz 3826ms (cache miss)
1696 http fetch GET 200 https://registry.npmjs.org/querystringify/-/querystringify-2.2.0.tgz 3816ms (cache miss)
1697 http fetch GET 200 https://registry.npmjs.org/workbox-recipes/-/workbox-recipes-6.5.4.tgz 3996ms (cache miss)
1698 http fetch GET 200 https://registry.npmjs.org/regenerate/-/regenerate-1.4.2.tgz 3867ms (cache miss)
1699 http fetch GET 200 https://registry.npmjs.org/react-fast-compare/-/react-fast-compare-3.2.0.tgz 3860ms (cache miss)
1700 http fetch GET 200 https://registry.npmjs.org/workbox-cacheable-response/-/workbox-cacheable-response-6.5.4.tgz 4016ms (cache miss)
1701 http fetch GET 200 https://registry.npmjs.org/workbox-navigation-preload/-/workbox-navigation-preload-6.5.4.tgz 4021ms (cache miss)
1702 http fetch GET 200 https://registry.npmjs.org/queue-microtask/-/queue-microtask-1.2.3.tgz 3874ms (cache miss)
1703 http fetch GET 200 https://registry.npmjs.org/promise/-/promise-8.3.0.tgz 3869ms (cache miss)
1704 http fetch GET 200 https://registry.npmjs.org/workbox-google-analytics/-/workbox-google-analytics-6.5.4.tgz 4050ms (cache miss)
1705 http fetch GET 200 https://registry.npmjs.org/raf/-/raf-3.4.1.tgz 3902ms (cache miss)
1706 http fetch GET 200 https://registry.npmjs.org/quick-lru/-/quick-lru-5.1.1.tgz 3903ms (cache miss)
1707 http fetch GET 200 https://registry.npmjs.org/react-app-polyfill/-/react-app-polyfill-3.0.0.tgz 3906ms (cache miss)
1708 http fetch GET 200 https://registry.npmjs.org/range-parser/-/range-parser-1.2.1.tgz 3906ms (cache miss)
1709 http fetch GET 200 https://registry.npmjs.org/proxy-from-env/-/proxy-from-env-1.1.0.tgz 3901ms (cache miss)
1710 http fetch GET 200 https://registry.npmjs.org/q/-/q-1.5.1.tgz 3932ms (cache miss)
1711 http fetch GET 200 https://registry.npmjs.org/process-nextick-args/-/process-nextick-args-2.0.1.tgz 3928ms (cache miss)
1712 http fetch GET 200 https://registry.npmjs.org/punycode/-/punycode-2.1.1.tgz 3957ms (cache miss)
1713 http fetch GET 200 https://registry.npmjs.org/proxy-addr/-/proxy-addr-2.0.7.tgz 3955ms (cache miss)
1714 http fetch GET 200 https://registry.npmjs.org/prelude-ls/-/prelude-ls-1.2.1.tgz 3951ms (cache miss)
1715 http fetch GET 200 https://registry.npmjs.org/pretty-bytes/-/pretty-bytes-5.6.0.tgz 3952ms (cache miss)
1716 http fetch GET 200 https://registry.npmjs.org/postcss-value-parser/-/postcss-value-parser-4.2.0.tgz 3952ms (cache miss)
1717 http fetch GET 200 https://registry.npmjs.org/postcss-replace-overflow-wrap/-/postcss-replace-overflow-wrap-4.0.0.tgz 3951ms (cache miss)
1718 http fetch GET 200 https://registry.npmjs.org/postcss-unique-selectors/-/postcss-unique-selectors-5.1.1.tgz 3954ms (cache miss)
1719 http fetch GET 200 https://registry.npmjs.org/scheduler/-/scheduler-0.23.0.tgz 4037ms (cache miss)
1720 http fetch GET 200 https://registry.npmjs.org/postcss-svgo/-/postcss-svgo-5.1.0.tgz 3985ms (cache miss)
1721 http fetch GET 200 https://registry.npmjs.org/postcss-ordered-values/-/postcss-ordered-values-5.1.3.tgz 3974ms (cache miss)
1722 http fetch GET 200 https://registry.npmjs.org/postcss-overflow-shorthand/-/postcss-overflow-shorthand-3.0.4.tgz 3975ms (cache miss)
1723 http fetch GET 200 https://registry.npmjs.org/prop-types/-/prop-types-15.8.1.tgz 4025ms (cache miss)
1724 http fetch GET 200 https://registry.npmjs.org/postcss-reduce-initial/-/postcss-reduce-initial-5.1.1.tgz 4011ms (cache miss)
1725 http fetch GET 200 https://registry.npmjs.org/postcss-reduce-transforms/-/postcss-reduce-transforms-5.1.0.tgz 4017ms (cache miss)
1726 http fetch GET 200 https://registry.npmjs.org/postcss-normalize-repeat-style/-/postcss-normalize-repeat-style-5.1.1.tgz 4004ms (cache miss)
1727 http fetch GET 200 https://registry.npmjs.org/workbox-webpack-plugin/-/workbox-webpack-plugin-6.5.4.tgz 4202ms (cache miss)
1728 http fetch GET 200 https://registry.npmjs.org/workbox-range-requests/-/workbox-range-requests-6.5.4.tgz 4199ms (cache miss)
1729 http fetch GET 200 https://registry.npmjs.org/relateurl/-/relateurl-0.2.7.tgz 4076ms (cache miss)
1730 http fetch GET 200 https://registry.npmjs.org/postcss-page-break/-/postcss-page-break-3.0.4.tgz 4032ms (cache miss)
1731 http fetch GET 200 https://registry.npmjs.org/postcss-normalize-whitespace/-/postcss-normalize-whitespace-5.1.1.tgz 4029ms (cache miss)
1732 http fetch GET 200 https://registry.npmjs.org/postcss-opacity-percentage/-/postcss-opacity-percentage-1.1.2.tgz 4031ms (cache miss)
1733 http fetch GET 200 https://registry.npmjs.org/postcss-normalize-unicode/-/postcss-normalize-unicode-5.1.1.tgz 4029ms (cache miss)
1734 http fetch GET 200 https://registry.npmjs.org/postcss-normalize-url/-/postcss-normalize-url-5.1.0.tgz 4029ms (cache miss)
1735 http fetch GET 200 https://registry.npmjs.org/postcss-place/-/postcss-place-7.0.5.tgz 4060ms (cache miss)
1736 http fetch GET 200 https://registry.npmjs.org/postcss-normalize-timing-functions/-/postcss-normalize-timing-functions-5.1.0.tgz 4055ms (cache miss)
1737 http fetch GET 200 https://registry.npmjs.org/postcss-normalize-display-values/-/postcss-normalize-display-values-5.1.0.tgz 4052ms (cache miss)
1738 http fetch GET 200 https://registry.npmjs.org/postcss-normalize/-/postcss-normalize-10.0.1.tgz 4051ms (cache miss)
1739 http fetch GET 200 https://registry.npmjs.org/postcss-modules-values/-/postcss-modules-values-4.0.0.tgz 4050ms (cache miss)
1740 http fetch GET 200 https://registry.npmjs.org/postcss-modules-scope/-/postcss-modules-scope-3.0.0.tgz 4050ms (cache miss)
1741 http fetch GET 200 https://registry.npmjs.org/postcss-minify-params/-/postcss-minify-params-5.1.4.tgz 4047ms (cache miss)
1742 http fetch GET 200 https://registry.npmjs.org/postcss-minify-selectors/-/postcss-minify-selectors-5.2.1.tgz 4049ms (cache miss)
1743 http fetch GET 200 https://registry.npmjs.org/sass-loader/-/sass-loader-12.6.0.tgz 4157ms (cache miss)
1744 http fetch GET 200 https://registry.npmjs.org/postcss-selector-not/-/postcss-selector-not-6.0.1.tgz 4103ms (cache miss)
1745 http fetch GET 200 https://registry.npmjs.org/postcss-pseudo-class-any-link/-/postcss-pseudo-class-any-link-7.1.6.tgz 4097ms (cache miss)
1746 http fetch GET 200 https://registry.npmjs.org/postcss-normalize-string/-/postcss-normalize-string-5.1.0.tgz 4089ms (cache miss)
1747 http fetch GET 200 https://registry.npmjs.org/postcss-normalize-positions/-/postcss-normalize-positions-5.1.1.tgz 4088ms (cache miss)
1748 http fetch GET 200 https://registry.npmjs.org/source-map-js/-/source-map-js-1.0.2.tgz 4195ms (cache miss)
1749 http fetch GET 200 https://registry.npmjs.org/postcss-nested/-/postcss-nested-6.0.0.tgz 4102ms (cache miss)
1750 http fetch GET 200 https://registry.npmjs.org/postcss-normalize-charset/-/postcss-normalize-charset-5.1.0.tgz 4127ms (cache miss)
1751 http fetch GET 200 https://registry.npmjs.org/postcss-modules-local-by-default/-/postcss-modules-local-by-default-4.0.0.tgz 4123ms (cache miss)
1752 http fetch GET 200 https://registry.npmjs.org/postcss-merge-rules/-/postcss-merge-rules-5.1.3.tgz 4120ms (cache miss)
1753 http fetch GET 200 https://registry.npmjs.org/postcss-merge-longhand/-/postcss-merge-longhand-5.1.7.tgz 4119ms (cache miss)
1754 http fetch GET 200 https://registry.npmjs.org/postcss-logical/-/postcss-logical-5.0.4.tgz 4111ms (cache miss)
1755 http fetch GET 200 https://registry.npmjs.org/postcss-initial/-/postcss-initial-4.0.1.tgz 4088ms (cache miss)
1756 http fetch GET 200 https://registry.npmjs.org/postcss-focus-within/-/postcss-focus-within-5.0.4.tgz 4068ms (cache miss)
1757 http fetch GET 200 https://registry.npmjs.org/postcss-image-set-function/-/postcss-image-set-function-4.0.7.tgz 4079ms (cache miss)
1758 http fetch GET 200 https://registry.npmjs.org/schema-utils/-/schema-utils-3.1.1.tgz 4220ms (cache miss)
1759 http fetch GET 200 https://registry.npmjs.org/postcss-preset-env/-/postcss-preset-env-7.8.3.tgz 4159ms (cache miss)
1760 http fetch GET 200 https://registry.npmjs.org/postcss-modules-extract-imports/-/postcss-modules-extract-imports-3.0.0.tgz 4146ms (cache miss)
1761 http fetch GET 200 https://registry.npmjs.org/postcss-minify-gradients/-/postcss-minify-gradients-5.1.1.tgz 4144ms (cache miss)
1762 http fetch GET 200 https://registry.npmjs.org/postcss-media-minmax/-/postcss-media-minmax-5.0.0.tgz 4136ms (cache miss)
1763 http fetch GET 200 https://registry.npmjs.org/postcss-double-position-gradients/-/postcss-double-position-gradients-3.1.2.tgz 4089ms (cache miss)
1764 http fetch GET 200 https://registry.npmjs.org/postcss-js/-/postcss-js-4.0.0.tgz 4118ms (cache miss)
1765 http fetch GET 200 https://registry.npmjs.org/postcss-loader/-/postcss-loader-6.2.1.tgz 4133ms (cache miss)
1766 http fetch GET 200 https://registry.npmjs.org/postcss-minify-font-values/-/postcss-minify-font-values-5.1.0.tgz 4161ms (cache miss)
1767 http fetch GET 200 https://registry.npmjs.org/postcss-gap-properties/-/postcss-gap-properties-3.0.5.tgz 4117ms (cache miss)
1768 http fetch GET 200 https://registry.npmjs.org/postcss-font-variant/-/postcss-font-variant-5.0.0.tgz 4109ms (cache miss)
1769 http fetch GET 200 https://registry.npmjs.org/postcss-discard-comments/-/postcss-discard-comments-5.1.2.tgz 4098ms (cache miss)
1770 http fetch GET 200 https://registry.npmjs.org/postcss-discard-duplicates/-/postcss-discard-duplicates-5.1.0.tgz 4099ms (cache miss)
1771 http fetch GET 200 https://registry.npmjs.org/regexpp/-/regexpp-3.2.0.tgz 4249ms (cache miss)
1772 http fetch GET 200 https://registry.npmjs.org/postcss-import/-/postcss-import-14.1.0.tgz 4154ms (cache miss)
1773 http fetch GET 200 https://registry.npmjs.org/postcss-focus-visible/-/postcss-focus-visible-6.0.4.tgz 4139ms (cache miss)
1774 http fetch GET 200 https://registry.npmjs.org/postcss-flexbugs-fixes/-/postcss-flexbugs-fixes-5.0.2.tgz 4139ms (cache miss)
1775 http fetch GET 200 https://registry.npmjs.org/postcss-discard-overridden/-/postcss-discard-overridden-5.1.0.tgz 4134ms (cache miss)
1776 http fetch GET 200 https://registry.npmjs.org/postcss-discard-empty/-/postcss-discard-empty-5.1.1.tgz 4134ms (cache miss)
1777 http fetch GET 200 https://registry.npmjs.org/postcss-custom-selectors/-/postcss-custom-selectors-6.0.3.tgz 4130ms (cache miss)
1778 http fetch GET 200 https://registry.npmjs.org/postcss-custom-media/-/postcss-custom-media-8.0.2.tgz 4129ms (cache miss)
1779 http fetch GET 200 https://registry.npmjs.org/postcss-convert-values/-/postcss-convert-values-5.1.3.tgz 4128ms (cache miss)
1780 http fetch GET 200 https://registry.npmjs.org/postcss-color-rebeccapurple/-/postcss-color-rebeccapurple-7.1.1.tgz 4128ms (cache miss)
1781 http fetch GET 200 https://registry.npmjs.org/postcss-load-config/-/postcss-load-config-3.1.4.tgz 4198ms (cache miss)
1782 http fetch GET 200 https://registry.npmjs.org/postcss-color-hex-alpha/-/postcss-color-hex-alpha-8.0.4.tgz 4153ms (cache miss)
1783 http fetch GET 200 https://registry.npmjs.org/postcss-attribute-case-insensitive/-/postcss-attribute-case-insensitive-5.0.2.tgz 4150ms (cache miss)
1784 http fetch GET 200 https://registry.npmjs.org/postcss-color-functional-notation/-/postcss-color-functional-notation-4.2.4.tgz 4153ms (cache miss)
1785 http fetch GET 200 https://registry.npmjs.org/regenerator-transform/-/regenerator-transform-0.15.1.tgz 4300ms (cache miss)
1786 http fetch GET 200 https://registry.npmjs.org/postcss-env-function/-/postcss-env-function-4.0.6.tgz 4190ms (cache miss)
1787 http fetch GET 200 https://registry.npmjs.org/postcss-dir-pseudo-class/-/postcss-dir-pseudo-class-6.0.5.tgz 4182ms (cache miss)
1788 http fetch GET 200 https://registry.npmjs.org/postcss-colormin/-/postcss-colormin-5.3.0.tgz 4180ms (cache miss)
1789 http fetch GET 200 https://registry.npmjs.org/pkg-up/-/pkg-up-3.1.0.tgz 4174ms (cache miss)
1790 http fetch GET 200 https://registry.npmjs.org/type-fest/-/type-fest-0.21.3.tgz 4423ms (cache miss)
1791 http fetch GET 200 https://registry.npmjs.org/resolve-url-loader/-/resolve-url-loader-4.0.0.tgz 4347ms (cache miss)
1792 http fetch GET 200 https://registry.npmjs.org/postcss-clamp/-/postcss-clamp-4.1.0.tgz 4207ms (cache miss)
1793 http fetch GET 200 https://registry.npmjs.org/postcss-browser-comments/-/postcss-browser-comments-4.0.0.tgz 4206ms (cache miss)
1794 http fetch GET 200 https://registry.npmjs.org/pirates/-/pirates-4.0.5.tgz 4204ms (cache miss)
1795 http fetch GET 200 https://registry.npmjs.org/path-type/-/path-type-4.0.0.tgz 4200ms (cache miss)
1796 http fetch GET 200 https://registry.npmjs.org/path-to-regexp/-/path-to-regexp-0.1.7.tgz 4199ms (cache miss)
1797 http fetch GET 200 https://registry.npmjs.org/postcss-custom-properties/-/postcss-custom-properties-12.1.11.tgz 4250ms (cache miss)
1798 http fetch GET 200 https://registry.npmjs.org/pascal-case/-/pascal-case-3.1.2.tgz 4234ms (cache miss)
1799 http fetch GET 200 https://registry.npmjs.org/source-map/-/source-map-0.7.4.tgz 4440ms (cache miss)
1800 http fetch GET 200 https://registry.npmjs.org/pify/-/pify-2.3.0.tgz 4270ms (cache miss)
1801 http fetch GET 200 https://registry.npmjs.org/picocolors/-/picocolors-1.0.0.tgz 4268ms (cache miss)
1802 http fetch GET 200 https://registry.npmjs.org/performance-now/-/performance-now-2.1.0.tgz 4269ms (cache miss)
1803 http fetch GET 200 https://registry.npmjs.org/path-parse/-/path-parse-1.0.7.tgz 4267ms (cache miss)
1804 http fetch GET 200 https://registry.npmjs.org/pretty-error/-/pretty-error-4.0.0.tgz 4416ms (cache miss)
1805 http fetch GET 200 https://registry.npmjs.org/path-key/-/path-key-3.1.1.tgz 4308ms (cache miss)
1806 http fetch GET 200 https://registry.npmjs.org/path-exists/-/path-exists-4.0.0.tgz 4307ms (cache miss)
1807 http fetch GET 200 https://registry.npmjs.org/path-is-absolute/-/path-is-absolute-1.0.1.tgz 4308ms (cache miss)
1808 http fetch GET 200 https://registry.npmjs.org/p-retry/-/p-retry-4.6.2.tgz 4302ms (cache miss)
1809 http fetch GET 200 https://registry.npmjs.org/onetime/-/onetime-5.1.2.tgz 4298ms (cache miss)
1810 http fetch GET 200 https://registry.npmjs.org/pkg-dir/-/pkg-dir-4.2.0.tgz 4344ms (cache miss)
1811 http fetch GET 200 https://registry.npmjs.org/optionator/-/optionator-0.9.1.tgz 4327ms (cache miss)
1812 http fetch GET 200 https://registry.npmjs.org/parseurl/-/parseurl-1.3.3.tgz 4337ms (cache miss)
1813 http fetch GET 200 https://registry.npmjs.org/picomatch/-/picomatch-2.3.1.tgz 4375ms (cache miss)
1814 http fetch GET 200 https://registry.npmjs.org/param-case/-/param-case-3.0.4.tgz 4365ms (cache miss)
1815 http fetch GET 200 https://registry.npmjs.org/p-try/-/p-try-2.2.0.tgz 4366ms (cache miss)
1816 http fetch GET 200 https://registry.npmjs.org/parent-module/-/parent-module-1.0.1.tgz 4367ms (cache miss)
1817 http fetch GET 200 https://registry.npmjs.org/p-locate/-/p-locate-5.0.0.tgz 4364ms (cache miss)
1818 http fetch GET 200 https://registry.npmjs.org/p-limit/-/p-limit-3.1.0.tgz 4363ms (cache miss)
1819 http fetch GET 200 https://registry.npmjs.org/object.values/-/object.values-1.1.6.tgz 4354ms (cache miss)
1820 http fetch GET 200 https://registry.npmjs.org/workbox-routing/-/workbox-routing-6.5.4.tgz 4670ms (cache miss)
1821 http fetch GET 200 https://registry.npmjs.org/react-error-overlay/-/react-error-overlay-6.0.11.tgz 4531ms (cache miss)
1822 http fetch GET 200 https://registry.npmjs.org/postcss-nesting/-/postcss-nesting-10.2.0.tgz 4490ms (cache miss)
1823 http fetch GET 200 https://registry.npmjs.org/open/-/open-8.4.0.tgz 4395ms (cache miss)
1824 http fetch GET 200 https://registry.npmjs.org/on-finished/-/on-finished-2.4.1.tgz 4388ms (cache miss)
1825 http fetch GET 200 https://registry.npmjs.org/once/-/once-1.4.0.tgz 4393ms (cache miss)
1826 http fetch GET 200 https://registry.npmjs.org/on-headers/-/on-headers-1.0.2.tgz 4394ms (cache miss)
1827 http fetch GET 200 https://registry.npmjs.org/obuf/-/obuf-1.1.2.tgz 4388ms (cache miss)
1828 http fetch GET 200 https://registry.npmjs.org/object.entries/-/object.entries-1.1.6.tgz 4385ms (cache miss)
1829 http fetch GET 200 https://registry.npmjs.org/object-keys/-/object-keys-1.1.1.tgz 4383ms (cache miss)
1830 http fetch GET 200 https://registry.npmjs.org/object-is/-/object-is-1.1.5.tgz 4383ms (cache miss)
1831 http fetch GET 200 https://registry.npmjs.org/object-assign/-/object-assign-4.1.1.tgz 4381ms (cache miss)
1832 http fetch GET 200 https://registry.npmjs.org/pretty-format/-/pretty-format-27.5.1.tgz 4565ms (cache miss)
1833 http fetch GET 200 https://registry.npmjs.org/postcss-lab-function/-/postcss-lab-function-4.2.1.tgz 4510ms (cache miss)
1834 http fetch GET 200 https://registry.npmjs.org/parse-json/-/parse-json-5.2.0.tgz 4453ms (cache miss)
1835 http fetch GET 200 https://registry.npmjs.org/nth-check/-/nth-check-2.1.1.tgz 4430ms (cache miss)
1836 http fetch GET 200 https://registry.npmjs.org/object.hasown/-/object.hasown-1.1.2.tgz 4506ms (cache miss)
1837 http fetch GET 200 https://registry.npmjs.org/object-hash/-/object-hash-3.0.0.tgz 4586ms (cache miss)
1838 http fetch GET 200 https://registry.npmjs.org/normalize-url/-/normalize-url-6.1.0.tgz 4576ms (cache miss)
1839 http fetch GET 200 https://registry.npmjs.org/npm-run-path/-/npm-run-path-4.0.1.tgz 4583ms (cache miss)
1840 http fetch GET 200 https://registry.npmjs.org/normalize-range/-/normalize-range-0.1.2.tgz 4575ms (cache miss)
1841 http fetch GET 200 https://registry.npmjs.org/node-int64/-/node-int64-0.4.0.tgz 4573ms (cache miss)
1842 http fetch GET 200 https://registry.npmjs.org/stylehacks/-/stylehacks-5.1.1.tgz 4841ms (cache miss)
1843 http fetch GET 200 https://registry.npmjs.org/object.getownpropertydescriptors/-/object.getownpropertydescriptors-2.1.5.tgz 4621ms (cache miss)
1844 http fetch GET 200 https://registry.npmjs.org/object.fromentries/-/object.fromentries-2.0.6.tgz 4620ms (cache miss)
1845 http fetch GET 200 https://registry.npmjs.org/ms/-/ms-2.1.2.tgz 4595ms (cache miss)
1846 http fetch GET 200 https://registry.npmjs.org/mkdirp/-/mkdirp-0.5.6.tgz 4594ms (cache miss)
1847 http fetch GET 200 https://registry.npmjs.org/react/-/react-18.2.0.tgz 4786ms (cache miss)
1848 http fetch GET 200 https://registry.npmjs.org/nwsapi/-/nwsapi-2.2.2.tgz 4639ms (cache miss)
1849 http fetch GET 200 https://registry.npmjs.org/normalize-path/-/normalize-path-3.0.0.tgz 4628ms (cache miss)
1850 http fetch GET 200 https://registry.npmjs.org/negotiator/-/negotiator-0.6.3.tgz 4624ms (cache miss)
1851 http fetch GET 200 https://registry.npmjs.org/natural-compare-lite/-/natural-compare-lite-1.4.0.tgz 4624ms (cache miss)
1852 http fetch GET 200 https://registry.npmjs.org/natural-compare/-/natural-compare-1.4.0.tgz 4623ms (cache miss)
1853 http fetch GET 200 https://registry.npmjs.org/minimatch/-/minimatch-3.1.2.tgz 4620ms (cache miss)
1854 http fetch GET 200 https://registry.npmjs.org/node-releases/-/node-releases-2.0.6.tgz 4648ms (cache miss)
1855 http fetch GET 200 https://registry.npmjs.org/no-case/-/no-case-3.0.4.tgz 4652ms (cache miss)
1856 http fetch GET 200 https://registry.npmjs.org/nanoid/-/nanoid-3.3.4.tgz 4648ms (cache miss)
1857 http fetch GET 200 https://registry.npmjs.org/multicast-dns/-/multicast-dns-7.2.5.tgz 4647ms (cache miss)
1858 http fetch GET 200 https://registry.npmjs.org/mimic-fn/-/mimic-fn-2.1.0.tgz 4643ms (cache miss)
1859 http fetch GET 200 https://registry.npmjs.org/spdy-transport/-/spdy-transport-3.0.0.tgz 4904ms (cache miss)
1860 http fetch GET 200 https://registry.npmjs.org/react-popper/-/react-popper-2.3.0.tgz 4852ms (cache miss)
1861 http fetch GET 200 https://registry.npmjs.org/minimalistic-assert/-/minimalistic-assert-1.0.1.tgz 4674ms (cache miss)
1862 http fetch GET 200 https://registry.npmjs.org/micromatch/-/micromatch-4.0.5.tgz 4671ms (cache miss)
1863 http fetch GET 200 https://registry.npmjs.org/merge2/-/merge2-1.4.1.tgz 4669ms (cache miss)
1864 http fetch GET 200 https://registry.npmjs.org/merge-stream/-/merge-stream-2.0.0.tgz 4669ms (cache miss)
1865 http fetch GET 200 https://registry.npmjs.org/workbox-expiration/-/workbox-expiration-6.5.4.tgz 5013ms (cache miss)
1866 http fetch GET 200 https://registry.npmjs.org/psl/-/psl-1.9.0.tgz 4862ms (cache miss)
1867 http fetch GET 200 https://registry.npmjs.org/min-indent/-/min-indent-1.0.1.tgz 4699ms (cache miss)
1868 http fetch GET 200 https://registry.npmjs.org/mime-types/-/mime-types-2.1.35.tgz 4699ms (cache miss)
1869 http fetch GET 200 https://registry.npmjs.org/mime/-/mime-1.6.0.tgz 4698ms (cache miss)
1870 http fetch GET 200 https://registry.npmjs.org/methods/-/methods-1.1.2.tgz 4720ms (cache miss)
1871 http fetch GET 200 https://registry.npmjs.org/merge-descriptors/-/merge-descriptors-1.0.1.tgz 4718ms (cache miss)
1872 http fetch GET 200 https://registry.npmjs.org/make-dir/-/make-dir-3.1.0.tgz 4714ms (cache miss)
1873 http fetch GET 200 https://registry.npmjs.org/loose-envify/-/loose-envify-1.4.0.tgz 4712ms (cache miss)
1874 http fetch GET 200 https://registry.npmjs.org/react-scripts/-/react-scripts-5.0.1.tgz 4929ms (cache miss)
1875 http fetch GET 200 https://registry.npmjs.org/makeerror/-/makeerror-1.0.12.tgz 4739ms (cache miss)
1876 http fetch GET 200 https://registry.npmjs.org/lru-cache/-/lru-cache-6.0.0.tgz 4737ms (cache miss)
1877 http fetch GET 200 https://registry.npmjs.org/lodash.merge/-/lodash.merge-4.6.2.tgz 4731ms (cache miss)
1878 http fetch GET 200 https://registry.npmjs.org/lower-case/-/lower-case-2.0.2.tgz 4775ms (cache miss)
1879 http fetch GET 200 https://registry.npmjs.org/loader-runner/-/loader-runner-4.3.0.tgz 4765ms (cache miss)
1880 http fetch GET 200 https://registry.npmjs.org/lines-and-columns/-/lines-and-columns-1.2.4.tgz 4764ms (cache miss)
1881 http fetch GET 200 https://registry.npmjs.org/lilconfig/-/lilconfig-2.0.6.tgz 4764ms (cache miss)
1882 http fetch GET 200 https://registry.npmjs.org/language-tags/-/language-tags-1.0.6.tgz 4762ms (cache miss)
1883 http fetch GET 200 https://registry.npmjs.org/leven/-/leven-3.1.0.tgz 4789ms (cache miss)
1884 http fetch GET 200 https://registry.npmjs.org/readable-stream/-/readable-stream-3.6.0.tgz 5003ms (cache miss)
1885 http fetch GET 200 https://registry.npmjs.org/mime-db/-/mime-db-1.52.0.tgz 4818ms (cache miss)
1886 http fetch GET 200 https://registry.npmjs.org/media-typer/-/media-typer-0.3.0.tgz 4814ms (cache miss)
1887 http fetch GET 200 https://registry.npmjs.org/lodash.sortby/-/lodash.sortby-4.7.0.tgz 4807ms (cache miss)
1888 http fetch GET 200 https://registry.npmjs.org/lodash.memoize/-/lodash.memoize-4.1.2.tgz 4802ms (cache miss)
1889 http fetch GET 200 https://registry.npmjs.org/locate-path/-/locate-path-6.0.0.tgz 4801ms (cache miss)
1890 http fetch GET 200 https://registry.npmjs.org/lodash.uniq/-/lodash.uniq-4.5.0.tgz 4829ms (cache miss)
1891 http fetch GET 200 https://registry.npmjs.org/lodash.debounce/-/lodash.debounce-4.0.8.tgz 4823ms (cache miss)
1892 http fetch GET 200 https://registry.npmjs.org/json-stable-stringify-without-jsonify/-/json-stable-stringify-without-jsonify-1.0.1.tgz 4810ms (cache miss)
1893 http fetch GET 200 https://registry.npmjs.org/levn/-/levn-0.4.1.tgz 4844ms (cache miss)
1894 http fetch GET 200 https://registry.npmjs.org/jsonfile/-/jsonfile-6.1.0.tgz 4837ms (cache miss)
1895 http fetch GET 200 https://registry.npmjs.org/jsonpointer/-/jsonpointer-5.0.1.tgz 4839ms (cache miss)
1896 http fetch GET 200 https://registry.npmjs.org/json-schema/-/json-schema-0.4.0.tgz 4835ms (cache miss)
1897 http fetch GET 200 https://registry.npmjs.org/kind-of/-/kind-of-6.0.3.tgz 4869ms (cache miss)
1898 http fetch GET 200 https://registry.npmjs.org/json-parse-even-better-errors/-/json-parse-even-better-errors-2.3.1.tgz 4861ms (cache miss)
1899 http fetch GET 200 https://registry.npmjs.org/jsesc/-/jsesc-2.5.2.tgz 4860ms (cache miss)
1900 http fetch GET 200 https://registry.npmjs.org/jest-watcher/-/jest-watcher-27.5.1.tgz 4857ms (cache miss)
1901 http fetch GET 200 https://registry.npmjs.org/jest-util/-/jest-util-27.5.1.tgz 4855ms (cache miss)
1902 http fetch GET 200 https://registry.npmjs.org/jest-validate/-/jest-validate-27.5.1.tgz 4856ms (cache miss)
1903 http fetch GET 200 https://registry.npmjs.org/jest-serializer/-/jest-serializer-27.5.1.tgz 4855ms (cache miss)
1904 http fetch GET 200 https://registry.npmjs.org/workbox-strategies/-/workbox-strategies-6.5.4.tgz 5248ms (cache miss)
1905 http fetch GET 200 https://registry.npmjs.org/kleur/-/kleur-3.0.3.tgz 4901ms (cache miss)
1906 http fetch GET 200 https://registry.npmjs.org/jest-resolve-dependencies/-/jest-resolve-dependencies-27.5.1.tgz 4882ms (cache miss)
1907 http fetch GET 200 https://registry.npmjs.org/qs/-/qs-6.11.0.tgz 5118ms (cache miss)
1908 http fetch GET 200 https://registry.npmjs.org/postcss-calc/-/postcss-calc-8.2.4.tgz 5013ms (cache miss)
1909 http fetch GET 200 https://registry.npmjs.org/json-schema-traverse/-/json-schema-traverse-0.4.1.tgz 4919ms (cache miss)
1910 http fetch GET 200 https://registry.npmjs.org/js-tokens/-/js-tokens-4.0.0.tgz 4910ms (cache miss)
1911 http fetch GET 200 https://registry.npmjs.org/jest-watch-typeahead/-/jest-watch-typeahead-1.1.0.tgz 4908ms (cache miss)
1912 http fetch GET 200 https://registry.npmjs.org/jest-runner/-/jest-runner-27.5.1.tgz 4905ms (cache miss)
1913 http fetch GET 200 https://registry.npmjs.org/jest-pnp-resolver/-/jest-pnp-resolver-1.2.3.tgz 4902ms (cache miss)
1914 http fetch GET 200 https://registry.npmjs.org/jest-message-util/-/jest-message-util-27.5.1.tgz 4902ms (cache miss)
1915 http fetch GET 200 https://registry.npmjs.org/jest-runtime/-/jest-runtime-27.5.1.tgz 4931ms (cache miss)
1916 http fetch GET 200 https://registry.npmjs.org/jest-regex-util/-/jest-regex-util-27.5.1.tgz 4929ms (cache miss)
1917 http fetch GET 200 https://registry.npmjs.org/jest-matcher-utils/-/jest-matcher-utils-27.5.1.tgz 4927ms (cache miss)
1918 http fetch GET 200 https://registry.npmjs.org/jest-each/-/jest-each-27.5.1.tgz 4922ms (cache miss)
1919 http fetch GET 200 https://registry.npmjs.org/jest-docblock/-/jest-docblock-27.5.1.tgz 4921ms (cache miss)
1920 http fetch GET 200 https://registry.npmjs.org/uuid/-/uuid-8.3.2.tgz 5292ms (cache miss)
1921 http fetch GET 200 https://registry.npmjs.org/jest-leak-detector/-/jest-leak-detector-27.5.1.tgz 4948ms (cache miss)
1922 http fetch GET 200 https://registry.npmjs.org/jest-environment-node/-/jest-environment-node-27.5.1.tgz 4947ms (cache miss)
1923 http fetch GET 200 https://registry.npmjs.org/jest-mock/-/jest-mock-27.5.1.tgz 4976ms (cache miss)
1924 http fetch GET 200 https://registry.npmjs.org/jest-environment-jsdom/-/jest-environment-jsdom-27.5.1.tgz 4970ms (cache miss)
1925 http fetch GET 200 https://registry.npmjs.org/jest/-/jest-27.5.1.tgz 4990ms (cache miss)
1926 http fetch GET 200 https://registry.npmjs.org/istanbul-lib-coverage/-/istanbul-lib-coverage-3.2.0.tgz 4982ms (cache miss)
1927 http fetch GET 200 https://registry.npmjs.org/isexe/-/isexe-2.0.0.tgz 4982ms (cache miss)
1928 http fetch GET 200 https://registry.npmjs.org/isarray/-/isarray-1.0.0.tgz 4982ms (cache miss)
1929 http fetch GET 200 https://registry.npmjs.org/is-weakset/-/is-weakset-2.0.2.tgz 4981ms (cache miss)
1930 http fetch GET 200 https://registry.npmjs.org/istanbul-lib-source-maps/-/istanbul-lib-source-maps-4.0.1.tgz 4985ms (cache miss)
1931 http fetch GET 200 https://registry.npmjs.org/react-dev-utils/-/react-dev-utils-12.0.1.tgz 5246ms (cache miss)
1932 http fetch GET 200 https://registry.npmjs.org/loader-utils/-/loader-utils-2.0.4.tgz 5053ms (cache miss)
1933 http fetch GET 200 https://registry.npmjs.org/jest-get-type/-/jest-get-type-27.5.1.tgz 5026ms (cache miss)
1934 http fetch GET 200 https://registry.npmjs.org/is-typed-array/-/is-typed-array-1.1.10.tgz 5007ms (cache miss)
1935 http fetch GET 200 https://registry.npmjs.org/is-typedarray/-/is-typedarray-1.0.0.tgz 5008ms (cache miss)
1936 http fetch GET 200 https://registry.npmjs.org/is-string/-/is-string-1.0.7.tgz 5006ms (cache miss)
1937 http fetch GET 200 https://registry.npmjs.org/workbox-background-sync/-/workbox-background-sync-6.5.4.tgz 5411ms (cache miss)
1938 http fetch GET 200 https://registry.npmjs.org/mini-css-extract-plugin/-/mini-css-extract-plugin-2.7.1.tgz 5100ms (cache miss)
1939 http fetch GET 200 https://registry.npmjs.org/klona/-/klona-2.0.5.tgz 5071ms (cache miss)
1940 http fetch GET 200 https://registry.npmjs.org/jest-changed-files/-/jest-changed-files-27.5.1.tgz 5038ms (cache miss)
1941 http fetch GET 200 https://registry.npmjs.org/istanbul-lib-instrument/-/istanbul-lib-instrument-5.2.1.tgz 5031ms (cache miss)
1942 http fetch GET 200 https://registry.npmjs.org/is-weakref/-/is-weakref-1.0.2.tgz 5027ms (cache miss)
1943 http fetch GET 200 https://registry.npmjs.org/is-wsl/-/is-wsl-2.2.0.tgz 5028ms (cache miss)
1944 http fetch GET 200 https://registry.npmjs.org/is-weakmap/-/is-weakmap-2.0.1.tgz 5027ms (cache miss)
1945 http fetch GET 200 https://registry.npmjs.org/is-set/-/is-set-2.0.2.tgz 5023ms (cache miss)
1946 http fetch GET 200 https://registry.npmjs.org/minimist/-/minimist-1.2.7.tgz 5126ms (cache miss)
1947 http fetch GET 200 https://registry.npmjs.org/istanbul-lib-report/-/istanbul-lib-report-3.0.0.tgz 5056ms (cache miss)
1948 http fetch GET 200 https://registry.npmjs.org/is-symbol/-/is-symbol-1.0.4.tgz 5049ms (cache miss)
1949 http fetch GET 200 https://registry.npmjs.org/is-shared-array-buffer/-/is-shared-array-buffer-1.0.2.tgz 5046ms (cache miss)
1950 http fetch GET 200 https://registry.npmjs.org/is-stream/-/is-stream-2.0.1.tgz 5048ms (cache miss)
1951 http fetch GET 200 https://registry.npmjs.org/is-regex/-/is-regex-1.1.4.tgz 5045ms (cache miss)
1952 http fetch GET 200 https://registry.npmjs.org/is-regexp/-/is-regexp-1.0.0.tgz 5045ms (cache miss)
1953 http fetch GET 200 https://registry.npmjs.org/is-path-inside/-/is-path-inside-3.0.3.tgz 5043ms (cache miss)
1954 http fetch GET 200 https://registry.npmjs.org/is-plain-obj/-/is-plain-obj-3.0.0.tgz 5043ms (cache miss)
1955 http fetch GET 200 https://registry.npmjs.org/is-potential-custom-element-name/-/is-potential-custom-element-name-1.0.1.tgz 5044ms (cache miss)
1956 http fetch GET 200 https://registry.npmjs.org/is-root/-/is-root-2.1.0.tgz 5064ms (cache miss)
1957 http fetch GET 200 https://registry.npmjs.org/is-obj/-/is-obj-1.0.1.tgz 5060ms (cache miss)
1958 http fetch GET 200 https://registry.npmjs.org/is-negative-zero/-/is-negative-zero-2.0.2.tgz 5053ms (cache miss)
1959 http fetch GET 200 https://registry.npmjs.org/is-map/-/is-map-2.0.2.tgz 5052ms (cache miss)
1960 http fetch GET 200 https://registry.npmjs.org/is-glob/-/is-glob-4.0.3.tgz 5051ms (cache miss)
1961 http fetch GET 200 https://registry.npmjs.org/postcss-selector-parser/-/postcss-selector-parser-6.0.11.tgz 5321ms (cache miss)
1962 http fetch GET 200 https://registry.npmjs.org/is-docker/-/is-docker-2.2.1.tgz 5075ms (cache miss)
1963 http fetch GET 200 https://registry.npmjs.org/is-core-module/-/is-core-module-2.11.0.tgz 5074ms (cache miss)
1964 http fetch GET 200 https://registry.npmjs.org/is-date-object/-/is-date-object-1.0.5.tgz 5075ms (cache miss)
1965 http fetch GET 200 https://registry.npmjs.org/is-fullwidth-code-point/-/is-fullwidth-code-point-3.0.0.tgz 5072ms (cache miss)
1966 http fetch GET 200 https://registry.npmjs.org/is-boolean-object/-/is-boolean-object-1.1.2.tgz 5073ms (cache miss)
1967 http fetch GET 200 https://registry.npmjs.org/is-number/-/is-number-7.0.0.tgz 5105ms (cache miss)
1968 http fetch GET 200 https://registry.npmjs.org/is-binary-path/-/is-binary-path-2.1.0.tgz 5097ms (cache miss)
1969 http fetch GET 200 https://registry.npmjs.org/is-bigint/-/is-bigint-1.0.4.tgz 5096ms (cache miss)
1970 http fetch GET 200 https://registry.npmjs.org/is-arguments/-/is-arguments-1.1.1.tgz 5096ms (cache miss)
1971 http fetch GET 200 https://registry.npmjs.org/internal-slot/-/internal-slot-1.0.3.tgz 5094ms (cache miss)
1972 http fetch GET 200 https://registry.npmjs.org/uri-js/-/uri-js-4.4.1.tgz 5506ms (cache miss)
1973 http fetch GET 200 https://registry.npmjs.org/is-extglob/-/is-extglob-2.1.1.tgz 5125ms (cache miss)
1974 http fetch GET 200 https://registry.npmjs.org/is-module/-/is-module-1.0.0.tgz 5128ms (cache miss)
1975 http fetch GET 200 https://registry.npmjs.org/is-callable/-/is-callable-1.2.7.tgz 5122ms (cache miss)
1976 http fetch GET 200 https://registry.npmjs.org/ipaddr.js/-/ipaddr.js-2.0.1.tgz 5118ms (cache miss)
1977 http fetch GET 200 https://registry.npmjs.org/jest-resolve/-/jest-resolve-27.5.1.tgz 5200ms (cache miss)
1978 http fetch GET 200 https://registry.npmjs.org/is-number-object/-/is-number-object-1.0.7.tgz 5168ms (cache miss)
1979 http fetch GET 200 https://registry.npmjs.org/is-generator-fn/-/is-generator-fn-2.1.0.tgz 5159ms (cache miss)
1980 http fetch GET 200 https://registry.npmjs.org/is-arrayish/-/is-arrayish-0.2.1.tgz 5152ms (cache miss)
1981 http fetch GET 200 https://registry.npmjs.org/import-fresh/-/import-fresh-3.3.0.tgz 5145ms (cache miss)
1982 http fetch GET 200 https://registry.npmjs.org/inherits/-/inherits-2.0.4.tgz 5149ms (cache miss)
1983 http fetch GET 200 https://registry.npmjs.org/inflight/-/inflight-1.0.6.tgz 5148ms (cache miss)
1984 http fetch GET 200 https://registry.npmjs.org/ini/-/ini-1.3.8.tgz 5175ms (cache miss)
1985 http fetch GET 200 https://registry.npmjs.org/icss-utils/-/icss-utils-5.1.0.tgz 5168ms (cache miss)
1986 http fetch GET 200 https://registry.npmjs.org/identity-obj-proxy/-/identity-obj-proxy-3.0.0.tgz 5169ms (cache miss)
1987 http fetch GET 200 https://registry.npmjs.org/yargs/-/yargs-16.2.0.tgz 5633ms (cache miss)
1988 http fetch GET 200 https://registry.npmjs.org/imurmurhash/-/imurmurhash-0.1.4.tgz 5198ms (cache miss)
1989 http fetch GET 200 https://registry.npmjs.org/import-local/-/import-local-3.1.0.tgz 5197ms (cache miss)
1990 http fetch GET 200 https://registry.npmjs.org/indent-string/-/indent-string-4.0.0.tgz 5199ms (cache miss)
1991 http fetch GET 200 https://registry.npmjs.org/ignore/-/ignore-5.2.1.tgz 5214ms (cache miss)
1992 http fetch GET 200 https://registry.npmjs.org/http-proxy-agent/-/http-proxy-agent-4.0.1.tgz 5207ms (cache miss)
1993 http fetch GET 200 https://registry.npmjs.org/http-deceiver/-/http-deceiver-1.2.7.tgz 5204ms (cache miss)
1994 http fetch GET 200 https://registry.npmjs.org/semver/-/semver-7.3.8.tgz 5558ms (cache miss)
1995 http fetch GET 200 https://registry.npmjs.org/object-inspect/-/object-inspect-1.12.2.tgz 5369ms (cache miss)
1996 http fetch GET 200 https://registry.npmjs.org/https-proxy-agent/-/https-proxy-agent-5.0.1.tgz 5226ms (cache miss)
1997 http fetch GET 200 https://registry.npmjs.org/html-encoding-sniffer/-/html-encoding-sniffer-2.0.1.tgz 5219ms (cache miss)
1998 http fetch GET 200 https://registry.npmjs.org/lz-string/-/lz-string-1.4.4.tgz 5356ms (cache miss)
1999 http fetch GET 200 https://registry.npmjs.org/magic-string/-/magic-string-0.25.9.tgz 5357ms (cache miss)
2000 http fetch GET 200 https://registry.npmjs.org/jest-diff/-/jest-diff-27.5.1.tgz 5309ms (cache miss)
2001 http fetch GET 200 https://registry.npmjs.org/html-escaper/-/html-escaper-2.0.2.tgz 5244ms (cache miss)
2002 http fetch GET 200 https://registry.npmjs.org/http-errors/-/http-errors-2.0.0.tgz 5247ms (cache miss)
2003 http fetch GET 200 https://registry.npmjs.org/has-tostringtag/-/has-tostringtag-1.0.0.tgz 5241ms (cache miss)
2004 http fetch GET 200 https://registry.npmjs.org/http-parser-js/-/http-parser-js-0.5.8.tgz 5268ms (cache miss)
2005 http fetch GET 200 https://registry.npmjs.org/hoopy/-/hoopy-0.1.4.tgz 5263ms (cache miss)
2006 http fetch GET 200 https://registry.npmjs.org/has-flag/-/has-flag-3.0.0.tgz 5260ms (cache miss)
2007 http fetch GET 200 https://registry.npmjs.org/gzip-size/-/gzip-size-6.0.0.tgz 5257ms (cache miss)
2008 http fetch GET 200 https://registry.npmjs.org/has-property-descriptors/-/has-property-descriptors-1.0.0.tgz 5286ms (cache miss)
2009 http fetch GET 200 https://registry.npmjs.org/harmony-reflect/-/harmony-reflect-1.6.2.tgz 5283ms (cache miss)
2010 http fetch GET 200 https://registry.npmjs.org/gopd/-/gopd-1.0.1.tgz 5279ms (cache miss)
2011 http fetch GET 200 https://registry.npmjs.org/handle-thing/-/handle-thing-2.0.1.tgz 5282ms (cache miss)
2012 http fetch GET 200 https://registry.npmjs.org/globby/-/globby-11.1.0.tgz 5278ms (cache miss)
2013 http fetch GET 200 https://registry.npmjs.org/globals/-/globals-11.12.0.tgz 5279ms (cache miss)
2014 http fetch GET 200 https://registry.npmjs.org/react-transition-group/-/react-transition-group-4.4.5.tgz 5628ms (cache miss)
2015 http fetch GET 200 https://registry.npmjs.org/jest-snapshot/-/jest-snapshot-27.5.1.tgz 5398ms (cache miss)
2016 http fetch GET 200 https://registry.npmjs.org/html-entities/-/html-entities-2.3.3.tgz 5322ms (cache miss)
2017 http fetch GET 200 https://registry.npmjs.org/he/-/he-1.2.0.tgz 5319ms (cache miss)
2018 http fetch GET 200 https://registry.npmjs.org/has-bigints/-/has-bigints-1.0.2.tgz 5315ms (cache miss)
2019 http fetch GET 200 https://registry.npmjs.org/has/-/has-1.0.3.tgz 5315ms (cache miss)
2020 http fetch GET 200 https://registry.npmjs.org/graceful-fs/-/graceful-fs-4.2.10.tgz 5312ms (cache miss)
2021 http fetch GET 200 https://registry.npmjs.org/json5/-/json5-2.2.1.tgz 5434ms (cache miss)
2022 http fetch GET 200 https://registry.npmjs.org/html-minifier-terser/-/html-minifier-terser-6.1.0.tgz 5344ms (cache miss)
2023 http fetch GET 200 https://registry.npmjs.org/global-prefix/-/global-prefix-3.0.0.tgz 5325ms (cache miss)
2024 http fetch GET 200 https://registry.npmjs.org/glob-to-regexp/-/glob-to-regexp-0.4.1.tgz 5323ms (cache miss)
2025 http fetch GET 200 https://registry.npmjs.org/get-symbol-description/-/get-symbol-description-1.0.0.tgz 5321ms (cache miss)
2026 http fetch GET 200 https://registry.npmjs.org/get-stream/-/get-stream-6.0.1.tgz 5321ms (cache miss)
2027 http fetch GET 200 https://registry.npmjs.org/human-signals/-/human-signals-2.1.0.tgz 5386ms (cache miss)
2028 http fetch GET 200 https://registry.npmjs.org/global-modules/-/global-modules-2.0.0.tgz 5354ms (cache miss)
2029 http fetch GET 200 https://registry.npmjs.org/function.prototype.name/-/function.prototype.name-1.1.5.tgz 5344ms (cache miss)
2030 http fetch GET 200 https://registry.npmjs.org/gensync/-/gensync-1.0.0-beta.2.tgz 5345ms (cache miss)
2031 http fetch GET 200 https://registry.npmjs.org/has-symbols/-/has-symbols-1.0.3.tgz 5402ms (cache miss)
2032 http fetch GET 200 https://registry.npmjs.org/glob-parent/-/glob-parent-6.0.2.tgz 5384ms (cache miss)
2033 http fetch GET 200 https://registry.npmjs.org/glob/-/glob-7.2.3.tgz 5384ms (cache miss)
2034 http fetch GET 200 https://registry.npmjs.org/get-own-enumerable-property-symbols/-/get-own-enumerable-property-symbols-3.0.2.tgz 5382ms (cache miss)
2035 http fetch GET 200 https://registry.npmjs.org/get-intrinsic/-/get-intrinsic-1.1.3.tgz 5381ms (cache miss)
2036 http fetch GET 200 https://registry.npmjs.org/functions-have-names/-/functions-have-names-1.2.3.tgz 5379ms (cache miss)
2037 http fetch GET 200 https://registry.npmjs.org/fs-monkey/-/fs-monkey-1.0.3.tgz 5376ms (cache miss)
2038 http fetch GET 200 https://registry.npmjs.org/get-package-type/-/get-package-type-0.1.0.tgz 5411ms (cache miss)
2039 http fetch GET 200 https://registry.npmjs.org/get-caller-file/-/get-caller-file-2.0.5.tgz 5409ms (cache miss)
2040 http fetch GET 200 https://registry.npmjs.org/forwarded/-/forwarded-0.2.0.tgz 5401ms (cache miss)
2041 http fetch GET 200 https://registry.npmjs.org/fresh/-/fresh-0.5.2.tgz 5404ms (cache miss)
2042 http fetch GET 200 https://registry.npmjs.org/for-each/-/for-each-0.3.3.tgz 5401ms (cache miss)
2043 http fetch GET 200 https://registry.npmjs.org/jest-circus/-/jest-circus-27.5.1.tgz 5520ms (cache miss)
2044 http fetch GET 200 https://registry.npmjs.org/jest-cli/-/jest-cli-27.5.1.tgz 5521ms (cache miss)
2045 http fetch GET 200 https://registry.npmjs.org/function-bind/-/function-bind-1.1.1.tgz 5429ms (cache miss)
2046 http fetch GET 200 https://registry.npmjs.org/form-data/-/form-data-3.0.1.tgz 5424ms (cache miss)
2047 http fetch GET 200 https://registry.npmjs.org/fraction.js/-/fraction.js-4.2.0.tgz 5425ms (cache miss)
2048 http fetch GET 200 https://registry.npmjs.org/find-up/-/find-up-5.0.0.tgz 5419ms (cache miss)
2049 http fetch GET 200 https://registry.npmjs.org/find-cache-dir/-/find-cache-dir-3.3.2.tgz 5419ms (cache miss)
2050 http fetch GET 200 https://registry.npmjs.org/jest-worker/-/jest-worker-27.5.1.tgz 5634ms (cache miss)
2051 http fetch GET 200 https://registry.npmjs.org/flat-cache/-/flat-cache-3.0.4.tgz 5515ms (cache miss)
2052 http fetch GET 200 https://registry.npmjs.org/fill-range/-/fill-range-7.0.1.tgz 5514ms (cache miss)
2053 http fetch GET 200 https://registry.npmjs.org/filelist/-/filelist-1.0.4.tgz 5507ms (cache miss)
2054 http fetch GET 200 https://registry.npmjs.org/finalhandler/-/finalhandler-1.2.0.tgz 5515ms (cache miss)
2055 http fetch GET 200 https://registry.npmjs.org/fs.realpath/-/fs.realpath-1.0.0.tgz 5559ms (cache miss)
2056 http fetch GET 200 https://registry.npmjs.org/flatted/-/flatted-3.2.7.tgz 5551ms (cache miss)
2057 http fetch GET 200 https://registry.npmjs.org/file-entry-cache/-/file-entry-cache-6.0.1.tgz 5539ms (cache miss)
2058 http fetch GET 200 https://registry.npmjs.org/file-loader/-/file-loader-6.2.0.tgz 5541ms (cache miss)
2059 http fetch GET 200 https://registry.npmjs.org/fastq/-/fastq-1.14.0.tgz 5537ms (cache miss)
2060 http fetch GET 200 https://registry.npmjs.org/fb-watchman/-/fb-watchman-2.0.2.tgz 5560ms (cache miss)
2061 http fetch GET 200 https://registry.npmjs.org/faye-websocket/-/faye-websocket-0.11.4.tgz 5561ms (cache miss)
2062 http fetch GET 200 https://registry.npmjs.org/fast-deep-equal/-/fast-deep-equal-3.1.3.tgz 5556ms (cache miss)
2063 http fetch GET 200 https://registry.npmjs.org/exit/-/exit-0.1.2.tgz 5556ms (cache miss)
2064 http fetch GET 200 https://registry.npmjs.org/fast-levenshtein/-/fast-levenshtein-2.0.6.tgz 5559ms (cache miss)
2065 http fetch GET 200 https://registry.npmjs.org/follow-redirects/-/follow-redirects-1.15.2.tgz 5577ms (cache miss)
2066 http fetch GET 200 https://registry.npmjs.org/idb/-/idb-7.1.1.tgz 5641ms (cache miss)
2067 http fetch GET 200 https://registry.npmjs.org/fast-json-stable-stringify/-/fast-json-stable-stringify-2.1.0.tgz 5573ms (cache miss)
2068 http fetch GET 200 https://registry.npmjs.org/yaml/-/yaml-1.10.2.tgz 6103ms (cache miss)
2069 http fetch GET 200 https://registry.npmjs.org/tsconfig-paths/-/tsconfig-paths-3.14.1.tgz 6045ms (cache miss)
2070 http fetch GET 200 https://registry.npmjs.org/jest-config/-/jest-config-27.5.1.tgz 5717ms (cache miss)
2071 http fetch GET 200 https://registry.npmjs.org/grapheme-splitter/-/grapheme-splitter-1.0.4.tgz 5643ms (cache miss)
2072 http fetch GET 200 https://registry.npmjs.org/eventemitter3/-/eventemitter3-4.0.7.tgz 5592ms (cache miss)
2073 http fetch GET 200 https://registry.npmjs.org/esrecurse/-/esrecurse-4.3.0.tgz 5590ms (cache miss)
2074 http fetch GET 200 https://registry.npmjs.org/workbox-window/-/workbox-window-6.5.4.tgz 6123ms (cache miss)
2075 http fetch GET 200 https://registry.npmjs.org/memfs/-/memfs-3.4.12.tgz 5795ms (cache miss)
2076 http fetch GET 200 https://registry.npmjs.org/esutils/-/esutils-2.0.3.tgz 5615ms (cache miss)
2077 http fetch GET 200 https://registry.npmjs.org/eslint-webpack-plugin/-/eslint-webpack-plugin-3.2.0.tgz 5609ms (cache miss)
2078 http fetch GET 200 https://registry.npmjs.org/eslint-visitor-keys/-/eslint-visitor-keys-3.3.0.tgz 5608ms (cache miss)
2079 http fetch GET 200 https://registry.npmjs.org/web-vitals/-/web-vitals-2.1.4.tgz 6128ms (cache miss)
2080 http fetch GET 200 https://registry.npmjs.org/filesize/-/filesize-8.0.7.tgz 5658ms (cache miss)
2081 http fetch GET 200 https://registry.npmjs.org/etag/-/etag-1.8.1.tgz 5640ms (cache miss)
2082 http fetch GET 200 https://registry.npmjs.org/estree-walker/-/estree-walker-1.0.1.tgz 5638ms (cache miss)
2083 http fetch GET 200 https://registry.npmjs.org/estraverse/-/estraverse-5.3.0.tgz 5638ms (cache miss)
2084 http fetch GET 200 https://registry.npmjs.org/execa/-/execa-5.1.1.tgz 5669ms (cache miss)
2085 http fetch GET 200 https://registry.npmjs.org/eslint-import-resolver-node/-/eslint-import-resolver-node-0.3.6.tgz 5645ms (cache miss)
2086 http fetch GET 200 https://registry.npmjs.org/htmlparser2/-/htmlparser2-6.1.0.tgz 5750ms (cache miss)
2087 http fetch GET 200 https://registry.npmjs.org/eslint-config-react-app/-/eslint-config-react-app-7.0.1.tgz 5663ms (cache miss)
2088 http fetch GET 200 https://registry.npmjs.org/escape-string-regexp/-/escape-string-regexp-1.0.5.tgz 5661ms (cache miss)
2089 http fetch GET 200 https://registry.npmjs.org/hpack.js/-/hpack.js-2.1.6.tgz 5768ms (cache miss)
2090 http fetch GET 200 https://registry.npmjs.org/eslint-module-utils/-/eslint-module-utils-2.7.4.tgz 5688ms (cache miss)
2091 http fetch GET 200 https://registry.npmjs.org/escalade/-/escalade-3.1.1.tgz 5682ms (cache miss)
2092 http fetch GET 200 https://registry.npmjs.org/eslint-plugin-react-hooks/-/eslint-plugin-react-hooks-4.6.0.tgz 5726ms (cache miss)
2093 http fetch GET 200 https://registry.npmjs.org/es-get-iterator/-/es-get-iterator-1.1.2.tgz 5706ms (cache miss)
2094 http fetch GET 200 https://registry.npmjs.org/es-shim-unscopables/-/es-shim-unscopables-1.0.0.tgz 5708ms (cache miss)
2095 http fetch GET 200 https://registry.npmjs.org/error-ex/-/error-ex-1.3.2.tgz 5703ms (cache miss)
2096 http fetch GET 200 https://registry.npmjs.org/es-array-method-boxes-properly/-/es-array-method-boxes-properly-1.0.0.tgz 5706ms (cache miss)
2097 http fetch GET 200 https://registry.npmjs.org/parse5/-/parse5-6.0.1.tgz 6000ms (cache miss)
2098 http fetch GET 200 https://registry.npmjs.org/postcss/-/postcss-8.4.19.tgz 6012ms (cache miss)
2099 http fetch GET 200 https://registry.npmjs.org/serve-index/-/serve-index-1.9.1.tgz 6170ms (cache miss)
2100 http fetch GET 200 https://registry.npmjs.org/espree/-/espree-9.4.1.tgz 5762ms (cache miss)
2101 http fetch GET 200 https://registry.npmjs.org/escodegen/-/escodegen-2.0.0.tgz 5743ms (cache miss)
2102 http fetch GET 200 https://registry.npmjs.org/escape-html/-/escape-html-1.0.3.tgz 5741ms (cache miss)
2103 http fetch GET 200 https://registry.npmjs.org/error-stack-parser/-/error-stack-parser-2.1.4.tgz 5736ms (cache miss)
2104 http fetch GET 200 https://registry.npmjs.org/encodeurl/-/encodeurl-1.0.2.tgz 5734ms (cache miss)
2105 http fetch GET 200 https://registry.npmjs.org/jest-haste-map/-/jest-haste-map-27.5.1.tgz 5923ms (cache miss)
2106 http fetch GET 200 https://registry.npmjs.org/http-proxy/-/http-proxy-1.18.1.tgz 5858ms (cache miss)
2107 http fetch GET 200 https://registry.npmjs.org/es-module-lexer/-/es-module-lexer-0.9.3.tgz 5765ms (cache miss)
2108 http fetch GET 200 https://registry.npmjs.org/ee-first/-/ee-first-1.1.1.tgz 5756ms (cache miss)
2109 http fetch GET 200 https://registry.npmjs.org/duplexer/-/duplexer-0.1.2.tgz 5756ms (cache miss)
2110 http fetch GET 200 https://registry.npmjs.org/emojis-list/-/emojis-list-3.0.0.tgz 5785ms (cache miss)
2111 http fetch GET 200 https://registry.npmjs.org/emittery/-/emittery-0.8.1.tgz 5784ms (cache miss)
2112 http fetch GET 200 https://registry.npmjs.org/dotenv/-/dotenv-10.0.0.tgz 5774ms (cache miss)
2113 http fetch GET 200 https://registry.npmjs.org/dot-case/-/dot-case-3.0.4.tgz 5775ms (cache miss)
2114 http fetch GET 200 https://registry.npmjs.org/domutils/-/domutils-2.8.0.tgz 5775ms (cache miss)
2115 http fetch GET 200 https://registry.npmjs.org/emoji-regex/-/emoji-regex-9.2.2.tgz 5809ms (cache miss)
2116 http fetch GET 200 https://registry.npmjs.org/dotenv-expand/-/dotenv-expand-5.1.0.tgz 5801ms (cache miss)
2117 http fetch GET 200 https://registry.npmjs.org/dom-serializer/-/dom-serializer-1.4.1.tgz 5796ms (cache miss)
2118 http fetch GET 200 https://registry.npmjs.org/domelementtype/-/domelementtype-2.3.0.tgz 5798ms (cache miss)
2119 http fetch GET 200 https://registry.npmjs.org/dns-equal/-/dns-equal-1.0.0.tgz 5813ms (cache miss)
2120 http fetch GET 200 https://registry.npmjs.org/dlv/-/dlv-1.1.3.tgz 5813ms (cache miss)
2121 http fetch GET 200 https://registry.npmjs.org/dir-glob/-/dir-glob-3.0.1.tgz 5812ms (cache miss)
2122 http fetch GET 200 https://registry.npmjs.org/didyoumean/-/didyoumean-1.2.2.tgz 5811ms (cache miss)
2123 http fetch GET 200 https://registry.npmjs.org/tsutils/-/tsutils-3.21.0.tgz 6341ms (cache miss)
2124 http fetch GET 200 https://registry.npmjs.org/domexception/-/domexception-2.0.1.tgz 5842ms (cache miss)
2125 http fetch GET 200 https://registry.npmjs.org/diff-sequences/-/diff-sequences-27.5.1.tgz 5836ms (cache miss)
2126 http fetch GET 200 https://registry.npmjs.org/depd/-/depd-2.0.0.tgz 5831ms (cache miss)
2127 http fetch GET 200 https://registry.npmjs.org/http-proxy-middleware/-/http-proxy-middleware-2.0.6.tgz 5991ms (cache miss)
2128 http fetch GET 200 https://registry.npmjs.org/eslint-scope/-/eslint-scope-7.1.1.tgz 5918ms (cache miss)
2129 http fetch GET 200 https://registry.npmjs.org/domhandler/-/domhandler-4.3.1.tgz 5876ms (cache miss)
2130 http fetch GET 200 https://registry.npmjs.org/dom-converter/-/dom-converter-0.2.0.tgz 5875ms (cache miss)
2131 http fetch GET 200 https://registry.npmjs.org/detective/-/detective-5.2.1.tgz 5871ms (cache miss)
2132 http fetch GET 200 https://registry.npmjs.org/dns-packet/-/dns-packet-5.4.0.tgz 5908ms (cache miss)
2133 http fetch GET 200 https://registry.npmjs.org/detect-newline/-/detect-newline-3.1.0.tgz 5904ms (cache miss)
2134 http fetch GET 200 https://registry.npmjs.org/detect-node/-/detect-node-2.1.0.tgz 5904ms (cache miss)
2135 http fetch GET 200 https://registry.npmjs.org/defined/-/defined-1.0.1.tgz 5901ms (cache miss)
2136 http fetch GET 200 https://registry.npmjs.org/delayed-stream/-/delayed-stream-1.0.0.tgz 5903ms (cache miss)
2137 http fetch GET 200 https://registry.npmjs.org/define-properties/-/define-properties-1.1.4.tgz 5901ms (cache miss)
2138 http fetch GET 200 https://registry.npmjs.org/define-lazy-prop/-/define-lazy-prop-2.0.0.tgz 5901ms (cache miss)
2139 http fetch GET 200 https://registry.npmjs.org/destroy/-/destroy-1.2.0.tgz 5931ms (cache miss)
2140 http fetch GET 200 https://registry.npmjs.org/deepmerge/-/deepmerge-4.2.2.tgz 5926ms (cache miss)
2141 http fetch GET 200 https://registry.npmjs.org/deep-is/-/deep-is-0.1.4.tgz 5919ms (cache miss)
2142 http fetch GET 200 https://registry.npmjs.org/esprima/-/esprima-4.0.1.tgz 5998ms (cache miss)
2143 http fetch GET 200 https://registry.npmjs.org/ejs/-/ejs-3.1.8.tgz 5965ms (cache miss)
2144 http fetch GET 200 https://registry.npmjs.org/detect-port-alt/-/detect-port-alt-1.1.6.tgz 5945ms (cache miss)
2145 http fetch GET 200 https://registry.npmjs.org/default-gateway/-/default-gateway-6.0.3.tgz 5940ms (cache miss)
2146 http fetch GET 200 https://registry.npmjs.org/debug/-/debug-4.3.4.tgz 5926ms (cache miss)
2147 http fetch GET 200 https://registry.npmjs.org/damerau-levenshtein/-/damerau-levenshtein-1.0.8.tgz 5922ms (cache miss)
2148 http fetch GET 200 https://registry.npmjs.org/data-urls/-/data-urls-2.0.0.tgz 5925ms (cache miss)
2149 http fetch GET 200 https://registry.npmjs.org/mdn-data/-/mdn-data-2.0.4.tgz 6205ms (cache miss)
2150 http fetch GET 200 https://registry.npmjs.org/es-to-primitive/-/es-to-primitive-1.2.1.tgz 5998ms (cache miss)
2151 http fetch GET 200 https://registry.npmjs.org/doctrine/-/doctrine-3.0.0.tgz 5973ms (cache miss)
2152 http fetch GET 200 https://registry.npmjs.org/dedent/-/dedent-0.7.0.tgz 5952ms (cache miss)
2153 http fetch GET 200 https://registry.npmjs.org/cssom/-/cssom-0.4.4.tgz 5941ms (cache miss)
2154 http fetch GET 200 https://registry.npmjs.org/cssnano-utils/-/cssnano-utils-3.1.0.tgz 5938ms (cache miss)
2155 http fetch GET 200 https://registry.npmjs.org/cssnano-preset-default/-/cssnano-preset-default-5.2.13.tgz 5938ms (cache miss)
2156 http fetch GET 200 https://registry.npmjs.org/webpack-dev-server/-/webpack-dev-server-4.11.1.tgz 6538ms (cache miss)
2157 http fetch GET 200 https://registry.npmjs.org/css-what/-/css-what-6.1.0.tgz 5951ms (cache miss)
2158 http fetch GET 200 https://registry.npmjs.org/css-select-base-adapter/-/css-select-base-adapter-0.1.1.tgz 5944ms (cache miss)
2159 http fetch GET 200 https://registry.npmjs.org/eslint-utils/-/eslint-utils-3.0.0.tgz 6060ms (cache miss)
2160 http fetch GET 200 https://registry.npmjs.org/electron-to-chromium/-/electron-to-chromium-1.4.284.tgz 6030ms (cache miss)
2161 http fetch GET 200 https://registry.npmjs.org/css-minimizer-webpack-plugin/-/css-minimizer-webpack-plugin-3.4.1.tgz 5957ms (cache miss)
2162 http fetch GET 200 https://registry.npmjs.org/entities/-/entities-2.2.0.tgz 6057ms (cache miss)
2163 http fetch GET 200 https://registry.npmjs.org/cssesc/-/cssesc-3.0.0.tgz 6000ms (cache miss)
2164 http fetch GET 200 https://registry.npmjs.org/css.escape/-/css.escape-1.5.1.tgz 5999ms (cache miss)
2165 http fetch GET 200 https://registry.npmjs.org/cssdb/-/cssdb-7.2.0.tgz 6019ms (cache miss)
2166 http fetch GET 200 https://registry.npmjs.org/core-util-is/-/core-util-is-1.0.3.tgz 5981ms (cache miss)
2167 http fetch GET 200 https://registry.npmjs.org/deep-equal/-/deep-equal-2.1.0.tgz 6058ms (cache miss)
2168 http fetch GET 200 https://registry.npmjs.org/cssnano/-/cssnano-5.1.14.tgz 6041ms (cache miss)
2169 http fetch GET 200 https://registry.npmjs.org/cookie-signature/-/cookie-signature-1.0.6.tgz 5998ms (cache miss)
2170 http fetch GET 200 https://registry.npmjs.org/cookie/-/cookie-0.5.0.tgz 5998ms (cache miss)
2171 http fetch GET 200 https://registry.npmjs.org/content-disposition/-/content-disposition-0.5.4.tgz 5995ms (cache miss)
2172 http fetch GET 200 https://registry.npmjs.org/express/-/express-4.18.2.tgz 6157ms (cache miss)
2173 http fetch GET 200 https://registry.npmjs.org/expect/-/expect-27.5.1.tgz 6155ms (cache miss)
2174 http fetch GET 200 https://registry.npmjs.org/crypto-random-string/-/crypto-random-string-2.0.0.tgz 6024ms (cache miss)
2175 http fetch GET 200 https://registry.npmjs.org/cross-spawn/-/cross-spawn-7.0.3.tgz 6023ms (cache miss)
2176 http fetch GET 200 https://registry.npmjs.org/connect-history-api-fallback/-/connect-history-api-fallback-2.0.0.tgz 6017ms (cache miss)
2177 http fetch GET 200 https://registry.npmjs.org/confusing-browser-globals/-/confusing-browser-globals-1.0.11.tgz 6016ms (cache miss)
2178 http fetch GET 200 https://registry.npmjs.org/concat-map/-/concat-map-0.0.1.tgz 6015ms (cache miss)
2179 http fetch GET 200 https://registry.npmjs.org/content-type/-/content-type-1.0.4.tgz 6018ms (cache miss)
2180 http fetch GET 200 https://registry.npmjs.org/convert-source-map/-/convert-source-map-1.9.0.tgz 6040ms (cache miss)
2181 http fetch GET 200 https://registry.npmjs.org/compression/-/compression-1.7.4.tgz 6036ms (cache miss)
2182 http fetch GET 200 https://registry.npmjs.org/compressible/-/compressible-2.0.18.tgz 6035ms (cache miss)
2183 http fetch GET 200 https://registry.npmjs.org/common-path-prefix/-/common-path-prefix-3.0.0.tgz 6035ms (cache miss)
2184 http fetch GET 200 https://registry.npmjs.org/commondir/-/commondir-1.0.1.tgz 6036ms (cache miss)
2185 http fetch GET 200 https://registry.npmjs.org/combined-stream/-/combined-stream-1.0.8.tgz 6034ms (cache miss)
2186 http fetch GET 200 https://registry.npmjs.org/svgo/-/svgo-1.3.2.tgz 6643ms (cache miss)
2187 warn deprecated svgo@1.3.2: This SVGO version is no longer supported. Upgrade to v2.x.x.
2188 http fetch GET 200 https://registry.npmjs.org/events/-/events-3.3.0.tgz 6203ms (cache miss)
2189 http fetch GET 200 https://registry.npmjs.org/colorette/-/colorette-2.0.19.tgz 6058ms (cache miss)
2190 http fetch GET 200 https://registry.npmjs.org/color-convert/-/color-convert-1.9.3.tgz 6057ms (cache miss)
2191 http fetch GET 200 https://registry.npmjs.org/color-name/-/color-name-1.1.3.tgz 6058ms (cache miss)
2192 http fetch GET 200 https://registry.npmjs.org/collect-v8-coverage/-/collect-v8-coverage-1.0.1.tgz 6077ms (cache miss)
2193 http fetch GET 200 https://registry.npmjs.org/co/-/co-4.6.0.tgz 6076ms (cache miss)
2194 http fetch GET 200 https://registry.npmjs.org/chrome-trace-event/-/chrome-trace-event-1.0.3.tgz 6092ms (cache miss)
2195 http fetch GET 200 https://registry.npmjs.org/ci-info/-/ci-info-3.7.0.tgz 6093ms (cache miss)
2196 http fetch GET 200 https://registry.npmjs.org/jest-jasmine2/-/jest-jasmine2-27.5.1.tgz 6394ms (cache miss)
2197 http fetch GET 200 https://registry.npmjs.org/css-declaration-sorter/-/css-declaration-sorter-6.3.1.tgz 6143ms (cache miss)
2198 http fetch GET 200 https://registry.npmjs.org/cliui/-/cliui-7.0.4.tgz 6117ms (cache miss)
2199 http fetch GET 200 https://registry.npmjs.org/check-types/-/check-types-11.2.2.tgz 6114ms (cache miss)
2200 http fetch GET 200 https://registry.npmjs.org/char-regex/-/char-regex-1.0.2.tgz 6114ms (cache miss)
2201 http fetch GET 200 https://registry.npmjs.org/chalk/-/chalk-2.4.2.tgz 6113ms (cache miss)
2202 http fetch GET 200 https://registry.npmjs.org/caniuse-api/-/caniuse-api-3.0.0.tgz 6112ms (cache miss)
2203 http fetch GET 200 https://registry.npmjs.org/camelcase-css/-/camelcase-css-2.0.1.tgz 6112ms (cache miss)
2204 http fetch GET 200 https://registry.npmjs.org/js-yaml/-/js-yaml-3.14.1.tgz 6427ms (cache miss)
2205 http fetch GET 200 https://registry.npmjs.org/css-prefers-color-scheme/-/css-prefers-color-scheme-6.0.3.tgz 6170ms (cache miss)
2206 http fetch GET 200 https://registry.npmjs.org/css-blank-pseudo/-/css-blank-pseudo-3.0.3.tgz 6153ms (cache miss)
2207 http fetch GET 200 https://registry.npmjs.org/classnames/-/classnames-2.3.2.tgz 6135ms (cache miss)
2208 http fetch GET 200 https://registry.npmjs.org/camelcase/-/camelcase-6.3.0.tgz 6128ms (cache miss)
2209 http fetch GET 200 https://registry.npmjs.org/camel-case/-/camel-case-4.1.2.tgz 6128ms (cache miss)
2210 http fetch GET 200 https://registry.npmjs.org/call-bind/-/call-bind-1.0.2.tgz 6127ms (cache miss)
2211 http fetch GET 200 https://registry.npmjs.org/bytes/-/bytes-3.0.0.tgz 6127ms (cache miss)
2212 http fetch GET 200 https://registry.npmjs.org/builtin-modules/-/builtin-modules-3.3.0.tgz 6126ms (cache miss)
2213 http fetch GET 200 https://registry.npmjs.org/jake/-/jake-10.8.5.tgz 6426ms (cache miss)
2214 http fetch GET 200 https://registry.npmjs.org/prompts/-/prompts-2.4.2.tgz 6678ms (cache miss)
2215 http fetch GET 200 https://registry.npmjs.org/case-sensitive-paths-webpack-plugin/-/case-sensitive-paths-webpack-plugin-2.4.0.tgz 6176ms (cache miss)
2216 http fetch GET 200 https://registry.npmjs.org/callsites/-/callsites-3.1.0.tgz 6173ms (cache miss)
2217 http fetch GET 200 https://registry.npmjs.org/browser-process-hrtime/-/browser-process-hrtime-1.0.0.tgz 6164ms (cache miss)
2218 http fetch GET 200 https://registry.npmjs.org/boolbase/-/boolbase-1.0.0.tgz 6160ms (cache miss)
2219 http fetch GET 200 https://registry.npmjs.org/buffer-from/-/buffer-from-1.1.2.tgz 6172ms (cache miss)
2220 http fetch GET 200 https://registry.npmjs.org/braces/-/braces-3.0.2.tgz 6164ms (cache miss)
2221 http fetch GET 200 https://registry.npmjs.org/brace-expansion/-/brace-expansion-1.1.11.tgz 6163ms (cache miss)
2222 http fetch GET 200 https://registry.npmjs.org/bser/-/bser-2.1.1.tgz 6171ms (cache miss)
2223 http fetch GET 200 https://registry.npmjs.org/bonjour-service/-/bonjour-service-1.0.14.tgz 6160ms (cache miss)
2224 http fetch GET 200 https://registry.npmjs.org/decimal.js/-/decimal.js-10.4.2.tgz 6268ms (cache miss)
2225 http fetch GET 200 https://registry.npmjs.org/chokidar/-/chokidar-3.5.3.tgz 6194ms (cache miss)
2226 http fetch GET 200 https://registry.npmjs.org/workbox-precaching/-/workbox-precaching-6.5.4.tgz 6867ms (cache miss)
2227 http fetch GET 200 https://registry.npmjs.org/css-has-pseudo/-/css-has-pseudo-3.0.4.tgz 6238ms (cache miss)
2228 http fetch GET 200 https://registry.npmjs.org/browserslist/-/browserslist-4.21.4.tgz 6199ms (cache miss)
2229 http fetch GET 200 https://registry.npmjs.org/big.js/-/big.js-5.2.2.tgz 6186ms (cache miss)
2230 http fetch GET 200 https://registry.npmjs.org/batch/-/batch-0.6.1.tgz 6185ms (cache miss)
2231 http fetch GET 200 https://registry.npmjs.org/coa/-/coa-2.0.2.tgz 6228ms (cache miss)
2232 http fetch GET 200 https://registry.npmjs.org/balanced-match/-/balanced-match-1.0.2.tgz 6200ms (cache miss)
2233 http fetch GET 200 https://registry.npmjs.org/babel-preset-react-app/-/babel-preset-react-app-10.0.1.tgz 6199ms (cache miss)
2234 http fetch GET 200 https://registry.npmjs.org/babel-preset-current-node-syntax/-/babel-preset-current-node-syntax-1.0.1.tgz 6192ms (cache miss)
2235 http fetch GET 200 https://registry.npmjs.org/babel-plugin-polyfill-regenerator/-/babel-plugin-polyfill-regenerator-0.4.1.tgz 6190ms (cache miss)
2236 http fetch GET 200 https://registry.npmjs.org/cjs-module-lexer/-/cjs-module-lexer-1.2.2.tgz 6245ms (cache miss)
2237 http fetch GET 200 https://registry.npmjs.org/binary-extensions/-/binary-extensions-2.2.0.tgz 6221ms (cache miss)
2238 http fetch GET 200 https://registry.npmjs.org/babel-plugin-named-asset-import/-/babel-plugin-named-asset-import-0.3.8.tgz 6205ms (cache miss)
2239 http fetch GET 200 https://registry.npmjs.org/babel-plugin-istanbul/-/babel-plugin-istanbul-6.1.1.tgz 6202ms (cache miss)
2240 http fetch GET 200 https://registry.npmjs.org/babel-plugin-jest-hoist/-/babel-plugin-jest-hoist-27.5.1.tgz 6203ms (cache miss)
2241 http fetch GET 200 https://registry.npmjs.org/babel-preset-jest/-/babel-preset-jest-27.5.1.tgz 6217ms (cache miss)
2242 http fetch GET 200 https://registry.npmjs.org/babel-plugin-macros/-/babel-plugin-macros-3.1.0.tgz 6245ms (cache miss)
2243 http fetch GET 200 https://registry.npmjs.org/babel-jest/-/babel-jest-27.5.1.tgz 6241ms (cache miss)
2244 http fetch GET 200 https://registry.npmjs.org/babel-plugin-polyfill-corejs2/-/babel-plugin-polyfill-corejs2-0.3.3.tgz 6304ms (cache miss)
2245 http fetch GET 200 https://registry.npmjs.org/babel-loader/-/babel-loader-8.3.0.tgz 6300ms (cache miss)
2246 http fetch GET 200 https://registry.npmjs.org/available-typed-arrays/-/available-typed-arrays-1.0.5.tgz 6295ms (cache miss)
2247 http fetch GET 200 https://registry.npmjs.org/fs-extra/-/fs-extra-10.1.0.tgz 6532ms (cache miss)
2248 http fetch GET 200 https://registry.npmjs.org/css-loader/-/css-loader-6.7.2.tgz 6394ms (cache miss)
2249 http fetch GET 200 https://registry.npmjs.org/babel-plugin-transform-react-remove-prop-types/-/babel-plugin-transform-react-remove-prop-types-0.4.24.tgz 6326ms (cache miss)
2250 http fetch GET 200 https://registry.npmjs.org/at-least-node/-/at-least-node-1.0.0.tgz 6310ms (cache miss)
2251 http fetch GET 200 https://registry.npmjs.org/ast-types-flow/-/ast-types-flow-0.0.7.tgz 6308ms (cache miss)
2252 http fetch GET 200 https://registry.npmjs.org/asap/-/asap-2.0.6.tgz 6311ms (cache miss)
2253 http fetch GET 200 https://registry.npmjs.org/commander/-/commander-8.3.0.tgz 6385ms (cache miss)
2254 http fetch GET 200 https://registry.npmjs.org/body-parser/-/body-parser-1.20.1.tgz 6358ms (cache miss)
2255 http fetch GET 200 https://registry.npmjs.org/asynckit/-/asynckit-0.4.0.tgz 6328ms (cache miss)
2256 http fetch GET 200 https://registry.npmjs.org/array.prototype.flatmap/-/array.prototype.flatmap-1.3.1.tgz 6328ms (cache miss)
2257 http fetch GET 200 https://registry.npmjs.org/array.prototype.tosorted/-/array.prototype.tosorted-1.1.1.tgz 6335ms (cache miss)
2258 http fetch GET 200 https://registry.npmjs.org/array.prototype.flat/-/array.prototype.flat-1.3.1.tgz 6332ms (cache miss)
2259 http fetch GET 200 https://registry.npmjs.org/array-union/-/array-union-2.1.0.tgz 6332ms (cache miss)
2260 http fetch GET 200 https://registry.npmjs.org/array-flatten/-/array-flatten-2.1.2.tgz 6330ms (cache miss)
2261 http fetch GET 200 https://registry.npmjs.org/arg/-/arg-5.0.2.tgz 6333ms (cache miss)
2262 http fetch GET 200 https://registry.npmjs.org/ansi-styles/-/ansi-styles-3.2.1.tgz 6332ms (cache miss)
2263 http fetch GET 200 https://registry.npmjs.org/ansi-regex/-/ansi-regex-5.0.1.tgz 6331ms (cache miss)
2264 http fetch GET 200 https://registry.npmjs.org/ansi-html-community/-/ansi-html-community-0.0.8.tgz 6338ms (cache miss)
2265 http fetch GET 200 https://registry.npmjs.org/anymatch/-/anymatch-3.1.3.tgz 6348ms (cache miss)
2266 http fetch GET 200 https://registry.npmjs.org/ansi-escapes/-/ansi-escapes-4.3.2.tgz 6344ms (cache miss)
2267 http fetch GET 200 https://registry.npmjs.org/acorn-walk/-/acorn-walk-7.2.0.tgz 6333ms (cache miss)
2268 http fetch GET 200 https://registry.npmjs.org/object.assign/-/object.assign-4.1.4.tgz 6788ms (cache miss)
2269 http fetch GET 200 https://registry.npmjs.org/address/-/address-1.2.1.tgz 6349ms (cache miss)
2270 http fetch GET 200 https://registry.npmjs.org/acorn-jsx/-/acorn-jsx-5.3.2.tgz 6342ms (cache miss)
2271 http fetch GET 200 https://registry.npmjs.org/acorn-import-assertions/-/acorn-import-assertions-1.8.0.tgz 6341ms (cache miss)
2272 http fetch GET 200 https://registry.npmjs.org/acorn-globals/-/acorn-globals-6.0.0.tgz 6340ms (cache miss)
2273 http fetch GET 200 https://registry.npmjs.org/iconv-lite/-/iconv-lite-0.6.3.tgz 6656ms (cache miss)
2274 http fetch GET 200 https://registry.npmjs.org/array.prototype.reduce/-/array.prototype.reduce-1.0.5.tgz 6375ms (cache miss)
2275 http fetch GET 200 https://registry.npmjs.org/array-includes/-/array-includes-3.1.6.tgz 6372ms (cache miss)
2276 http fetch GET 200 https://registry.npmjs.org/accepts/-/accepts-1.3.8.tgz 6346ms (cache miss)
2277 http fetch GET 200 https://registry.npmjs.org/abab/-/abab-2.0.6.tgz 6345ms (cache miss)
2278 http fetch GET 200 https://registry.npmjs.org/@xtuc/ieee754/-/ieee754-1.2.0.tgz 6355ms (cache miss)
2279 http fetch GET 200 https://registry.npmjs.org/@webassemblyjs/wasm-opt/-/wasm-opt-1.11.1.tgz 6352ms (cache miss)
2280 http fetch GET 200 https://registry.npmjs.org/agent-base/-/agent-base-6.0.2.tgz 6391ms (cache miss)
2281 http fetch GET 200 https://registry.npmjs.org/@webassemblyjs/ieee754/-/ieee754-1.11.1.tgz 6366ms (cache miss)
2282 http fetch GET 200 https://registry.npmjs.org/@webassemblyjs/helper-wasm-bytecode/-/helper-wasm-bytecode-1.11.1.tgz 6382ms (cache miss)
2283 http fetch GET 200 https://registry.npmjs.org/@webassemblyjs/wasm-edit/-/wasm-edit-1.11.1.tgz 6392ms (cache miss)
2284 http fetch GET 200 https://registry.npmjs.org/@webassemblyjs/wast-printer/-/wast-printer-1.11.1.tgz 6404ms (cache miss)
2285 http fetch GET 200 https://registry.npmjs.org/@webassemblyjs/helper-api-error/-/helper-api-error-1.11.1.tgz 6400ms (cache miss)
2286 http fetch GET 200 https://registry.npmjs.org/@webassemblyjs/helper-numbers/-/helper-numbers-1.11.1.tgz 6415ms (cache miss)
2287 http fetch GET 200 https://registry.npmjs.org/ajv-formats/-/ajv-formats-2.1.1.tgz 6451ms (cache miss)
2288 http fetch GET 200 https://registry.npmjs.org/@webassemblyjs/leb128/-/leb128-1.11.1.tgz 6425ms (cache miss)
2289 http fetch GET 200 https://registry.npmjs.org/babel-plugin-polyfill-corejs3/-/babel-plugin-polyfill-corejs3-0.6.0.tgz 6497ms (cache miss)
2290 http fetch GET 200 https://registry.npmjs.org/@types/yargs-parser/-/yargs-parser-21.0.0.tgz 6416ms (cache miss)
2291 http fetch GET 200 https://registry.npmjs.org/@webassemblyjs/helper-buffer/-/helper-buffer-1.11.1.tgz 6435ms (cache miss)
2292 http fetch GET 200 https://registry.npmjs.org/@webassemblyjs/wasm-gen/-/wasm-gen-1.11.1.tgz 6457ms (cache miss)
2293 http fetch GET 200 https://registry.npmjs.org/renderkid/-/renderkid-3.0.0.tgz 7089ms (cache miss)
2294 http fetch GET 200 https://registry.npmjs.org/@webassemblyjs/utf8/-/utf8-1.11.1.tgz 6466ms (cache miss)
2295 http fetch GET 200 https://registry.npmjs.org/@webassemblyjs/wasm-parser/-/wasm-parser-1.11.1.tgz 6482ms (cache miss)
2296 http fetch GET 200 https://registry.npmjs.org/@webassemblyjs/helper-wasm-section/-/helper-wasm-section-1.11.1.tgz 6484ms (cache miss)
2297 http fetch GET 200 https://registry.npmjs.org/@types/ws/-/ws-8.5.3.tgz 6461ms (cache miss)
2298 http fetch GET 200 https://registry.npmjs.org/cosmiconfig/-/cosmiconfig-7.1.0.tgz 6607ms (cache miss)
2299 http fetch GET 200 https://registry.npmjs.org/core-js-compat/-/core-js-compat-3.26.1.tgz 6617ms (cache miss)
2300 http fetch GET 200 https://registry.npmjs.org/@xtuc/long/-/long-4.2.2.tgz 6513ms (cache miss)
2301 http fetch GET 200 https://registry.npmjs.org/@webassemblyjs/floating-point-hex-parser/-/floating-point-hex-parser-1.11.1.tgz 6495ms (cache miss)
2302 http fetch GET 200 https://registry.npmjs.org/css-select/-/css-select-4.3.0.tgz 6659ms (cache miss)
2303 http fetch GET 200 https://registry.npmjs.org/@typescript-eslint/visitor-keys/-/visitor-keys-5.45.0.tgz 6504ms (cache miss)
2304 http fetch GET 200 https://registry.npmjs.org/@types/trusted-types/-/trusted-types-2.0.2.tgz 6493ms (cache miss)
2305 http fetch GET 200 https://registry.npmjs.org/workbox-build/-/workbox-build-6.5.4.tgz 7285ms (cache miss)
2306 http fetch GET 200 https://registry.npmjs.org/eslint-plugin-testing-library/-/eslint-plugin-testing-library-5.9.1.tgz 6777ms (cache miss)
2307 http fetch GET 200 https://registry.npmjs.org/enhanced-resolve/-/enhanced-resolve-5.12.0.tgz 6752ms (cache miss)
2308 http fetch GET 200 https://registry.npmjs.org/@types/testing-library__jest-dom/-/testing-library__jest-dom-5.14.5.tgz 6512ms (cache miss)
2309 http fetch GET 200 https://registry.npmjs.org/@types/stack-utils/-/stack-utils-2.0.1.tgz 6511ms (cache miss)
2310 http fetch GET 200 https://registry.npmjs.org/@typescript-eslint/experimental-utils/-/experimental-utils-5.45.0.tgz 6518ms (cache miss)
2311 http fetch GET 200 https://registry.npmjs.org/@types/sockjs/-/sockjs-0.3.33.tgz 6510ms (cache miss)
2312 http fetch GET 200 https://registry.npmjs.org/@types/serve-static/-/serve-static-1.15.0.tgz 6515ms (cache miss)
2313 http fetch GET 200 https://registry.npmjs.org/@types/scheduler/-/scheduler-0.16.2.tgz 6528ms (cache miss)
2314 http fetch GET 200 https://registry.npmjs.org/fast-glob/-/fast-glob-3.2.12.tgz 6826ms (cache miss)
2315 http fetch GET 200 https://registry.npmjs.org/@types/resolve/-/resolve-1.17.1.tgz 6538ms (cache miss)
2316 http fetch GET 200 https://registry.npmjs.org/@types/retry/-/retry-0.12.0.tgz 6539ms (cache miss)
2317 http fetch GET 200 https://registry.npmjs.org/colord/-/colord-2.9.3.tgz 6686ms (cache miss)
2318 http fetch GET 200 https://registry.npmjs.org/@typescript-eslint/parser/-/parser-5.45.0.tgz 6570ms (cache miss)
2319 http fetch GET 200 https://registry.npmjs.org/@types/react-dom/-/react-dom-18.0.9.tgz 6554ms (cache miss)
2320 http fetch GET 200 https://registry.npmjs.org/@types/qs/-/qs-6.9.7.tgz 6551ms (cache miss)
2321 http fetch GET 200 https://registry.npmjs.org/adjust-sourcemap-loader/-/adjust-sourcemap-loader-4.0.0.tgz 6626ms (cache miss)
2322 http fetch GET 200 https://registry.npmjs.org/@types/prettier/-/prettier-2.7.1.tgz 6559ms (cache miss)
2323 http fetch GET 200 https://registry.npmjs.org/@types/prop-types/-/prop-types-15.7.5.tgz 6560ms (cache miss)
2324 http fetch GET 200 https://registry.npmjs.org/@types/range-parser/-/range-parser-1.2.4.tgz 6564ms (cache miss)
2325 http fetch GET 200 https://registry.npmjs.org/@types/q/-/q-1.5.5.tgz 6562ms (cache miss)
2326 http fetch GET 200 https://registry.npmjs.org/@types/yargs/-/yargs-16.0.4.tgz 6586ms (cache miss)
2327 http fetch GET 200 https://registry.npmjs.org/@types/parse-json/-/parse-json-4.0.0.tgz 6567ms (cache miss)
2328 http fetch GET 200 https://registry.npmjs.org/@types/json5/-/json5-0.0.29.tgz 6564ms (cache miss)
2329 http fetch GET 200 https://registry.npmjs.org/esquery/-/esquery-1.4.0.tgz 6868ms (cache miss)
2330 http fetch GET 200 https://registry.npmjs.org/@types/mime/-/mime-3.0.1.tgz 6580ms (cache miss)
2331 http fetch GET 200 https://registry.npmjs.org/ajv-keywords/-/ajv-keywords-3.5.2.tgz 6667ms (cache miss)
2332 http fetch GET 200 https://registry.npmjs.org/@types/json-schema/-/json-schema-7.0.11.tgz 6591ms (cache miss)
2333 http fetch GET 200 https://registry.npmjs.org/@types/istanbul-lib-report/-/istanbul-lib-report-3.0.0.tgz 6601ms (cache miss)
2334 http fetch GET 200 https://registry.npmjs.org/@types/istanbul-lib-coverage/-/istanbul-lib-coverage-2.0.4.tgz 6602ms (cache miss)
2335 http fetch GET 200 https://registry.npmjs.org/language-subtag-registry/-/language-subtag-registry-0.3.22.tgz 7080ms (cache miss)
2336 http fetch GET 200 https://registry.npmjs.org/@types/react/-/react-18.0.26.tgz 6633ms (cache miss)
2337 http fetch GET 200 https://registry.npmjs.org/argparse/-/argparse-1.0.10.tgz 6720ms (cache miss)
2338 http fetch GET 200 https://registry.npmjs.org/acorn-node/-/acorn-node-1.8.2.tgz 6709ms (cache miss)
2339 http fetch GET 200 https://registry.npmjs.org/@types/html-minifier-terser/-/html-minifier-terser-6.1.0.tgz 6635ms (cache miss)
2340 http fetch GET 200 https://registry.npmjs.org/@types/express/-/express-4.17.14.tgz 6634ms (cache miss)
2341 http fetch GET 200 https://registry.npmjs.org/@types/graceful-fs/-/graceful-fs-4.1.5.tgz 6648ms (cache miss)
2342 http fetch GET 200 https://registry.npmjs.org/@types/eslint-scope/-/eslint-scope-3.7.4.tgz 6646ms (cache miss)
2343 http fetch GET 200 https://registry.npmjs.org/workbox-core/-/workbox-core-6.5.4.tgz 7465ms (cache miss)
2344 http fetch GET 200 https://registry.npmjs.org/@types/express-serve-static-core/-/express-serve-static-core-4.17.31.tgz 6657ms (cache miss)
2345 http fetch GET 200 https://registry.npmjs.org/@types/estree/-/estree-1.0.0.tgz 6656ms (cache miss)
2346 http fetch GET 200 https://registry.npmjs.org/@types/connect-history-api-fallback/-/connect-history-api-fallback-1.3.5.tgz 6665ms (cache miss)
2347 http fetch GET 200 https://registry.npmjs.org/@types/serve-index/-/serve-index-1.9.1.tgz 6706ms (cache miss)
2348 http fetch GET 200 https://registry.npmjs.org/@types/bonjour/-/bonjour-3.5.10.tgz 6680ms (cache miss)
2349 http fetch GET 200 https://registry.npmjs.org/@types/connect/-/connect-3.4.35.tgz 6681ms (cache miss)
2350 http fetch GET 200 https://registry.npmjs.org/acorn/-/acorn-8.8.1.tgz 6763ms (cache miss)
2351 http fetch GET 200 https://registry.npmjs.org/@types/body-parser/-/body-parser-1.19.2.tgz 6687ms (cache miss)
2352 http fetch GET 200 https://registry.npmjs.org/@types/babel__generator/-/babel__generator-7.6.4.tgz 6703ms (cache miss)
2353 http fetch GET 200 https://registry.npmjs.org/istanbul-reports/-/istanbul-reports-3.1.5.tgz 7142ms (cache miss)
2354 http fetch GET 200 https://registry.npmjs.org/@types/babel__traverse/-/babel__traverse-7.18.3.tgz 6716ms (cache miss)
2355 http fetch GET 200 https://registry.npmjs.org/neo-async/-/neo-async-2.6.2.tgz 7232ms (cache miss)
2356 http fetch GET 200 https://registry.npmjs.org/@types/aria-query/-/aria-query-4.2.2.tgz 6723ms (cache miss)
2357 http fetch GET 200 https://registry.npmjs.org/@types/babel__core/-/babel__core-7.1.20.tgz 6729ms (cache miss)
2358 http fetch GET 200 https://registry.npmjs.org/@types/babel__template/-/babel__template-7.4.1.tgz 6740ms (cache miss)
2359 http fetch GET 200 https://registry.npmjs.org/@tootallnate/once/-/once-1.1.2.tgz 6749ms (cache miss)
2360 http fetch GET 200 https://registry.npmjs.org/bfj/-/bfj-7.0.2.tgz 6900ms (cache miss)
2361 http fetch GET 200 https://registry.npmjs.org/@trysound/sax/-/sax-0.2.0.tgz 6769ms (cache miss)
2362 http fetch GET 200 https://registry.npmjs.org/@svgr/webpack/-/webpack-5.5.0.tgz 6782ms (cache miss)
2363 http fetch GET 200 https://registry.npmjs.org/@types/istanbul-reports/-/istanbul-reports-3.0.1.tgz 6805ms (cache miss)
2364 http fetch GET 200 https://registry.npmjs.org/@svgr/plugin-svgo/-/plugin-svgo-5.5.0.tgz 6797ms (cache miss)
2365 http fetch GET 200 https://registry.npmjs.org/@svgr/hast-util-to-babel-ast/-/hast-util-to-babel-ast-5.5.0.tgz 6796ms (cache miss)
2366 http fetch GET 200 https://registry.npmjs.org/@svgr/plugin-jsx/-/plugin-jsx-5.5.0.tgz 6806ms (cache miss)
2367 http fetch GET 200 https://registry.npmjs.org/@types/jest/-/jest-29.2.3.tgz 6833ms (cache miss)
2368 http fetch GET 200 https://registry.npmjs.org/@types/http-proxy/-/http-proxy-1.17.9.tgz 6830ms (cache miss)
2369 http fetch GET 200 https://registry.npmjs.org/dom-accessibility-api/-/dom-accessibility-api-0.5.14.tgz 7089ms (cache miss)
2370 http fetch GET 200 https://registry.npmjs.org/@svgr/core/-/core-5.5.0.tgz 6814ms (cache miss)
2371 http fetch GET 200 https://registry.npmjs.org/@svgr/babel-preset/-/babel-preset-5.5.0.tgz 6814ms (cache miss)
2372 http fetch GET 200 https://registry.npmjs.org/csstype/-/csstype-3.1.1.tgz 7068ms (cache miss)
2373 http fetch GET 200 https://registry.npmjs.org/@svgr/babel-plugin-transform-react-native-svg/-/babel-plugin-transform-react-native-svg-5.4.0.tgz 6827ms (cache miss)
2374 http fetch GET 200 https://registry.npmjs.org/jsx-ast-utils/-/jsx-ast-utils-3.3.3.tgz 7321ms (cache miss)
2375 http fetch GET 200 https://registry.npmjs.org/@svgr/babel-plugin-replace-jsx-attribute-value/-/babel-plugin-replace-jsx-attribute-value-5.0.1.tgz 6851ms (cache miss)
2376 http fetch GET 200 https://registry.npmjs.org/@svgr/babel-plugin-transform-svg-component/-/babel-plugin-transform-svg-component-5.5.0.tgz 6855ms (cache miss)
2377 http fetch GET 200 https://registry.npmjs.org/@svgr/babel-plugin-svg-dynamic-title/-/babel-plugin-svg-dynamic-title-5.4.0.tgz 6853ms (cache miss)
2378 http fetch GET 200 https://registry.npmjs.org/@svgr/babel-plugin-svg-em-dimensions/-/babel-plugin-svg-em-dimensions-5.4.0.tgz 6875ms (cache miss)
2379 http fetch GET 200 https://registry.npmjs.org/@svgr/babel-plugin-add-jsx-attribute/-/babel-plugin-add-jsx-attribute-5.4.0.tgz 6890ms (cache miss)
2380 http fetch GET 200 https://registry.npmjs.org/@svgr/babel-plugin-remove-jsx-attribute/-/babel-plugin-remove-jsx-attribute-5.4.0.tgz 6890ms (cache miss)
2381 http fetch GET 200 https://registry.npmjs.org/@svgr/babel-plugin-remove-jsx-empty-expression/-/babel-plugin-remove-jsx-empty-expression-5.0.1.tgz 6911ms (cache miss)
2382 http fetch GET 200 https://registry.npmjs.org/@rushstack/eslint-patch/-/eslint-patch-1.2.0.tgz 6931ms (cache miss)
2383 http fetch GET 200 https://registry.npmjs.org/@sinonjs/fake-timers/-/fake-timers-8.1.0.tgz 6949ms (cache miss)
2384 http fetch GET 200 https://registry.npmjs.org/@rollup/plugin-replace/-/plugin-replace-2.4.2.tgz 6945ms (cache miss)
2385 http fetch GET 200 https://registry.npmjs.org/@rollup/pluginutils/-/pluginutils-3.1.0.tgz 6946ms (cache miss)
2386 http fetch GET 200 https://registry.npmjs.org/@types/semver/-/semver-7.3.13.tgz 7038ms (cache miss)
2387 http fetch GET 200 https://registry.npmjs.org/@typescript-eslint/types/-/types-5.45.0.tgz 7071ms (cache miss)
2388 http fetch GET 200 https://registry.npmjs.org/@rollup/plugin-babel/-/plugin-babel-5.3.1.tgz 7013ms (cache miss)
2389 http fetch GET 200 https://registry.npmjs.org/@nodelib/fs.walk/-/fs.walk-1.2.8.tgz 7012ms (cache miss)
2390 http fetch GET 200 https://registry.npmjs.org/@nicolo-ribaudo/eslint-scope-5-internals/-/eslint-scope-5-internals-5.1.1-v1.tgz 7011ms (cache miss)
2391 http fetch GET 200 https://registry.npmjs.org/@nodelib/fs.scandir/-/fs.scandir-2.1.5.tgz 7011ms (cache miss)
2392 http fetch GET 200 https://registry.npmjs.org/@nodelib/fs.stat/-/fs.stat-2.0.5.tgz 7012ms (cache miss)
2393 http fetch GET 200 https://registry.npmjs.org/@jridgewell/sourcemap-codec/-/sourcemap-codec-1.4.14.tgz 7009ms (cache miss)
2394 http fetch GET 200 https://registry.npmjs.org/@jridgewell/set-array/-/set-array-1.1.2.tgz 7016ms (cache miss)
2395 http fetch GET 200 https://registry.npmjs.org/@rollup/plugin-node-resolve/-/plugin-node-resolve-11.2.1.tgz 7064ms (cache miss)
2396 http fetch GET 200 https://registry.npmjs.org/@types/eslint/-/eslint-8.4.10.tgz 7111ms (cache miss)
2397 http fetch GET 200 https://registry.npmjs.org/@jridgewell/resolve-uri/-/resolve-uri-3.1.0.tgz 7075ms (cache miss)
2398 http fetch GET 200 https://registry.npmjs.org/@jest/test-result/-/test-result-27.5.1.tgz 7088ms (cache miss)
2399 http fetch GET 200 https://registry.npmjs.org/@jest/types/-/types-27.5.1.tgz 7112ms (cache miss)
2400 http fetch GET 200 https://registry.npmjs.org/@jridgewell/gen-mapping/-/gen-mapping-0.1.1.tgz 7112ms (cache miss)
2401 http fetch GET 200 https://registry.npmjs.org/@jest/transform/-/transform-27.5.1.tgz 7111ms (cache miss)
2402 http fetch GET 200 https://registry.npmjs.org/@jest/source-map/-/source-map-27.5.1.tgz 7111ms (cache miss)
2403 http fetch GET 200 https://registry.npmjs.org/@jest/schemas/-/schemas-28.1.3.tgz 7110ms (cache miss)
2404 http fetch GET 200 https://registry.npmjs.org/@jest/environment/-/environment-27.5.1.tgz 7107ms (cache miss)
2405 http fetch GET 200 https://registry.npmjs.org/@jest/fake-timers/-/fake-timers-27.5.1.tgz 7122ms (cache miss)
2406 http fetch GET 200 https://registry.npmjs.org/@jest/globals/-/globals-27.5.1.tgz 7123ms (cache miss)
2407 http fetch GET 200 https://registry.npmjs.org/terser/-/terser-5.16.1.tgz 7945ms (cache miss)
2408 http fetch GET 200 https://registry.npmjs.org/@jest/console/-/console-27.5.1.tgz 7136ms (cache miss)
2409 http fetch GET 200 https://registry.npmjs.org/@istanbuljs/schema/-/schema-0.1.3.tgz 7137ms (cache miss)
2410 http fetch GET 200 https://registry.npmjs.org/@leichtgewicht/ip-codec/-/ip-codec-2.0.4.tgz 7160ms (cache miss)
2411 http fetch GET 200 https://registry.npmjs.org/@istanbuljs/load-nyc-config/-/load-nyc-config-1.1.0.tgz 7145ms (cache miss)
2412 http fetch GET 200 https://registry.npmjs.org/@humanwhocodes/module-importer/-/module-importer-1.0.1.tgz 7162ms (cache miss)
2413 http fetch GET 200 https://registry.npmjs.org/@csstools/postcss-unset-value/-/postcss-unset-value-1.0.2.tgz 7158ms (cache miss)
2414 http fetch GET 200 https://registry.npmjs.org/@csstools/selector-specificity/-/selector-specificity-2.0.2.tgz 7159ms (cache miss)
2415 http fetch GET 200 https://registry.npmjs.org/@csstools/postcss-trigonometric-functions/-/postcss-trigonometric-functions-1.0.2.tgz 7157ms (cache miss)
2416 http fetch GET 200 https://registry.npmjs.org/@csstools/postcss-text-decoration-shorthand/-/postcss-text-decoration-shorthand-1.0.0.tgz 7166ms (cache miss)
2417 http fetch GET 200 https://registry.npmjs.org/@csstools/postcss-stepped-value-functions/-/postcss-stepped-value-functions-1.0.1.tgz 7166ms (cache miss)
2418 http fetch GET 200 https://registry.npmjs.org/eslint-plugin-flowtype/-/eslint-plugin-flowtype-8.0.3.tgz 7521ms (cache miss)
2419 http fetch GET 200 https://registry.npmjs.org/@webassemblyjs/ast/-/ast-1.11.1.tgz 7280ms (cache miss)
2420 http fetch GET 200 https://registry.npmjs.org/@jridgewell/source-map/-/source-map-0.3.2.tgz 7197ms (cache miss)
2421 http fetch GET 200 https://registry.npmjs.org/@csstools/postcss-progressive-custom-properties/-/postcss-progressive-custom-properties-1.3.0.tgz 7173ms (cache miss)
2422 http fetch GET 200 https://registry.npmjs.org/@csstools/postcss-normalize-display-values/-/postcss-normalize-display-values-1.0.1.tgz 7166ms (cache miss)
2423 http fetch GET 200 https://registry.npmjs.org/cssstyle/-/cssstyle-2.3.0.tgz 7465ms (cache miss)
2424 http fetch GET 200 https://registry.npmjs.org/bluebird/-/bluebird-3.7.2.tgz 7377ms (cache miss)
2425 http fetch GET 200 https://registry.npmjs.org/@csstools/postcss-oklab-function/-/postcss-oklab-function-1.1.1.tgz 7177ms (cache miss)
2426 http fetch GET 200 https://registry.npmjs.org/@csstools/postcss-nested-calc/-/postcss-nested-calc-1.0.0.tgz 7171ms (cache miss)
2427 http fetch GET 200 https://registry.npmjs.org/@csstools/postcss-is-pseudo-class/-/postcss-is-pseudo-class-2.0.7.tgz 7170ms (cache miss)
2428 http fetch GET 200 https://registry.npmjs.org/csso/-/csso-4.2.0.tgz 7469ms (cache miss)
2429 http fetch GET 200 https://registry.npmjs.org/@jest/expect-utils/-/expect-utils-29.3.1.tgz 7200ms (cache miss)
2430 http fetch GET 200 https://registry.npmjs.org/@jridgewell/trace-mapping/-/trace-mapping-0.3.17.tgz 7228ms (cache miss)
2431 http fetch GET 200 https://registry.npmjs.org/@csstools/postcss-cascade-layers/-/postcss-cascade-layers-1.1.1.tgz 7188ms (cache miss)
2432 http fetch GET 200 https://registry.npmjs.org/@csstools/postcss-ic-unit/-/postcss-ic-unit-1.0.1.tgz 7192ms (cache miss)
2433 http fetch GET 200 https://registry.npmjs.org/@csstools/postcss-font-format-keywords/-/postcss-font-format-keywords-1.0.1.tgz 7190ms (cache miss)
2434 http fetch GET 200 https://registry.npmjs.org/@csstools/postcss-hwb-function/-/postcss-hwb-function-1.0.2.tgz 7191ms (cache miss)
2435 http fetch GET 200 https://registry.npmjs.org/@testing-library/jest-dom/-/jest-dom-5.16.5.tgz 7266ms (cache miss)
2436 http fetch GET 200 https://registry.npmjs.org/@csstools/normalize.css/-/normalize.css-12.0.0.tgz 7241ms (cache miss)
2437 http fetch GET 200 https://registry.npmjs.org/@humanwhocodes/object-schema/-/object-schema-1.2.1.tgz 7293ms (cache miss)
2438 http fetch GET 200 https://registry.npmjs.org/@humanwhocodes/config-array/-/config-array-0.11.7.tgz 7341ms (cache miss)
2439 http fetch GET 200 https://registry.npmjs.org/@babel/preset-modules/-/preset-modules-0.1.5.tgz 7310ms (cache miss)
2440 http fetch GET 200 https://registry.npmjs.org/@babel/preset-react/-/preset-react-7.18.6.tgz 7311ms (cache miss)
2441 http fetch GET 200 https://registry.npmjs.org/@babel/plugin-transform-unicode-regex/-/plugin-transform-unicode-regex-7.18.6.tgz 7308ms (cache miss)
2442 http fetch GET 200 https://registry.npmjs.org/resolve/-/resolve-1.22.1.tgz 8102ms (cache miss)
2443 http fetch GET 200 https://registry.npmjs.org/@babel/preset-typescript/-/preset-typescript-7.18.6.tgz 7324ms (cache miss)
2444 http fetch GET 200 https://registry.npmjs.org/@babel/plugin-transform-unicode-escapes/-/plugin-transform-unicode-escapes-7.18.10.tgz 7319ms (cache miss)
2445 http fetch GET 200 https://registry.npmjs.org/@babel/plugin-transform-typeof-symbol/-/plugin-transform-typeof-symbol-7.18.9.tgz 7317ms (cache miss)
2446 http fetch GET 200 https://registry.npmjs.org/@babel/plugin-transform-template-literals/-/plugin-transform-template-literals-7.18.9.tgz 7327ms (cache miss)
2447 http fetch GET 200 https://registry.npmjs.org/@babel/plugin-transform-spread/-/plugin-transform-spread-7.19.0.tgz 7335ms (cache miss)
2448 http fetch GET 200 https://registry.npmjs.org/@babel/plugin-transform-shorthand-properties/-/plugin-transform-shorthand-properties-7.18.6.tgz 7345ms (cache miss)
2449 http fetch GET 200 https://registry.npmjs.org/@babel/plugin-transform-reserved-words/-/plugin-transform-reserved-words-7.18.6.tgz 7344ms (cache miss)
2450 http fetch GET 200 https://registry.npmjs.org/@babel/plugin-transform-sticky-regex/-/plugin-transform-sticky-regex-7.18.6.tgz 7348ms (cache miss)
2451 http fetch GET 200 https://registry.npmjs.org/immer/-/immer-9.0.16.tgz 7840ms (cache miss)
2452 http fetch GET 200 https://registry.npmjs.org/@babel/plugin-transform-runtime/-/plugin-transform-runtime-7.19.6.tgz 7357ms (cache miss)
2453 http fetch GET 200 https://registry.npmjs.org/@babel/plugin-transform-regenerator/-/plugin-transform-regenerator-7.20.5.tgz 7363ms (cache miss)
2454 http fetch GET 200 https://registry.npmjs.org/eslint-plugin-jest/-/eslint-plugin-jest-25.7.0.tgz 7776ms (cache miss)
2455 http fetch GET 200 https://registry.npmjs.org/@babel/plugin-transform-react-display-name/-/plugin-transform-react-display-name-7.18.6.tgz 7388ms (cache miss)
2456 http fetch GET 200 https://registry.npmjs.org/@typescript-eslint/type-utils/-/type-utils-5.45.0.tgz 7545ms (cache miss)
2457 http fetch GET 200 https://registry.npmjs.org/@babel/template/-/template-7.18.10.tgz 7426ms (cache miss)
2458 http fetch GET 200 https://registry.npmjs.org/@babel/plugin-transform-object-super/-/plugin-transform-object-super-7.18.6.tgz 7397ms (cache miss)
2459 http fetch GET 200 https://registry.npmjs.org/@csstools/postcss-color-function/-/postcss-color-function-1.1.1.tgz 7435ms (cache miss)
2460 http fetch GET 200 https://registry.npmjs.org/@babel/plugin-transform-property-literals/-/plugin-transform-property-literals-7.18.6.tgz 7402ms (cache miss)
2461 http fetch GET 200 https://registry.npmjs.org/@babel/plugin-transform-new-target/-/plugin-transform-new-target-7.18.6.tgz 7404ms (cache miss)
2462 http fetch GET 200 https://registry.npmjs.org/@babel/plugin-transform-named-capturing-groups-regex/-/plugin-transform-named-capturing-groups-regex-7.20.5.tgz 7404ms (cache miss)
2463 http fetch GET 200 https://registry.npmjs.org/@babel/plugin-transform-modules-systemjs/-/plugin-transform-modules-systemjs-7.19.6.tgz 7407ms (cache miss)
2464 http fetch GET 200 https://registry.npmjs.org/@babel/plugin-transform-modules-amd/-/plugin-transform-modules-amd-7.19.6.tgz 7406ms (cache miss)
2465 http fetch GET 200 https://registry.npmjs.org/@babel/plugin-transform-modules-commonjs/-/plugin-transform-modules-commonjs-7.19.6.tgz 7406ms (cache miss)
2466 http fetch GET 200 https://registry.npmjs.org/@babel/plugin-transform-react-pure-annotations/-/plugin-transform-react-pure-annotations-7.18.6.tgz 7420ms (cache miss)
2467 http fetch GET 200 https://registry.npmjs.org/autoprefixer/-/autoprefixer-10.4.13.tgz 7634ms (cache miss)
2468 http fetch GET 200 https://registry.npmjs.org/@jest/test-sequencer/-/test-sequencer-27.5.1.tgz 7481ms (cache miss)
2469 http fetch GET 200 https://registry.npmjs.org/@babel/plugin-transform-literals/-/plugin-transform-literals-7.18.9.tgz 7410ms (cache miss)
2470 http fetch GET 200 https://registry.npmjs.org/@babel/plugin-transform-react-jsx-development/-/plugin-transform-react-jsx-development-7.18.6.tgz 7424ms (cache miss)
2471 http fetch GET 200 https://registry.npmjs.org/@babel/plugin-transform-member-expression-literals/-/plugin-transform-member-expression-literals-7.18.6.tgz 7420ms (cache miss)
2472 http fetch GET 200 https://registry.npmjs.org/@babel/plugin-transform-flow-strip-types/-/plugin-transform-flow-strip-types-7.19.0.tgz 7425ms (cache miss)
2473 http fetch GET 200 https://registry.npmjs.org/@babel/plugin-transform-for-of/-/plugin-transform-for-of-7.18.8.tgz 7426ms (cache miss)
2474 http fetch GET 200 https://registry.npmjs.org/@babel/plugin-transform-function-name/-/plugin-transform-function-name-7.18.9.tgz 7433ms (cache miss)
2475 http fetch GET 200 https://registry.npmjs.org/@jest/reporters/-/reporters-27.5.1.tgz 7512ms (cache miss)
2476 http fetch GET 200 https://registry.npmjs.org/@babel/plugin-transform-react-jsx/-/plugin-transform-react-jsx-7.19.0.tgz 7453ms (cache miss)
2477 http fetch GET 200 https://registry.npmjs.org/@babel/plugin-transform-duplicate-keys/-/plugin-transform-duplicate-keys-7.18.9.tgz 7442ms (cache miss)
2478 http fetch GET 200 https://registry.npmjs.org/@babel/plugin-transform-dotall-regex/-/plugin-transform-dotall-regex-7.18.6.tgz 7453ms (cache miss)
2479 http fetch GET 200 https://registry.npmjs.org/@babel/plugin-transform-computed-properties/-/plugin-transform-computed-properties-7.18.9.tgz 7452ms (cache miss)
2480 http fetch GET 200 https://registry.npmjs.org/@sinonjs/commons/-/commons-1.8.6.tgz 7551ms (cache miss)
2481 http fetch GET 200 https://registry.npmjs.org/@babel/plugin-transform-parameters/-/plugin-transform-parameters-7.20.5.tgz 7469ms (cache miss)
2482 http fetch GET 200 https://registry.npmjs.org/@babel/plugin-transform-destructuring/-/plugin-transform-destructuring-7.20.2.tgz 7460ms (cache miss)
2483 http fetch GET 200 https://registry.npmjs.org/@babel/plugin-transform-async-to-generator/-/plugin-transform-async-to-generator-7.18.6.tgz 7457ms (cache miss)
2484 http fetch GET 200 https://registry.npmjs.org/@babel/plugin-transform-modules-umd/-/plugin-transform-modules-umd-7.18.6.tgz 7468ms (cache miss)
2485 http fetch GET 200 https://registry.npmjs.org/@babel/plugin-transform-typescript/-/plugin-transform-typescript-7.20.2.tgz 7497ms (cache miss)
2486 http fetch GET 200 https://registry.npmjs.org/@babel/plugin-transform-block-scoped-functions/-/plugin-transform-block-scoped-functions-7.18.6.tgz 7466ms (cache miss)
2487 http fetch GET 200 https://registry.npmjs.org/@babel/plugin-transform-arrow-functions/-/plugin-transform-arrow-functions-7.18.6.tgz 7466ms (cache miss)
2488 http fetch GET 200 https://registry.npmjs.org/@babel/plugin-transform-classes/-/plugin-transform-classes-7.20.2.tgz 7474ms (cache miss)
2489 http fetch GET 200 https://registry.npmjs.org/@babel/plugin-syntax-private-property-in-object/-/plugin-syntax-private-property-in-object-7.14.5.tgz 7480ms (cache miss)
2490 http fetch GET 200 https://registry.npmjs.org/@babel/plugin-syntax-top-level-await/-/plugin-syntax-top-level-await-7.14.5.tgz 7487ms (cache miss)
2491 http fetch GET 200 https://registry.npmjs.org/@babel/plugin-syntax-optional-chaining/-/plugin-syntax-optional-chaining-7.8.3.tgz 7482ms (cache miss)
2492 http fetch GET 200 https://registry.npmjs.org/@babel/plugin-syntax-logical-assignment-operators/-/plugin-syntax-logical-assignment-operators-7.10.4.tgz 7510ms (cache miss)
2493 http fetch GET 200 https://registry.npmjs.org/@babel/plugin-syntax-object-rest-spread/-/plugin-syntax-object-rest-spread-7.8.3.tgz 7513ms (cache miss)
2494 http fetch GET 200 https://registry.npmjs.org/@babel/plugin-syntax-nullish-coalescing-operator/-/plugin-syntax-nullish-coalescing-operator-7.8.3.tgz 7511ms (cache miss)
2495 http fetch GET 200 https://registry.npmjs.org/@babel/plugin-syntax-jsx/-/plugin-syntax-jsx-7.18.6.tgz 7510ms (cache miss)
2496 http fetch GET 200 https://registry.npmjs.org/@babel/plugin-syntax-import-meta/-/plugin-syntax-import-meta-7.10.4.tgz 7523ms (cache miss)
2497 http fetch GET 200 https://registry.npmjs.org/@babel/plugin-syntax-json-strings/-/plugin-syntax-json-strings-7.8.3.tgz 7525ms (cache miss)
2498 http fetch GET 200 https://registry.npmjs.org/@babel/plugin-syntax-numeric-separator/-/plugin-syntax-numeric-separator-7.10.4.tgz 7532ms (cache miss)
2499 http fetch GET 200 https://registry.npmjs.org/@babel/plugin-syntax-optional-catch-binding/-/plugin-syntax-optional-catch-binding-7.8.3.tgz 7533ms (cache miss)
2500 http fetch GET 200 https://registry.npmjs.org/@babel/plugin-syntax-import-assertions/-/plugin-syntax-import-assertions-7.20.0.tgz 7548ms (cache miss)
2501 http fetch GET 200 https://registry.npmjs.org/node-forge/-/node-forge-1.3.1.tgz 8206ms (cache miss)
2502 http fetch GET 200 https://registry.npmjs.org/@babel/plugin-syntax-flow/-/plugin-syntax-flow-7.18.6.tgz 7564ms (cache miss)
2503 http fetch GET 200 https://registry.npmjs.org/@babel/plugin-syntax-export-namespace-from/-/plugin-syntax-export-namespace-from-7.8.3.tgz 7572ms (cache miss)
2504 http fetch GET 200 https://registry.npmjs.org/@babel/plugin-syntax-dynamic-import/-/plugin-syntax-dynamic-import-7.8.3.tgz 7573ms (cache miss)
2505 http fetch GET 200 https://registry.npmjs.org/@babel/plugin-syntax-class-properties/-/plugin-syntax-class-properties-7.12.13.tgz 7570ms (cache miss)
2506 http fetch GET 200 https://registry.npmjs.org/@babel/plugin-transform-exponentiation-operator/-/plugin-transform-exponentiation-operator-7.18.6.tgz 7604ms (cache miss)
2507 http fetch GET 200 https://registry.npmjs.org/@babel/plugin-syntax-class-static-block/-/plugin-syntax-class-static-block-7.14.5.tgz 7583ms (cache miss)
2508 http fetch GET 200 https://registry.npmjs.org/@babel/plugin-syntax-bigint/-/plugin-syntax-bigint-7.8.3.tgz 7587ms (cache miss)
2509 http fetch GET 200 https://registry.npmjs.org/@babel/plugin-syntax-async-generators/-/plugin-syntax-async-generators-7.8.4.tgz 7588ms (cache miss)
2510 http fetch GET 200 https://registry.npmjs.org/axobject-query/-/axobject-query-2.2.0.tgz 7857ms (cache miss)
2511 http fetch GET 200 https://registry.npmjs.org/@babel/plugin-proposal-unicode-property-regex/-/plugin-proposal-unicode-property-regex-7.18.6.tgz 7613ms (cache miss)
2512 http fetch GET 200 https://registry.npmjs.org/@babel/plugin-proposal-private-property-in-object/-/plugin-proposal-private-property-in-object-7.20.5.tgz 7613ms (cache miss)
2513 http fetch GET 200 https://registry.npmjs.org/@babel/plugin-proposal-private-methods/-/plugin-proposal-private-methods-7.18.6.tgz 7617ms (cache miss)
2514 http fetch GET 200 https://registry.npmjs.org/@babel/plugin-proposal-optional-chaining/-/plugin-proposal-optional-chaining-7.18.9.tgz 7616ms (cache miss)
2515 http fetch GET 200 https://registry.npmjs.org/@babel/plugin-proposal-numeric-separator/-/plugin-proposal-numeric-separator-7.18.6.tgz 7615ms (cache miss)
2516 http fetch GET 200 https://registry.npmjs.org/@babel/plugin-proposal-object-rest-spread/-/plugin-proposal-object-rest-spread-7.20.2.tgz 7622ms (cache miss)
2517 http fetch GET 200 https://registry.npmjs.org/@sinclair/typebox/-/typebox-0.24.51.tgz 7742ms (cache miss)
2518 http fetch GET 200 https://registry.npmjs.org/@babel/plugin-syntax-typescript/-/plugin-syntax-typescript-7.20.0.tgz 7648ms (cache miss)
2519 http fetch GET 200 https://registry.npmjs.org/@babel/plugin-proposal-optional-catch-binding/-/plugin-proposal-optional-catch-binding-7.18.6.tgz 7628ms (cache miss)
2520 http fetch GET 200 https://registry.npmjs.org/@babel/plugin-proposal-nullish-coalescing-operator/-/plugin-proposal-nullish-coalescing-operator-7.18.6.tgz 7632ms (cache miss)
2521 http fetch GET 200 https://registry.npmjs.org/@babel/plugin-proposal-logical-assignment-operators/-/plugin-proposal-logical-assignment-operators-7.18.9.tgz 7637ms (cache miss)
2522 http fetch GET 200 https://registry.npmjs.org/@babel/plugin-proposal-json-strings/-/plugin-proposal-json-strings-7.18.6.tgz 7636ms (cache miss)
2523 http fetch GET 200 https://registry.npmjs.org/@babel/plugin-proposal-export-namespace-from/-/plugin-proposal-export-namespace-from-7.18.9.tgz 7635ms (cache miss)
2524 http fetch GET 200 https://registry.npmjs.org/@babel/plugin-transform-block-scoping/-/plugin-transform-block-scoping-7.20.5.tgz 7663ms (cache miss)
2525 http fetch GET 200 https://registry.npmjs.org/@babel/plugin-proposal-dynamic-import/-/plugin-proposal-dynamic-import-7.18.6.tgz 7642ms (cache miss)
2526 http fetch GET 200 https://registry.npmjs.org/@babel/preset-env/-/preset-env-7.20.2.tgz 7708ms (cache miss)
2527 http fetch GET 200 https://registry.npmjs.org/@babel/plugin-proposal-async-generator-functions/-/plugin-proposal-async-generator-functions-7.20.1.tgz 7637ms (cache miss)
2528 http fetch GET 200 https://registry.npmjs.org/@babel/plugin-proposal-class-static-block/-/plugin-proposal-class-static-block-7.18.6.tgz 7640ms (cache miss)
2529 http fetch GET 200 https://registry.npmjs.org/@babel/plugin-bugfix-v8-spread-parameters-in-optional-chaining/-/plugin-bugfix-v8-spread-parameters-in-optional-chaining-7.18.9.tgz 7646ms (cache miss)
2530 http fetch GET 200 https://registry.npmjs.org/@babel/plugin-bugfix-safari-id-destructuring-collision-in-function-expression/-/plugin-bugfix-safari-id-destructuring-collision-in-function-expression-7.18.6.tgz 7655ms (cache miss)
2531 http fetch GET 200 https://registry.npmjs.org/@babel/plugin-proposal-class-properties/-/plugin-proposal-class-properties-7.18.6.tgz 7665ms (cache miss)
2532 http fetch GET 200 https://registry.npmjs.org/@babel/helper-validator-option/-/helper-validator-option-7.18.6.tgz 7675ms (cache miss)
2533 http fetch GET 200 https://registry.npmjs.org/@babel/helper-split-export-declaration/-/helper-split-export-declaration-7.18.6.tgz 7673ms (cache miss)
2534 http fetch GET 200 https://registry.npmjs.org/@babel/helper-string-parser/-/helper-string-parser-7.19.4.tgz 7677ms (cache miss)
2535 http fetch GET 200 https://registry.npmjs.org/@babel/helper-skip-transparent-expression-wrappers/-/helper-skip-transparent-expression-wrappers-7.20.0.tgz 7675ms (cache miss)
2536 http fetch GET 200 https://registry.npmjs.org/@babel/plugin-transform-react-constant-elements/-/plugin-transform-react-constant-elements-7.20.2.tgz 7740ms (cache miss)
2537 http fetch GET 200 https://registry.npmjs.org/@babel/helper-simple-access/-/helper-simple-access-7.20.2.tgz 7678ms (cache miss)
2538 http fetch GET 200 https://registry.npmjs.org/@babel/plugin-syntax-decorators/-/plugin-syntax-decorators-7.19.0.tgz 7712ms (cache miss)
2539 http fetch GET 200 https://registry.npmjs.org/@eslint/eslintrc/-/eslintrc-1.3.3.tgz 7801ms (cache miss)
2540 http fetch GET 200 https://registry.npmjs.org/@babel/helper-replace-supers/-/helper-replace-supers-7.19.1.tgz 7691ms (cache miss)
2541 http fetch GET 200 https://registry.npmjs.org/@babel/helper-remap-async-to-generator/-/helper-remap-async-to-generator-7.18.9.tgz 7700ms (cache miss)
2542 http fetch GET 200 https://registry.npmjs.org/@babel/helper-module-imports/-/helper-module-imports-7.18.6.tgz 7724ms (cache miss)
2543 http fetch GET 200 https://registry.npmjs.org/@babel/helper-plugin-utils/-/helper-plugin-utils-7.20.2.tgz 7727ms (cache miss)
2544 http fetch GET 200 https://registry.npmjs.org/@babel/helper-optimise-call-expression/-/helper-optimise-call-expression-7.18.6.tgz 7735ms (cache miss)
2545 http fetch GET 200 https://registry.npmjs.org/@babel/helper-member-expression-to-functions/-/helper-member-expression-to-functions-7.18.9.tgz 7736ms (cache miss)
2546 http fetch GET 200 https://registry.npmjs.org/@babel/helper-hoist-variables/-/helper-hoist-variables-7.18.6.tgz 7739ms (cache miss)
2547 http fetch GET 200 https://registry.npmjs.org/@babel/helper-explode-assignable-expression/-/helper-explode-assignable-expression-7.18.6.tgz 7750ms (cache miss)
2548 http fetch GET 200 https://registry.npmjs.org/axe-core/-/axe-core-4.5.2.tgz 8067ms (cache miss)
2549 http fetch GET 200 https://registry.npmjs.org/@bcoe/v8-coverage/-/v8-coverage-0.2.3.tgz 7906ms (cache miss)
2550 http fetch GET 200 https://registry.npmjs.org/@babel/helper-create-regexp-features-plugin/-/helper-create-regexp-features-plugin-7.20.5.tgz 7798ms (cache miss)
2551 http fetch GET 200 https://registry.npmjs.org/@babel/helper-annotate-as-pure/-/helper-annotate-as-pure-7.18.6.tgz 7790ms (cache miss)
2552 http fetch GET 200 https://registry.npmjs.org/@babel/helper-compilation-targets/-/helper-compilation-targets-7.20.0.tgz 7797ms (cache miss)
2553 http fetch GET 200 https://registry.npmjs.org/@babel/helper-builder-binary-assignment-operator-visitor/-/helper-builder-binary-assignment-operator-visitor-7.18.9.tgz 7799ms (cache miss)
2554 http fetch GET 200 https://registry.npmjs.org/@babel/highlight/-/highlight-7.18.6.tgz 7830ms (cache miss)
2555 http fetch GET 200 https://registry.npmjs.org/@babel/plugin-proposal-decorators/-/plugin-proposal-decorators-7.20.5.tgz 7857ms (cache miss)
2556 http fetch GET 200 https://registry.npmjs.org/eslint-plugin-import/-/eslint-plugin-import-2.26.0.tgz 8303ms (cache miss)
2557 http fetch GET 200 https://registry.npmjs.org/@pmmmwh/react-refresh-webpack-plugin/-/react-refresh-webpack-plugin-0.5.10.tgz 7989ms (cache miss)
2558 http fetch GET 200 https://registry.npmjs.org/@babel/helper-module-transforms/-/helper-module-transforms-7.20.2.tgz 7845ms (cache miss)
2559 http fetch GET 200 https://registry.npmjs.org/@babel/helper-validator-identifier/-/helper-validator-identifier-7.19.1.tgz 7863ms (cache miss)
2560 http fetch GET 200 https://registry.npmjs.org/@babel/helper-wrap-function/-/helper-wrap-function-7.20.5.tgz 7874ms (cache miss)
2561 http fetch GET 200 https://registry.npmjs.org/aria-query/-/aria-query-4.2.2.tgz 8140ms (cache miss)
2562 http fetch GET 200 https://registry.npmjs.org/ajv/-/ajv-6.12.6.tgz 8149ms (cache miss)
2563 http fetch GET 200 https://registry.npmjs.org/color-name/-/color-name-1.1.4.tgz 7791ms (cache miss)
2564 http fetch GET 200 https://registry.npmjs.org/@jest/core/-/core-27.5.1.tgz 8028ms (cache miss)
2565 http fetch GET 200 https://registry.npmjs.org/@ampproject/remapping/-/remapping-2.2.0.tgz 7884ms (cache miss)
2566 http fetch GET 200 https://registry.npmjs.org/ansi-styles/-/ansi-styles-4.3.0.tgz 7822ms (cache miss)
2567 http fetch GET 200 https://registry.npmjs.org/eslint-plugin-react/-/eslint-plugin-react-7.31.11.tgz 8402ms (cache miss)
2568 http fetch GET 200 https://registry.npmjs.org/webpack-sources/-/webpack-sources-1.4.3.tgz 7847ms (cache miss)
2569 http fetch GET 200 https://registry.npmjs.org/color-convert/-/color-convert-2.0.1.tgz 7848ms (cache miss)
2570 http fetch GET 200 https://registry.npmjs.org/common-tags/-/common-tags-1.8.2.tgz 8321ms (cache miss)
2571 http fetch GET 200 https://registry.npmjs.org/@babel/helper-environment-visitor/-/helper-environment-visitor-7.18.9.tgz 7970ms (cache miss)
2572 http fetch GET 200 https://registry.npmjs.org/@babel/helper-function-name/-/helper-function-name-7.19.0.tgz 7982ms (cache miss)
2573 http fetch GET 200 https://registry.npmjs.org/webidl-conversions/-/webidl-conversions-4.0.2.tgz 7878ms (cache miss)
2574 http fetch GET 200 https://registry.npmjs.org/clean-css/-/clean-css-5.3.1.tgz 8362ms (cache miss)
2575 http fetch GET 200 https://registry.npmjs.org/json-schema-traverse/-/json-schema-traverse-1.0.0.tgz 7903ms (cache miss)
2576 http fetch GET 200 https://registry.npmjs.org/html-webpack-plugin/-/html-webpack-plugin-5.5.0.tgz 8030ms (cache miss)
2577 http fetch GET 200 https://registry.npmjs.org/whatwg-url/-/whatwg-url-7.1.0.tgz 7961ms (cache miss)
2578 http fetch GET 200 https://registry.npmjs.org/@testing-library/user-event/-/user-event-13.5.0.tgz 8260ms (cache miss)
2579 http fetch GET 200 https://registry.npmjs.org/json-schema-traverse/-/json-schema-traverse-1.0.0.tgz 7962ms (cache miss)
2580 http fetch GET 200 https://registry.npmjs.org/schema-utils/-/schema-utils-4.0.0.tgz 7982ms (cache miss)
2581 http fetch GET 200 https://registry.npmjs.org/@babel/helper-define-polyfill-provider/-/helper-define-polyfill-provider-0.3.3.tgz 8201ms (cache miss)
2582 http fetch GET 200 https://registry.npmjs.org/@babel/compat-data/-/compat-data-7.20.5.tgz 8188ms (cache miss)
2583 http fetch GET 200 https://registry.npmjs.org/@babel/code-frame/-/code-frame-7.18.6.tgz 8186ms (cache miss)
2584 http fetch GET 200 https://registry.npmjs.org/json-schema-traverse/-/json-schema-traverse-1.0.0.tgz 8128ms (cache miss)
2585 http fetch GET 200 https://registry.npmjs.org/estraverse/-/estraverse-4.3.0.tgz 8125ms (cache miss)
2586 http fetch GET 200 https://registry.npmjs.org/@types/estree/-/estree-0.0.51.tgz 8144ms (cache miss)
2587 http fetch GET 200 https://registry.npmjs.org/strip-bom/-/strip-bom-3.0.0.tgz 8143ms (cache miss)
2588 http fetch GET 200 https://registry.npmjs.org/universalify/-/universalify-0.2.0.tgz 8141ms (cache miss)
2589 http fetch GET 200 https://registry.npmjs.org/async/-/async-3.2.4.tgz 8597ms (cache miss)
2590 http fetch GET 200 https://registry.npmjs.org/webpack-sources/-/webpack-sources-2.3.1.tgz 8187ms (cache miss)
2591 http fetch GET 200 https://registry.npmjs.org/commander/-/commander-2.20.3.tgz 8170ms (cache miss)
2592 http fetch GET 200 https://registry.npmjs.org/nth-check/-/nth-check-1.0.2.tgz 8166ms (cache miss)
2593 http fetch GET 200 https://registry.npmjs.org/color-name/-/color-name-1.1.4.tgz 8167ms (cache miss)
2594 http fetch GET 200 https://registry.npmjs.org/@adobe/css-tools/-/css-tools-4.0.1.tgz 8325ms (cache miss)
2595 http fetch GET 200 https://registry.npmjs.org/tr46/-/tr46-1.0.1.tgz 8235ms (cache miss)
2596 http fetch GET 200 https://registry.npmjs.org/tslib/-/tslib-1.14.1.tgz 8214ms (cache miss)
2597 http fetch GET 200 https://registry.npmjs.org/domelementtype/-/domelementtype-1.3.1.tgz 8203ms (cache miss)
2598 http fetch GET 200 https://registry.npmjs.org/dom-serializer/-/dom-serializer-0.2.2.tgz 8202ms (cache miss)
2599 http fetch GET 200 https://registry.npmjs.org/css-what/-/css-what-3.4.2.tgz 8201ms (cache miss)
2600 http fetch GET 200 https://registry.npmjs.org/domutils/-/domutils-1.7.0.tgz 8206ms (cache miss)
2601 http fetch GET 200 https://registry.npmjs.org/supports-color/-/supports-color-7.2.0.tgz 8200ms (cache miss)
2602 http fetch GET 200 https://registry.npmjs.org/has-flag/-/has-flag-4.0.0.tgz 8224ms (cache miss)
2603 http fetch GET 200 https://registry.npmjs.org/emoji-regex/-/emoji-regex-8.0.0.tgz 8223ms (cache miss)
2604 http fetch GET 200 https://registry.npmjs.org/setprototypeof/-/setprototypeof-1.1.0.tgz 8238ms (cache miss)
2605 http fetch GET 200 https://registry.npmjs.org/escape-string-regexp/-/escape-string-regexp-2.0.0.tgz 8241ms (cache miss)
2606 http fetch GET 200 https://registry.npmjs.org/statuses/-/statuses-1.5.0.tgz 8240ms (cache miss)
2607 http fetch GET 200 https://registry.npmjs.org/ms/-/ms-2.0.0.tgz 8238ms (cache miss)
2608 http fetch GET 200 https://registry.npmjs.org/inherits/-/inherits-2.0.3.tgz 8237ms (cache miss)
2609 http fetch GET 200 https://registry.npmjs.org/css-select/-/css-select-2.1.0.tgz 8274ms (cache miss)
2610 http fetch GET 200 https://registry.npmjs.org/supports-color/-/supports-color-7.2.0.tgz 8272ms (cache miss)
2611 http fetch GET 200 https://registry.npmjs.org/depd/-/depd-1.1.2.tgz 8283ms (cache miss)
2612 http fetch GET 200 https://registry.npmjs.org/http-errors/-/http-errors-1.6.3.tgz 8284ms (cache miss)
2613 http fetch GET 200 https://registry.npmjs.org/ms/-/ms-2.1.3.tgz 8282ms (cache miss)
2614 http fetch GET 200 https://registry.npmjs.org/eslint-scope/-/eslint-scope-5.1.1.tgz 8337ms (cache miss)
2615 http fetch GET 200 https://registry.npmjs.org/has-flag/-/has-flag-4.0.0.tgz 8296ms (cache miss)
2616 http fetch GET 200 https://registry.npmjs.org/picocolors/-/picocolors-0.2.1.tgz 8294ms (cache miss)
2617 http fetch GET 200 https://registry.npmjs.org/jsesc/-/jsesc-0.5.0.tgz 8292ms (cache miss)
2618 http fetch GET 200 https://registry.npmjs.org/ms/-/ms-2.0.0.tgz 8318ms (cache miss)
2619 http fetch GET 200 https://registry.npmjs.org/serialize-javascript/-/serialize-javascript-4.0.0.tgz 8316ms (cache miss)
2620 http fetch GET 200 https://registry.npmjs.org/@babel/traverse/-/traverse-7.20.5.tgz 8602ms (cache miss)
2621 http fetch GET 200 https://registry.npmjs.org/json5/-/json5-1.0.1.tgz 8362ms (cache miss)
2622 http fetch GET 200 https://registry.npmjs.org/supports-color/-/supports-color-7.2.0.tgz 8342ms (cache miss)
2623 http fetch GET 200 https://registry.npmjs.org/has-flag/-/has-flag-4.0.0.tgz 8341ms (cache miss)
2624 http fetch GET 200 https://registry.npmjs.org/ansi-styles/-/ansi-styles-4.3.0.tgz 8330ms (cache miss)
2625 http fetch GET 200 https://registry.npmjs.org/escape-string-regexp/-/escape-string-regexp-4.0.0.tgz 8340ms (cache miss)
2626 http fetch GET 200 https://registry.npmjs.org/color-name/-/color-name-1.1.4.tgz 8354ms (cache miss)
2627 http fetch GET 200 https://registry.npmjs.org/color-convert/-/color-convert-2.0.1.tgz 8347ms (cache miss)
2628 http fetch GET 200 https://registry.npmjs.org/chalk/-/chalk-4.1.2.tgz 8346ms (cache miss)
2629 http fetch GET 200 https://registry.npmjs.org/react-is/-/react-is-16.13.1.tgz 8343ms (cache miss)
2630 http fetch GET 200 https://registry.npmjs.org/bytes/-/bytes-3.1.2.tgz 8345ms (cache miss)
2631 http fetch GET 200 https://registry.npmjs.org/source-map/-/source-map-0.8.0-beta.0.tgz 8439ms (cache miss)
2632 http fetch GET 200 https://registry.npmjs.org/ws/-/ws-8.11.0.tgz 8432ms (cache miss)
2633 http fetch GET 200 https://registry.npmjs.org/path-exists/-/path-exists-3.0.0.tgz 8358ms (cache miss)
2634 http fetch GET 200 https://registry.npmjs.org/p-locate/-/p-locate-3.0.0.tgz 8358ms (cache miss)
2635 http fetch GET 200 https://registry.npmjs.org/ipaddr.js/-/ipaddr.js-1.9.1.tgz 8365ms (cache miss)
2636 http fetch GET 200 https://registry.npmjs.org/ansi-styles/-/ansi-styles-5.2.0.tgz 8386ms (cache miss)
2637 http fetch GET 200 https://registry.npmjs.org/locate-path/-/locate-path-3.0.0.tgz 8381ms (cache miss)
2638 http fetch GET 200 https://registry.npmjs.org/p-limit/-/p-limit-2.3.0.tgz 8381ms (cache miss)
2639 http fetch GET 200 https://registry.npmjs.org/find-up/-/find-up-3.0.0.tgz 8409ms (cache miss)
2640 http fetch GET 200 https://registry.npmjs.org/p-locate/-/p-locate-4.1.0.tgz 8409ms (cache miss)
2641 http fetch GET 200 https://registry.npmjs.org/json-schema-traverse/-/json-schema-traverse-1.0.0.tgz 8432ms (cache miss)
2642 http fetch GET 200 https://registry.npmjs.org/@apideck/better-ajv-errors/-/better-ajv-errors-0.3.6.tgz 8540ms (cache miss)
2643 http fetch GET 200 https://registry.npmjs.org/schema-utils/-/schema-utils-4.0.0.tgz 8531ms (cache miss)
2644 http fetch GET 200 https://registry.npmjs.org/debug/-/debug-2.6.9.tgz 8498ms (cache miss)
2645 http fetch GET 200 https://registry.npmjs.org/debug/-/debug-2.6.9.tgz 8492ms (cache miss)
2646 http fetch GET 200 https://registry.npmjs.org/locate-path/-/locate-path-5.0.0.tgz 8455ms (cache miss)
2647 http fetch GET 200 https://registry.npmjs.org/find-up/-/find-up-4.1.0.tgz 8455ms (cache miss)
2648 http fetch GET 200 https://registry.npmjs.org/has-flag/-/has-flag-4.0.0.tgz 8451ms (cache miss)
2649 http fetch GET 200 https://registry.npmjs.org/has-flag/-/has-flag-4.0.0.tgz 8450ms (cache miss)
2650 http fetch GET 200 https://registry.npmjs.org/supports-color/-/supports-color-7.2.0.tgz 8448ms (cache miss)
2651 http fetch GET 200 https://registry.npmjs.org/supports-color/-/supports-color-7.2.0.tgz 8452ms (cache miss)
2652 http fetch GET 200 https://registry.npmjs.org/supports-color/-/supports-color-8.1.1.tgz 8453ms (cache miss)
2653 http fetch GET 200 https://registry.npmjs.org/loader-utils/-/loader-utils-3.2.1.tgz 8508ms (cache miss)
2654 http fetch GET 200 https://registry.npmjs.org/p-limit/-/p-limit-2.3.0.tgz 8486ms (cache miss)
2655 http fetch GET 200 https://registry.npmjs.org/color-name/-/color-name-1.1.4.tgz 8480ms (cache miss)
2656 http fetch GET 200 https://registry.npmjs.org/ansi-styles/-/ansi-styles-4.3.0.tgz 8478ms (cache miss)
2657 http fetch GET 200 https://registry.npmjs.org/semver/-/semver-6.3.0.tgz 8508ms (cache miss)
2658 http fetch GET 200 https://registry.npmjs.org/chalk/-/chalk-4.1.2.tgz 8503ms (cache miss)
2659 http fetch GET 200 https://registry.npmjs.org/ansi-regex/-/ansi-regex-6.0.1.tgz 8501ms (cache miss)
2660 http fetch GET 200 https://registry.npmjs.org/string-length/-/string-length-5.0.1.tgz 8500ms (cache miss)
2661 http fetch GET 200 https://registry.npmjs.org/strip-ansi/-/strip-ansi-7.0.1.tgz 8502ms (cache miss)
2662 http fetch GET 200 https://registry.npmjs.org/commander/-/commander-7.2.0.tgz 8552ms (cache miss)
2663 http fetch GET 200 https://registry.npmjs.org/color-convert/-/color-convert-2.0.1.tgz 8541ms (cache miss)
2664 http fetch GET 200 https://registry.npmjs.org/react-is/-/react-is-18.2.0.tgz 8536ms (cache miss)
2665 http fetch GET 200 https://registry.npmjs.org/slash/-/slash-4.0.0.tgz 8536ms (cache miss)
2666 http fetch GET 200 https://registry.npmjs.org/ansi-styles/-/ansi-styles-5.2.0.tgz 8531ms (cache miss)
2667 http fetch GET 200 https://registry.npmjs.org/jest-watcher/-/jest-watcher-28.1.3.tgz 8531ms (cache miss)
2668 http fetch GET 200 https://registry.npmjs.org/strip-ansi/-/strip-ansi-6.0.1.tgz 8558ms (cache miss)
2669 http fetch GET 200 https://registry.npmjs.org/char-regex/-/char-regex-2.0.1.tgz 8566ms (cache miss)
2670 http fetch GET 200 https://registry.npmjs.org/jest-regex-util/-/jest-regex-util-28.0.2.tgz 8556ms (cache miss)
2671 http fetch GET 200 https://registry.npmjs.org/@babel/eslint-parser/-/eslint-parser-7.19.1.tgz 8804ms (cache miss)
2672 http fetch GET 200 https://registry.npmjs.org/slash/-/slash-3.0.0.tgz 8592ms (cache miss)
2673 http fetch GET 200 https://registry.npmjs.org/slash/-/slash-3.0.0.tgz 8586ms (cache miss)
2674 http fetch GET 200 https://registry.npmjs.org/has-flag/-/has-flag-4.0.0.tgz 8591ms (cache miss)
2675 http fetch GET 200 https://registry.npmjs.org/string-length/-/string-length-4.0.2.tgz 8595ms (cache miss)
2676 http fetch GET 200 https://registry.npmjs.org/jest-message-util/-/jest-message-util-28.1.3.tgz 8594ms (cache miss)
2677 http fetch GET 200 https://registry.npmjs.org/color-name/-/color-name-1.1.4.tgz 8591ms (cache miss)
2678 http fetch GET 200 https://registry.npmjs.org/emittery/-/emittery-0.10.2.tgz 8612ms (cache miss)
2679 http fetch GET 200 https://registry.npmjs.org/chalk/-/chalk-4.1.2.tgz 8610ms (cache miss)
2680 http fetch GET 200 https://registry.npmjs.org/color-convert/-/color-convert-2.0.1.tgz 8612ms (cache miss)
2681 http fetch GET 200 https://registry.npmjs.org/color-convert/-/color-convert-2.0.1.tgz 8601ms (cache miss)
2682 http fetch GET 200 https://registry.npmjs.org/ansi-styles/-/ansi-styles-4.3.0.tgz 8611ms (cache miss)
2683 http fetch GET 200 https://registry.npmjs.org/type-fest/-/type-fest-0.16.0.tgz 8734ms (cache miss)
2684 http fetch GET 200 https://registry.npmjs.org/@typescript-eslint/typescript-estree/-/typescript-estree-5.45.0.tgz 9128ms (cache miss)
2685 http fetch GET 200 https://registry.npmjs.org/supports-color/-/supports-color-7.2.0.tgz 8668ms (cache miss)
2686 http fetch GET 200 https://registry.npmjs.org/@jest/types/-/types-28.1.3.tgz 8671ms (cache miss)
2687 http fetch GET 200 https://registry.npmjs.org/supports-color/-/supports-color-7.2.0.tgz 8661ms (cache miss)
2688 http fetch GET 200 https://registry.npmjs.org/@jest/test-result/-/test-result-28.1.3.tgz 8671ms (cache miss)
2689 http fetch GET 200 https://registry.npmjs.org/color-name/-/color-name-1.1.4.tgz 8668ms (cache miss)
2690 http fetch GET 200 https://registry.npmjs.org/color-name/-/color-name-1.1.4.tgz 8660ms (cache miss)
2691 http fetch GET 200 https://registry.npmjs.org/@jest/console/-/console-28.1.3.tgz 8671ms (cache miss)
2692 http fetch GET 200 https://registry.npmjs.org/has-flag/-/has-flag-4.0.0.tgz 8670ms (cache miss)
2693 http fetch GET 200 https://registry.npmjs.org/has-flag/-/has-flag-4.0.0.tgz 8662ms (cache miss)
2694 http fetch GET 200 https://registry.npmjs.org/ansi-styles/-/ansi-styles-4.3.0.tgz 8695ms (cache miss)
2695 http fetch GET 200 https://registry.npmjs.org/ansi-styles/-/ansi-styles-4.3.0.tgz 8691ms (cache miss)
2696 http fetch GET 200 https://registry.npmjs.org/chalk/-/chalk-4.1.2.tgz 8715ms (cache miss)
2697 http fetch GET 200 https://registry.npmjs.org/chalk/-/chalk-4.1.2.tgz 8712ms (cache miss)
2698 http fetch GET 200 https://registry.npmjs.org/color-convert/-/color-convert-2.0.1.tgz 8714ms (cache miss)
2699 http fetch GET 200 https://registry.npmjs.org/color-convert/-/color-convert-2.0.1.tgz 8710ms (cache miss)
2700 http fetch GET 200 https://registry.npmjs.org/color-convert/-/color-convert-2.0.1.tgz 8707ms (cache miss)
2701 http fetch GET 200 https://registry.npmjs.org/jest-worker/-/jest-worker-26.6.2.tgz 8816ms (cache miss)
2702 http fetch GET 200 https://registry.npmjs.org/color-name/-/color-name-1.1.4.tgz 8776ms (cache miss)
2703 http fetch GET 200 https://registry.npmjs.org/color-name/-/color-name-1.1.4.tgz 8773ms (cache miss)
2704 http fetch GET 200 https://registry.npmjs.org/color-name/-/color-name-1.1.4.tgz 8770ms (cache miss)
2705 http fetch GET 200 https://registry.npmjs.org/has-flag/-/has-flag-4.0.0.tgz 8777ms (cache miss)
2706 http fetch GET 200 https://registry.npmjs.org/has-flag/-/has-flag-4.0.0.tgz 8774ms (cache miss)
2707 http fetch GET 200 https://registry.npmjs.org/supports-color/-/supports-color-7.2.0.tgz 8778ms (cache miss)
2708 http fetch GET 200 https://registry.npmjs.org/supports-color/-/supports-color-7.2.0.tgz 8775ms (cache miss)
2709 http fetch GET 200 https://registry.npmjs.org/supports-color/-/supports-color-7.2.0.tgz 8771ms (cache miss)
2710 http fetch GET 200 https://registry.npmjs.org/axios/-/axios-1.2.1.tgz 9340ms (cache miss)
2711 http fetch GET 200 https://registry.npmjs.org/ansi-styles/-/ansi-styles-4.3.0.tgz 8792ms (cache miss)
2712 http fetch GET 200 https://registry.npmjs.org/ansi-styles/-/ansi-styles-4.3.0.tgz 8796ms (cache miss)
2713 http fetch GET 200 https://registry.npmjs.org/ansi-styles/-/ansi-styles-4.3.0.tgz 8789ms (cache miss)
2714 http fetch GET 200 https://registry.npmjs.org/chalk/-/chalk-4.1.2.tgz 8797ms (cache miss)
2715 http fetch GET 200 https://registry.npmjs.org/chalk/-/chalk-4.1.2.tgz 8794ms (cache miss)
2716 http fetch GET 200 https://registry.npmjs.org/color-convert/-/color-convert-2.0.1.tgz 8819ms (cache miss)
2717 http fetch GET 200 https://registry.npmjs.org/color-convert/-/color-convert-2.0.1.tgz 8807ms (cache miss)
2718 http fetch GET 200 https://registry.npmjs.org/color-convert/-/color-convert-2.0.1.tgz 8815ms (cache miss)
2719 http fetch GET 200 https://registry.npmjs.org/@babel/helper-create-class-features-plugin/-/helper-create-class-features-plugin-7.20.5.tgz 9094ms (cache miss)
2720 http fetch GET 200 https://registry.npmjs.org/has-flag/-/has-flag-4.0.0.tgz 8841ms (cache miss)
2721 http fetch GET 200 https://registry.npmjs.org/has-flag/-/has-flag-4.0.0.tgz 8839ms (cache miss)
2722 http fetch GET 200 https://registry.npmjs.org/has-flag/-/has-flag-4.0.0.tgz 8836ms (cache miss)
2723 http fetch GET 200 https://registry.npmjs.org/color-name/-/color-name-1.1.4.tgz 8839ms (cache miss)
2724 http fetch GET 200 https://registry.npmjs.org/color-name/-/color-name-1.1.4.tgz 8835ms (cache miss)
2725 http fetch GET 200 https://registry.npmjs.org/supports-color/-/supports-color-7.2.0.tgz 8840ms (cache miss)
2726 http fetch GET 200 https://registry.npmjs.org/supports-color/-/supports-color-7.2.0.tgz 8836ms (cache miss)
2727 http fetch GET 200 https://registry.npmjs.org/css-tree/-/css-tree-1.0.0-alpha.37.tgz 9507ms (cache miss)
2728 http fetch GET 200 https://registry.npmjs.org/pretty-format/-/pretty-format-28.1.3.tgz 8888ms (cache miss)
2729 http fetch GET 200 https://registry.npmjs.org/chalk/-/chalk-4.1.2.tgz 8852ms (cache miss)
2730 http fetch GET 200 https://registry.npmjs.org/chalk/-/chalk-4.1.2.tgz 8855ms (cache miss)
2731 http fetch GET 200 https://registry.npmjs.org/chalk/-/chalk-4.1.2.tgz 8843ms (cache miss)
2732 http fetch GET 200 https://registry.npmjs.org/ansi-styles/-/ansi-styles-4.3.0.tgz 8839ms (cache miss)
2733 http fetch GET 200 https://registry.npmjs.org/ansi-styles/-/ansi-styles-4.3.0.tgz 8844ms (cache miss)
2734 http fetch GET 200 https://registry.npmjs.org/ansi-styles/-/ansi-styles-4.3.0.tgz 8852ms (cache miss)
2735 http fetch GET 200 https://registry.npmjs.org/@types/yargs/-/yargs-17.0.15.tgz 8899ms (cache miss)
2736 http fetch GET 200 https://registry.npmjs.org/color-convert/-/color-convert-2.0.1.tgz 8877ms (cache miss)
2737 http fetch GET 200 https://registry.npmjs.org/color-convert/-/color-convert-2.0.1.tgz 8870ms (cache miss)
2738 http fetch GET 200 https://registry.npmjs.org/supports-color/-/supports-color-7.2.0.tgz 8879ms (cache miss)
2739 http fetch GET 200 https://registry.npmjs.org/supports-color/-/supports-color-7.2.0.tgz 8875ms (cache miss)
2740 http fetch GET 200 https://registry.npmjs.org/color-convert/-/color-convert-2.0.1.tgz 8874ms (cache miss)
2741 http fetch GET 200 https://registry.npmjs.org/has-flag/-/has-flag-4.0.0.tgz 8875ms (cache miss)
2742 http fetch GET 200 https://registry.npmjs.org/has-flag/-/has-flag-4.0.0.tgz 8871ms (cache miss)
2743 http fetch GET 200 https://registry.npmjs.org/has-flag/-/has-flag-4.0.0.tgz 8868ms (cache miss)
2744 http fetch GET 200 https://registry.npmjs.org/supports-color/-/supports-color-7.2.0.tgz 8869ms (cache miss)
2745 http fetch GET 200 https://registry.npmjs.org/has-flag/-/has-flag-4.0.0.tgz 8879ms (cache miss)
2746 http fetch GET 200 https://registry.npmjs.org/supports-color/-/supports-color-7.2.0.tgz 8873ms (cache miss)
2747 http fetch GET 200 https://registry.npmjs.org/color-name/-/color-name-1.1.4.tgz 8876ms (cache miss)
2748 http fetch GET 200 https://registry.npmjs.org/color-name/-/color-name-1.1.4.tgz 8873ms (cache miss)
2749 http fetch GET 200 https://registry.npmjs.org/color-name/-/color-name-1.1.4.tgz 8880ms (cache miss)
2750 http fetch GET 200 https://registry.npmjs.org/chalk/-/chalk-4.1.2.tgz 8904ms (cache miss)
2751 http fetch GET 200 https://registry.npmjs.org/chalk/-/chalk-4.1.2.tgz 8901ms (cache miss)
2752 http fetch GET 200 https://registry.npmjs.org/chalk/-/chalk-4.1.2.tgz 8898ms (cache miss)
2753 http fetch GET 200 https://registry.npmjs.org/jest-util/-/jest-util-28.1.3.tgz 8950ms (cache miss)
2754 http fetch GET 200 https://registry.npmjs.org/ansi-styles/-/ansi-styles-4.3.0.tgz 8900ms (cache miss)
2755 http fetch GET 200 https://registry.npmjs.org/ansi-styles/-/ansi-styles-4.3.0.tgz 8897ms (cache miss)
2756 http fetch GET 200 https://registry.npmjs.org/ansi-styles/-/ansi-styles-4.3.0.tgz 8885ms (cache miss)
2757 http fetch GET 200 https://registry.npmjs.org/ansi-styles/-/ansi-styles-4.3.0.tgz 8894ms (cache miss)
2758 http fetch GET 200 https://registry.npmjs.org/react-dom/-/react-dom-18.2.0.tgz 10060ms (cache miss)
2759 http fetch GET 200 https://registry.npmjs.org/iconv-lite/-/iconv-lite-0.4.24.tgz 9079ms (cache miss)
2760 http fetch GET 200 https://registry.npmjs.org/schema-utils/-/schema-utils-4.0.0.tgz 9051ms (cache miss)
2761 http fetch GET 200 https://registry.npmjs.org/color-name/-/color-name-1.1.4.tgz 8981ms (cache miss)
2762 http fetch GET 200 https://registry.npmjs.org/color-name/-/color-name-1.1.4.tgz 8973ms (cache miss)
2763 http fetch GET 200 https://registry.npmjs.org/color-name/-/color-name-1.1.4.tgz 8970ms (cache miss)
2764 http fetch GET 200 https://registry.npmjs.org/color-name/-/color-name-1.1.4.tgz 8967ms (cache miss)
2765 http fetch GET 200 https://registry.npmjs.org/color-convert/-/color-convert-2.0.1.tgz 8982ms (cache miss)
2766 http fetch GET 200 https://registry.npmjs.org/color-convert/-/color-convert-2.0.1.tgz 8973ms (cache miss)
2767 http fetch GET 200 https://registry.npmjs.org/color-convert/-/color-convert-2.0.1.tgz 8970ms (cache miss)
2768 http fetch GET 200 https://registry.npmjs.org/color-convert/-/color-convert-2.0.1.tgz 8967ms (cache miss)
2769 http fetch GET 200 https://registry.npmjs.org/supports-color/-/supports-color-7.2.0.tgz 8975ms (cache miss)
2770 http fetch GET 200 https://registry.npmjs.org/supports-color/-/supports-color-7.2.0.tgz 8973ms (cache miss)
2771 http fetch GET 200 https://registry.npmjs.org/supports-color/-/supports-color-7.2.0.tgz 8971ms (cache miss)
2772 http fetch GET 200 https://registry.npmjs.org/chalk/-/chalk-4.1.2.tgz 9019ms (cache miss)
2773 http fetch GET 200 https://registry.npmjs.org/chalk/-/chalk-4.1.2.tgz 9007ms (cache miss)
2774 http fetch GET 200 https://registry.npmjs.org/chalk/-/chalk-4.1.2.tgz 9004ms (cache miss)
2775 http fetch GET 200 https://registry.npmjs.org/chalk/-/chalk-4.1.2.tgz 9011ms (cache miss)
2776 http fetch GET 200 https://registry.npmjs.org/has-flag/-/has-flag-4.0.0.tgz 9013ms (cache miss)
2777 http fetch GET 200 https://registry.npmjs.org/has-flag/-/has-flag-4.0.0.tgz 9010ms (cache miss)
2778 http fetch GET 200 https://registry.npmjs.org/has-flag/-/has-flag-4.0.0.tgz 9007ms (cache miss)
2779 http fetch GET 200 https://registry.npmjs.org/@babel/helpers/-/helpers-7.20.6.tgz 9351ms (cache miss)
2780 http fetch GET 200 https://registry.npmjs.org/ansi-styles/-/ansi-styles-4.3.0.tgz 9038ms (cache miss)
2781 http fetch GET 200 https://registry.npmjs.org/ansi-styles/-/ansi-styles-4.3.0.tgz 9034ms (cache miss)
2782 http fetch GET 200 https://registry.npmjs.org/supports-color/-/supports-color-7.2.0.tgz 9048ms (cache miss)
2783 http fetch GET 200 https://registry.npmjs.org/supports-color/-/supports-color-7.2.0.tgz 9043ms (cache miss)
2784 http fetch GET 200 https://registry.npmjs.org/color-convert/-/color-convert-2.0.1.tgz 9070ms (cache miss)
2785 http fetch GET 200 https://registry.npmjs.org/has-flag/-/has-flag-4.0.0.tgz 9071ms (cache miss)
2786 http fetch GET 200 https://registry.npmjs.org/color-name/-/color-name-1.1.4.tgz 9071ms (cache miss)
2787 http fetch GET 200 https://registry.npmjs.org/has-flag/-/has-flag-4.0.0.tgz 9066ms (cache miss)
2788 http fetch GET 200 https://registry.npmjs.org/js-sdsl/-/js-sdsl-4.2.0.tgz 10030ms (cache miss)
2789 http fetch GET 200 https://registry.npmjs.org/ansi-styles/-/ansi-styles-4.3.0.tgz 9087ms (cache miss)
2790 http fetch GET 200 https://registry.npmjs.org/string_decoder/-/string_decoder-1.1.1.tgz 9084ms (cache miss)
2791 http fetch GET 200 https://registry.npmjs.org/resolve-from/-/resolve-from-4.0.0.tgz 9085ms (cache miss)
2792 http fetch GET 200 https://registry.npmjs.org/chalk/-/chalk-4.1.2.tgz 9111ms (cache miss)
2793 http fetch GET 200 https://registry.npmjs.org/chalk/-/chalk-4.1.2.tgz 9093ms (cache miss)
2794 http fetch GET 200 https://registry.npmjs.org/semver/-/semver-6.3.0.tgz 9109ms (cache miss)
2795 http fetch GET 200 https://registry.npmjs.org/safe-buffer/-/safe-buffer-5.1.2.tgz 9107ms (cache miss)
2796 http fetch GET 200 https://registry.npmjs.org/which/-/which-1.3.1.tgz 9106ms (cache miss)
2797 http fetch GET 200 https://registry.npmjs.org/tapable/-/tapable-1.1.3.tgz 9105ms (cache miss)
2798 http fetch GET 200 https://registry.npmjs.org/supports-color/-/supports-color-7.2.0.tgz 9101ms (cache miss)
2799 http fetch GET 200 https://registry.npmjs.org/color-name/-/color-name-1.1.4.tgz 9120ms (cache miss)
2800 http fetch GET 200 https://registry.npmjs.org/has-flag/-/has-flag-4.0.0.tgz 9143ms (cache miss)
2801 http fetch GET 200 https://registry.npmjs.org/ms/-/ms-2.0.0.tgz 9134ms (cache miss)
2802 http fetch GET 200 https://registry.npmjs.org/ms/-/ms-2.0.0.tgz 9137ms (cache miss)
2803 http fetch GET 200 https://registry.npmjs.org/ansi-styles/-/ansi-styles-4.3.0.tgz 9137ms (cache miss)
2804 http fetch GET 200 https://registry.npmjs.org/brace-expansion/-/brace-expansion-2.0.1.tgz 9135ms (cache miss)
2805 http fetch GET 200 https://registry.npmjs.org/minimatch/-/minimatch-5.1.1.tgz 9135ms (cache miss)
2806 http fetch GET 200 https://registry.npmjs.org/fs-extra/-/fs-extra-9.1.0.tgz 9356ms (cache miss)
2807 http fetch GET 200 https://registry.npmjs.org/color-convert/-/color-convert-2.0.1.tgz 9156ms (cache miss)
2808 http fetch GET 200 https://registry.npmjs.org/glob-parent/-/glob-parent-5.1.2.tgz 9152ms (cache miss)
2809 http fetch GET 200 https://registry.npmjs.org/supports-color/-/supports-color-8.1.1.tgz 9165ms (cache miss)
2810 http fetch GET 200 https://registry.npmjs.org/array-flatten/-/array-flatten-1.1.1.tgz 9167ms (cache miss)
2811 http fetch GET 200 https://registry.npmjs.org/json-schema-traverse/-/json-schema-traverse-1.0.0.tgz 9182ms (cache miss)
2812 http fetch GET 200 https://registry.npmjs.org/eslint-visitor-keys/-/eslint-visitor-keys-2.1.0.tgz 9197ms (cache miss)
2813 http fetch GET 200 https://registry.npmjs.org/has-flag/-/has-flag-4.0.0.tgz 9199ms (cache miss)
2814 http fetch GET 200 https://registry.npmjs.org/has-flag/-/has-flag-4.0.0.tgz 9185ms (cache miss)
2815 http fetch GET 200 https://registry.npmjs.org/ms/-/ms-2.0.0.tgz 9190ms (cache miss)
2816 http fetch GET 200 https://registry.npmjs.org/semver/-/semver-6.3.0.tgz 9219ms (cache miss)
2817 http fetch GET 200 https://registry.npmjs.org/semver/-/semver-6.3.0.tgz 9218ms (cache miss)
2818 http fetch GET 200 https://registry.npmjs.org/debug/-/debug-3.2.7.tgz 9224ms (cache miss)
2819 http fetch GET 200 https://registry.npmjs.org/supports-color/-/supports-color-7.2.0.tgz 9223ms (cache miss)
2820 http fetch GET 200 https://registry.npmjs.org/escape-string-regexp/-/escape-string-regexp-4.0.0.tgz 9221ms (cache miss)
2821 http fetch GET 200 https://registry.npmjs.org/globals/-/globals-13.18.0.tgz 9238ms (cache miss)
2822 http fetch GET 200 https://registry.npmjs.org/ansi-styles/-/ansi-styles-4.3.0.tgz 9235ms (cache miss)
2823 http fetch GET 200 https://registry.npmjs.org/chalk/-/chalk-4.1.2.tgz 9236ms (cache miss)
2824 http fetch GET 200 https://registry.npmjs.org/color-name/-/color-name-1.1.4.tgz 9237ms (cache miss)
2825 http fetch GET 200 https://registry.npmjs.org/prelude-ls/-/prelude-ls-1.1.2.tgz 9234ms (cache miss)
2826 http fetch GET 200 https://registry.npmjs.org/type-check/-/type-check-0.3.2.tgz 9235ms (cache miss)
2827 http fetch GET 200 https://registry.npmjs.org/levn/-/levn-0.3.0.tgz 9234ms (cache miss)
2828 http fetch GET 200 https://registry.npmjs.org/debug/-/debug-2.6.9.tgz 9272ms (cache miss)
2829 http fetch GET 200 https://registry.npmjs.org/color-convert/-/color-convert-2.0.1.tgz 9251ms (cache miss)
2830 http fetch GET 200 https://registry.npmjs.org/optionator/-/optionator-0.8.3.tgz 9245ms (cache miss)
2831 http fetch GET 200 https://registry.npmjs.org/ms/-/ms-2.0.0.tgz 9244ms (cache miss)
2832 http fetch GET 200 https://registry.npmjs.org/cssom/-/cssom-0.3.8.tgz 9266ms (cache miss)
2833 http fetch GET 200 https://registry.npmjs.org/doctrine/-/doctrine-2.1.0.tgz 9301ms (cache miss)
2834 http fetch GET 200 https://registry.npmjs.org/debug/-/debug-3.2.7.tgz 9294ms (cache miss)
2835 http fetch GET 200 https://registry.npmjs.org/isarray/-/isarray-2.0.5.tgz 9284ms (cache miss)
2836 http fetch GET 200 https://registry.npmjs.org/webidl-conversions/-/webidl-conversions-5.0.0.tgz 9283ms (cache miss)
2837 http fetch GET 200 https://registry.npmjs.org/json-schema-traverse/-/json-schema-traverse-1.0.0.tgz 9273ms (cache miss)
2838 http fetch GET 200 https://registry.npmjs.org/debug/-/debug-2.6.9.tgz 9321ms (cache miss)
2839 http fetch GET 200 https://registry.npmjs.org/doctrine/-/doctrine-2.1.0.tgz 9308ms (cache miss)
2840 http fetch GET 200 https://registry.npmjs.org/ms/-/ms-2.0.0.tgz 9284ms (cache miss)
2841 http fetch GET 200 https://registry.npmjs.org/ms/-/ms-2.0.0.tgz 9281ms (cache miss)
2842 http fetch GET 200 https://registry.npmjs.org/safe-buffer/-/safe-buffer-5.1.2.tgz 9284ms (cache miss)
2843 http fetch GET 200 https://registry.npmjs.org/source-map/-/source-map-0.6.1.tgz 9561ms (cache miss)
2844 http fetch GET 200 https://registry.npmjs.org/iconv-lite/-/iconv-lite-0.4.24.tgz 9466ms (cache miss)
2845 http fetch GET 200 https://registry.npmjs.org/glob-parent/-/glob-parent-5.1.2.tgz 9299ms (cache miss)
2846 http fetch GET 200 https://registry.npmjs.org/argparse/-/argparse-2.0.1.tgz 9332ms (cache miss)
2847 http fetch GET 200 https://registry.npmjs.org/bytes/-/bytes-3.1.2.tgz 9312ms (cache miss)
2848 http fetch GET 200 https://registry.npmjs.org/supports-color/-/supports-color-7.2.0.tgz 9310ms (cache miss)
2849 http fetch GET 200 https://registry.npmjs.org/isarray/-/isarray-2.0.5.tgz 9340ms (cache miss)
2850 http fetch GET 200 https://registry.npmjs.org/semver/-/semver-6.3.0.tgz 9325ms (cache miss)
2851 http fetch GET 200 https://registry.npmjs.org/color-name/-/color-name-1.1.4.tgz 9323ms (cache miss)
2852 http fetch GET 200 https://registry.npmjs.org/has-flag/-/has-flag-4.0.0.tgz 9323ms (cache miss)
2853 http fetch GET 200 https://registry.npmjs.org/ansi-styles/-/ansi-styles-4.3.0.tgz 9321ms (cache miss)
2854 http fetch GET 200 https://registry.npmjs.org/debug/-/debug-2.6.9.tgz 9368ms (cache miss)
2855 http fetch GET 200 https://registry.npmjs.org/chalk/-/chalk-4.1.2.tgz 9337ms (cache miss)
2856 http fetch GET 200 https://registry.npmjs.org/color-convert/-/color-convert-2.0.1.tgz 9338ms (cache miss)
2857 http fetch GET 200 https://registry.npmjs.org/form-data/-/form-data-4.0.0.tgz 9335ms (cache miss)
2858 http fetch GET 200 https://registry.npmjs.org/estraverse/-/estraverse-4.3.0.tgz 9351ms (cache miss)
2859 http fetch GET 200 https://registry.npmjs.org/supports-color/-/supports-color-7.2.0.tgz 9368ms (cache miss)
2860 http fetch GET 200 https://registry.npmjs.org/react-is/-/react-is-18.2.0.tgz 9361ms (cache miss)
2861 http fetch GET 200 https://registry.npmjs.org/fork-ts-checker-webpack-plugin/-/fork-ts-checker-webpack-plugin-6.5.2.tgz 10285ms (cache miss)
2862 http fetch GET 200 https://registry.npmjs.org/debug/-/debug-2.6.9.tgz 9422ms (cache miss)
2863 http fetch GET 200 https://registry.npmjs.org/readable-stream/-/readable-stream-2.3.7.tgz 9468ms (cache miss)
2864 http fetch GET 200 https://registry.npmjs.org/jest-message-util/-/jest-message-util-29.3.1.tgz 9392ms (cache miss)
2865 http fetch GET 200 https://registry.npmjs.org/jest-matcher-utils/-/jest-matcher-utils-29.3.1.tgz 9391ms (cache miss)
2866 http fetch GET 200 https://registry.npmjs.org/has-flag/-/has-flag-4.0.0.tgz 9390ms (cache miss)
2867 http fetch GET 200 https://registry.npmjs.org/ansi-styles/-/ansi-styles-5.2.0.tgz 9395ms (cache miss)
2868 http fetch GET 200 https://registry.npmjs.org/@babel/generator/-/generator-7.20.5.tgz 9780ms (cache miss)
2869 http fetch GET 200 https://registry.npmjs.org/schema-utils/-/schema-utils-2.7.0.tgz 9479ms (cache miss)
2870 http fetch GET 200 https://registry.npmjs.org/debug/-/debug-2.6.9.tgz 9431ms (cache miss)
2871 http fetch GET 200 https://registry.npmjs.org/color-convert/-/color-convert-2.0.1.tgz 9406ms (cache miss)
2872 http fetch GET 200 https://registry.npmjs.org/jest-get-type/-/jest-get-type-29.2.0.tgz 9407ms (cache miss)
2873 http fetch GET 200 https://registry.npmjs.org/color-name/-/color-name-1.1.4.tgz 9406ms (cache miss)
2874 http fetch GET 200 https://registry.npmjs.org/color-name/-/color-name-1.1.4.tgz 9401ms (cache miss)
2875 http fetch GET 200 https://registry.npmjs.org/postcss/-/postcss-7.0.39.tgz 9637ms (cache miss)
2876 http fetch GET 200 https://registry.npmjs.org/jest-worker/-/jest-worker-28.1.3.tgz 9487ms (cache miss)
2877 http fetch GET 200 https://registry.npmjs.org/diff-sequences/-/diff-sequences-29.3.1.tgz 9428ms (cache miss)
2878 http fetch GET 200 https://registry.npmjs.org/chalk/-/chalk-4.1.2.tgz 9426ms (cache miss)
2879 http fetch GET 200 https://registry.npmjs.org/ansi-styles/-/ansi-styles-4.3.0.tgz 9426ms (cache miss)
2880 http fetch GET 200 https://registry.npmjs.org/ansi-styles/-/ansi-styles-4.3.0.tgz 9420ms (cache miss)
2881 http fetch GET 200 https://registry.npmjs.org/debug/-/debug-2.6.9.tgz 9450ms (cache miss)
2882 http fetch GET 200 https://registry.npmjs.org/source-map/-/source-map-0.6.1.tgz 9707ms (cache miss)
2883 http fetch GET 200 https://registry.npmjs.org/mdn-data/-/mdn-data-2.0.14.tgz 9630ms (cache miss)
2884 http fetch GET 200 https://registry.npmjs.org/json-schema-traverse/-/json-schema-traverse-1.0.0.tgz 9458ms (cache miss)
2885 http fetch GET 200 https://registry.npmjs.org/supports-color/-/supports-color-7.2.0.tgz 9435ms (cache miss)
2886 http fetch GET 200 https://registry.npmjs.org/supports-color/-/supports-color-7.2.0.tgz 9439ms (cache miss)
2887 http fetch GET 200 https://registry.npmjs.org/@types/yargs/-/yargs-17.0.15.tgz 9457ms (cache miss)
2888 http fetch GET 200 https://registry.npmjs.org/color-convert/-/color-convert-2.0.1.tgz 9454ms (cache miss)
2889 http fetch GET 200 https://registry.npmjs.org/color-convert/-/color-convert-2.0.1.tgz 9449ms (cache miss)
2890 http fetch GET 200 https://registry.npmjs.org/has-flag/-/has-flag-4.0.0.tgz 9455ms (cache miss)
2891 http fetch GET 200 https://registry.npmjs.org/has-flag/-/has-flag-4.0.0.tgz 9450ms (cache miss)
2892 http fetch GET 200 https://registry.npmjs.org/schema-utils/-/schema-utils-4.0.0.tgz 9538ms (cache miss)
2893 http fetch GET 200 https://registry.npmjs.org/chalk/-/chalk-3.0.0.tgz 9474ms (cache miss)
2894 http fetch GET 200 https://registry.npmjs.org/color-name/-/color-name-1.1.4.tgz 9470ms (cache miss)
2895 http fetch GET 200 https://registry.npmjs.org/eslint-scope/-/eslint-scope-5.1.1.tgz 9511ms (cache miss)
2896 http fetch GET 200 https://registry.npmjs.org/ansi-styles/-/ansi-styles-4.3.0.tgz 9487ms (cache miss)
2897 http fetch GET 200 https://registry.npmjs.org/chalk/-/chalk-4.1.2.tgz 9507ms (cache miss)
2898 http fetch GET 200 https://registry.npmjs.org/estraverse/-/estraverse-4.3.0.tgz 9501ms (cache miss)
2899 http fetch GET 200 https://registry.npmjs.org/has-flag/-/has-flag-4.0.0.tgz 9499ms (cache miss)
2900 http fetch GET 200 https://registry.npmjs.org/supports-color/-/supports-color-7.2.0.tgz 9519ms (cache miss)
2901 http fetch GET 200 https://registry.npmjs.org/jest-diff/-/jest-diff-29.3.1.tgz 9560ms (cache miss)
2902 http fetch GET 200 https://registry.npmjs.org/@types/estree/-/estree-0.0.39.tgz 9540ms (cache miss)
2903 http fetch GET 200 https://registry.npmjs.org/color-convert/-/color-convert-2.0.1.tgz 9537ms (cache miss)
2904 http fetch GET 200 https://registry.npmjs.org/color-convert/-/color-convert-2.0.1.tgz 9533ms (cache miss)
2905 http fetch GET 200 https://registry.npmjs.org/color-name/-/color-name-1.1.4.tgz 9537ms (cache miss)
2906 http fetch GET 200 https://registry.npmjs.org/color-name/-/color-name-1.1.4.tgz 9533ms (cache miss)
2907 http fetch GET 200 https://registry.npmjs.org/chalk/-/chalk-4.1.2.tgz 9555ms (cache miss)
2908 http fetch GET 200 https://registry.npmjs.org/chalk/-/chalk-4.1.2.tgz 9551ms (cache miss)
2909 http fetch GET 200 https://registry.npmjs.org/ansi-styles/-/ansi-styles-4.3.0.tgz 9554ms (cache miss)
2910 http fetch GET 200 https://registry.npmjs.org/ansi-styles/-/ansi-styles-4.3.0.tgz 9551ms (cache miss)
2911 http fetch GET 200 https://registry.npmjs.org/has-flag/-/has-flag-4.0.0.tgz 9555ms (cache miss)
2912 http fetch GET 200 https://registry.npmjs.org/@jridgewell/gen-mapping/-/gen-mapping-0.3.2.tgz 9560ms (cache miss)
2913 http fetch GET 200 https://registry.npmjs.org/expect/-/expect-29.3.1.tgz 9622ms (cache miss)
2914 http fetch GET 200 https://registry.npmjs.org/supports-color/-/supports-color-7.2.0.tgz 9597ms (cache miss)
2915 http fetch GET 200 https://registry.npmjs.org/supports-color/-/supports-color-7.2.0.tgz 9592ms (cache miss)
2916 http fetch GET 200 https://registry.npmjs.org/supports-color/-/supports-color-7.2.0.tgz 9589ms (cache miss)
2917 http fetch GET 200 https://registry.npmjs.org/schema-utils/-/schema-utils-4.0.0.tgz 9708ms (cache miss)
2918 http fetch GET 200 https://registry.npmjs.org/pretty-format/-/pretty-format-29.3.1.tgz 9694ms (cache miss)
2919 http fetch GET 200 https://registry.npmjs.org/eslint-scope/-/eslint-scope-5.1.1.tgz 9665ms (cache miss)
2920 http fetch GET 200 https://registry.npmjs.org/has-flag/-/has-flag-4.0.0.tgz 9659ms (cache miss)
2921 http fetch GET 200 https://registry.npmjs.org/has-flag/-/has-flag-4.0.0.tgz 9656ms (cache miss)
2922 http fetch GET 200 https://registry.npmjs.org/@jest/types/-/types-29.3.1.tgz 9686ms (cache miss)
2923 http fetch GET 200 https://registry.npmjs.org/color-name/-/color-name-1.1.4.tgz 9656ms (cache miss)
2924 http fetch GET 200 https://registry.npmjs.org/color-name/-/color-name-1.1.4.tgz 9660ms (cache miss)
2925 http fetch GET 200 https://registry.npmjs.org/ansi-styles/-/ansi-styles-4.3.0.tgz 9658ms (cache miss)
2926 http fetch GET 200 https://registry.npmjs.org/chalk/-/chalk-4.1.2.tgz 9714ms (cache miss)
2927 http fetch GET 200 https://registry.npmjs.org/chalk/-/chalk-4.1.2.tgz 9702ms (cache miss)
2928 http fetch GET 200 https://registry.npmjs.org/chalk/-/chalk-4.1.2.tgz 9709ms (cache miss)
2929 http fetch GET 200 https://registry.npmjs.org/jest-get-type/-/jest-get-type-29.2.0.tgz 9712ms (cache miss)
2930 http fetch GET 200 https://registry.npmjs.org/jest-util/-/jest-util-29.3.1.tgz 9775ms (cache miss)
2931 http fetch GET 200 https://registry.npmjs.org/color-convert/-/color-convert-2.0.1.tgz 9739ms (cache miss)
2932 http fetch GET 200 https://registry.npmjs.org/color-convert/-/color-convert-2.0.1.tgz 9735ms (cache miss)
2933 http fetch GET 200 https://registry.npmjs.org/color-convert/-/color-convert-2.0.1.tgz 9728ms (cache miss)
2934 http fetch GET 200 https://registry.npmjs.org/@jest/schemas/-/schemas-29.0.0.tgz 9780ms (cache miss)
2935 http fetch GET 200 https://registry.npmjs.org/has-flag/-/has-flag-4.0.0.tgz 9742ms (cache miss)
2936 http fetch GET 200 https://registry.npmjs.org/color-name/-/color-name-1.1.4.tgz 9742ms (cache miss)
2937 http fetch GET 200 https://registry.npmjs.org/supports-color/-/supports-color-7.2.0.tgz 9744ms (cache miss)
2938 http fetch GET 200 https://registry.npmjs.org/ansi-styles/-/ansi-styles-4.3.0.tgz 9741ms (cache miss)
2939 http fetch GET 200 https://registry.npmjs.org/ansi-styles/-/ansi-styles-4.3.0.tgz 9745ms (cache miss)
2940 http fetch GET 200 https://registry.npmjs.org/source-map/-/source-map-0.6.1.tgz 10030ms (cache miss)
2941 http fetch GET 200 https://registry.npmjs.org/p-locate/-/p-locate-4.1.0.tgz 9757ms (cache miss)
2942 http fetch GET 200 https://registry.npmjs.org/locate-path/-/locate-path-5.0.0.tgz 9755ms (cache miss)
2943 http fetch GET 200 https://registry.npmjs.org/find-up/-/find-up-4.1.0.tgz 9755ms (cache miss)
2944 http fetch GET 200 https://registry.npmjs.org/p-limit/-/p-limit-2.3.0.tgz 9757ms (cache miss)
2945 http fetch GET 200 https://registry.npmjs.org/schema-utils/-/schema-utils-2.7.1.tgz 9834ms (cache miss)
2946 http fetch GET 200 https://registry.npmjs.org/eslint-plugin-jsx-a11y/-/eslint-plugin-jsx-a11y-6.6.1.tgz 10688ms (cache miss)
2947 http fetch GET 200 https://registry.npmjs.org/@testing-library/dom/-/dom-8.19.0.tgz 10387ms (cache miss)
2948 http fetch GET 200 https://registry.npmjs.org/globals/-/globals-13.18.0.tgz 9779ms (cache miss)
2949 http fetch GET 200 https://registry.npmjs.org/source-map/-/source-map-0.6.1.tgz 10050ms (cache miss)
2950 http fetch GET 200 https://registry.npmjs.org/camelcase/-/camelcase-5.3.1.tgz 9792ms (cache miss)
2951 http fetch GET 200 https://registry.npmjs.org/semver/-/semver-6.3.0.tgz 9789ms (cache miss)
2952 http fetch GET 200 https://registry.npmjs.org/semver/-/semver-6.3.0.tgz 9790ms (cache miss)
2953 http fetch GET 200 https://registry.npmjs.org/semver/-/semver-6.3.0.tgz 9789ms (cache miss)
2954 http fetch GET 200 https://registry.npmjs.org/semver/-/semver-6.3.0.tgz 9788ms (cache miss)
2955 http fetch GET 200 https://registry.npmjs.org/semver/-/semver-6.3.0.tgz 9788ms (cache miss)
2956 http fetch GET 200 https://registry.npmjs.org/semver/-/semver-6.3.0.tgz 9791ms (cache miss)
2957 http fetch GET 200 https://registry.npmjs.org/eslint-visitor-keys/-/eslint-visitor-keys-2.1.0.tgz 9802ms (cache miss)
2958 http fetch GET 200 https://registry.npmjs.org/@adobe%2fcss-tools 9000ms (cache miss)
2959 silly packumentCache corgi:https://registry.npmjs.org/@adobe%2fcss-tools set size:undefined disposed:false
2960 http fetch GET 200 https://registry.npmjs.org/source-map/-/source-map-0.6.1.tgz 10065ms (cache miss)
2961 http fetch GET 200 https://registry.npmjs.org/@tootallnate%2fonce 9007ms (cache miss)
2962 silly packumentCache corgi:https://registry.npmjs.org/@tootallnate%2fonce set size:undefined disposed:false
2963 http fetch GET 200 https://registry.npmjs.org/cosmiconfig/-/cosmiconfig-6.0.0.tgz 9960ms (cache miss)
2964 http fetch GET 200 https://registry.npmjs.org/brace-expansion 9013ms (cache miss)
2965 silly packumentCache corgi:https://registry.npmjs.org/brace-expansion set size:undefined disposed:false
2966 http fetch GET 200 https://registry.npmjs.org/js-yaml 9044ms (cache miss)
2967 silly packumentCache corgi:https://registry.npmjs.org/js-yaml set size:undefined disposed:false
2968 http fetch GET 200 https://registry.npmjs.org/braces 9037ms (cache miss)
2969 silly packumentCache corgi:https://registry.npmjs.org/braces set size:undefined disposed:false
2970 http fetch GET 200 https://registry.npmjs.org/type-fest/-/type-fest-0.20.2.tgz 9973ms (cache miss)
2971 http fetch GET 200 https://registry.npmjs.org/argparse/-/argparse-2.0.1.tgz 9877ms (cache miss)
2972 http fetch GET 200 https://registry.npmjs.org/form-data 9049ms (cache miss)
2973 silly packumentCache corgi:https://registry.npmjs.org/form-data set size:undefined disposed:false
2974 http fetch GET 200 https://registry.npmjs.org/cross-spawn 9049ms (cache miss)
2975 silly packumentCache corgi:https://registry.npmjs.org/cross-spawn set size:undefined disposed:false
2976 http fetch GET 200 https://registry.npmjs.org/semver 9083ms (cache miss)
2977 silly packumentCache corgi:https://registry.npmjs.org/semver set size:undefined disposed:false
2978 http fetch GET 200 https://registry.npmjs.org/cookie 9071ms (cache miss)
2979 silly packumentCache corgi:https://registry.npmjs.org/cookie set size:undefined disposed:false
2980 http fetch GET 200 https://registry.npmjs.org/on-headers 9063ms (cache miss)
2981 silly packumentCache corgi:https://registry.npmjs.org/on-headers set size:undefined disposed:false
2982 http fetch GET 200 https://registry.npmjs.org/ejs 9078ms (cache miss)
2983 silly packumentCache corgi:https://registry.npmjs.org/ejs set size:undefined disposed:false
2984 http fetch GET 200 https://registry.npmjs.org/flatted 9078ms (cache miss)
2985 silly packumentCache corgi:https://registry.npmjs.org/flatted set size:undefined disposed:false
2986 http fetch GET 200 https://registry.npmjs.org/json5 9077ms (cache miss)
2987 silly packumentCache corgi:https://registry.npmjs.org/json5 set size:undefined disposed:false
2988 http fetch GET 200 https://registry.npmjs.org/nth-check 9076ms (cache miss)
2989 silly packumentCache corgi:https://registry.npmjs.org/nth-check set size:undefined disposed:false
2990 http fetch GET 200 https://registry.npmjs.org/body-parser 9095ms (cache miss)
2991 silly packumentCache corgi:https://registry.npmjs.org/body-parser set size:undefined disposed:false
2992 http fetch GET 200 https://registry.npmjs.org/word-wrap 9071ms (cache miss)
2993 silly packumentCache corgi:https://registry.npmjs.org/word-wrap set size:undefined disposed:false
2994 http fetch GET 200 https://registry.npmjs.org/lodash 9095ms (cache miss)
2995 silly packumentCache corgi:https://registry.npmjs.org/lodash set size:undefined disposed:false
2996 http fetch GET 200 https://registry.npmjs.org/picomatch 9098ms (cache miss)
2997 silly packumentCache corgi:https://registry.npmjs.org/picomatch set size:undefined disposed:false
2998 http fetch GET 200 https://registry.npmjs.org/path-to-regexp 9109ms (cache miss)
2999 silly packumentCache corgi:https://registry.npmjs.org/path-to-regexp set size:undefined disposed:false
3000 http fetch GET 200 https://registry.npmjs.org/micromatch 9121ms (cache miss)
3001 silly packumentCache corgi:https://registry.npmjs.org/micromatch set size:undefined disposed:false
3002 http fetch GET 200 https://registry.npmjs.org/@jridgewell/gen-mapping/-/gen-mapping-0.3.2.tgz 9968ms (cache miss)
3003 http fetch GET 200 https://registry.npmjs.org/follow-redirects 9135ms (cache miss)
3004 silly packumentCache corgi:https://registry.npmjs.org/follow-redirects set size:undefined disposed:false
3005 http fetch GET 200 https://registry.npmjs.org/tough-cookie 9128ms (cache miss)
3006 silly packumentCache corgi:https://registry.npmjs.org/tough-cookie set size:undefined disposed:false
3007 http fetch GET 200 https://registry.npmjs.org/send 9143ms (cache miss)
3008 silly packumentCache corgi:https://registry.npmjs.org/send set size:undefined disposed:false
3009 http fetch GET 200 https://registry.npmjs.org/serialize-javascript 9146ms (cache miss)
3010 silly packumentCache corgi:https://registry.npmjs.org/serialize-javascript set size:undefined disposed:false
3011 http fetch GET 200 https://registry.npmjs.org/serve-static 9147ms (cache miss)
3012 silly packumentCache corgi:https://registry.npmjs.org/serve-static set size:undefined disposed:false
3013 http fetch GET 200 https://registry.npmjs.org/@babel/parser/-/parser-7.20.5.tgz 10462ms (cache miss)
3014 http fetch GET 200 https://registry.npmjs.org/node-forge 9175ms (cache miss)
3015 silly packumentCache corgi:https://registry.npmjs.org/node-forge set size:undefined disposed:false
3016 http fetch GET 200 https://registry.npmjs.org/fs-extra/-/fs-extra-9.1.0.tgz 10154ms (cache miss)
3017 http fetch GET 200 https://registry.npmjs.org/http-proxy-middleware 9199ms (cache miss)
3018 silly packumentCache corgi:https://registry.npmjs.org/http-proxy-middleware set size:undefined disposed:false
3019 http fetch GET 200 https://registry.npmjs.org/@babel/runtime/-/runtime-7.20.6.tgz 10589ms (cache miss)
3020 http fetch GET 200 https://registry.npmjs.org/@babel%2fhelpers 9238ms (cache miss)
3021 silly packumentCache corgi:https://registry.npmjs.org/@babel%2fhelpers set size:undefined disposed:false
3022 http fetch GET 200 https://registry.npmjs.org/nanoid 9219ms (cache miss)
3023 silly packumentCache corgi:https://registry.npmjs.org/nanoid set size:undefined disposed:false
3024 http fetch GET 200 https://registry.npmjs.org/minimatch 9226ms (cache miss)
3025 silly packumentCache corgi:https://registry.npmjs.org/minimatch set size:undefined disposed:false
3026 http fetch GET 200 https://registry.npmjs.org/@babel%2fruntime-corejs3 9267ms (cache miss)
3027 silly packumentCache corgi:https://registry.npmjs.org/@babel%2fruntime-corejs3 set size:undefined disposed:false
3028 http fetch GET 200 https://registry.npmjs.org/svgo 9246ms (cache miss)
3029 silly packumentCache corgi:https://registry.npmjs.org/svgo set size:undefined disposed:false
3030 http fetch GET 200 https://registry.npmjs.org/qs 9248ms (cache miss)
3031 silly packumentCache corgi:https://registry.npmjs.org/qs set size:undefined disposed:false
3032 http fetch GET 200 https://registry.npmjs.org/iconv-lite/-/iconv-lite-0.4.24.tgz 10175ms (cache miss)
3033 http fetch GET 200 https://registry.npmjs.org/@babel%2fruntime 9293ms (cache miss)
3034 silly packumentCache corgi:https://registry.npmjs.org/@babel%2fruntime set size:undefined disposed:false
3035 http fetch GET 200 https://registry.npmjs.org/webpack-dev-middleware 9275ms (cache miss)
3036 silly packumentCache corgi:https://registry.npmjs.org/webpack-dev-middleware set size:undefined disposed:false
3037 http fetch GET 200 https://registry.npmjs.org/axios 9308ms (cache miss)
3038 silly packumentCache corgi:https://registry.npmjs.org/axios set size:undefined disposed:false
3039 http fetch GET 200 https://registry.npmjs.org/yaml 9331ms (cache miss)
3040 silly packumentCache corgi:https://registry.npmjs.org/yaml set size:undefined disposed:false
3041 http fetch GET 200 https://registry.npmjs.org/ws 9340ms (cache miss)
3042 silly packumentCache corgi:https://registry.npmjs.org/ws set size:undefined disposed:false
3043 http fetch GET 200 https://registry.npmjs.org/dom-helpers/-/dom-helpers-5.2.1.tgz 11083ms (cache miss)
3044 http fetch GET 200 https://registry.npmjs.org/mdn-data/-/mdn-data-2.0.14.tgz 10288ms (cache miss)
3045 http fetch GET 200 https://registry.npmjs.org/@babel%2ftraverse 9387ms (cache miss)
3046 silly packumentCache corgi:https://registry.npmjs.org/@babel%2ftraverse set size:undefined disposed:false
3047 http fetch GET 200 https://registry.npmjs.org/js-yaml/-/js-yaml-4.1.0.tgz 10319ms (cache miss)
3048 http fetch GET 200 https://registry.npmjs.org/express 9405ms (cache miss)
3049 silly packumentCache corgi:https://registry.npmjs.org/express set size:undefined disposed:false
3050 http fetch GET 200 https://registry.npmjs.org/@surma/rollup-plugin-off-main-thread/-/rollup-plugin-off-main-thread-2.2.3.tgz 10868ms (cache miss)
3051 http fetch GET 200 https://registry.npmjs.org/source-map/-/source-map-0.6.1.tgz 10415ms (cache miss)
3052 http fetch GET 200 https://registry.npmjs.org/postcss 9455ms (cache miss)
3053 silly packumentCache corgi:https://registry.npmjs.org/postcss set size:undefined disposed:false
3054 http fetch GET 200 https://registry.npmjs.org/ajv 9491ms (cache miss)
3055 silly packumentCache corgi:https://registry.npmjs.org/ajv set size:undefined disposed:false
3056 http fetch GET 200 https://registry.npmjs.org/webpack-dev-server 9488ms (cache miss)
3057 silly packumentCache corgi:https://registry.npmjs.org/webpack-dev-server set size:undefined disposed:false
3058 http fetch GET 200 https://registry.npmjs.org/type-fest/-/type-fest-0.20.2.tgz 10359ms (cache miss)
3059 http fetch GET 200 https://registry.npmjs.org/source-map/-/source-map-0.6.1.tgz 10462ms (cache miss)
3060 http fetch GET 200 https://registry.npmjs.org/source-map/-/source-map-0.6.1.tgz 10455ms (cache miss)
3061 http fetch GET 200 https://registry.npmjs.org/source-map/-/source-map-0.6.1.tgz 10456ms (cache miss)
3062 http fetch GET 200 https://registry.npmjs.org/source-map/-/source-map-0.6.1.tgz 10473ms (cache miss)
3063 http fetch GET 200 https://registry.npmjs.org/source-map/-/source-map-0.6.1.tgz 10462ms (cache miss)
3064 http fetch GET 200 https://registry.npmjs.org/@typescript-eslint/utils/-/utils-5.45.0.tgz 11111ms (cache miss)
3065 http fetch GET 200 https://registry.npmjs.org/js-yaml/-/js-yaml-4.1.0.tgz 10472ms (cache miss)
3066 http fetch GET 200 https://registry.npmjs.org/acorn/-/acorn-7.4.1.tgz 10540ms (cache miss)
3067 http fetch GET 200 https://registry.npmjs.org/@testing-library/react/-/react-13.4.0.tgz 11091ms (cache miss)
3068 http fetch GET 200 https://registry.npmjs.org/source-map/-/source-map-0.6.1.tgz 10502ms (cache miss)
3069 http fetch GET 200 https://registry.npmjs.org/source-map/-/source-map-0.6.1.tgz 10506ms (cache miss)
3070 http fetch GET 200 https://registry.npmjs.org/acorn/-/acorn-7.4.1.tgz 10555ms (cache miss)
3071 http fetch GET 200 https://registry.npmjs.org/source-map/-/source-map-0.6.1.tgz 10523ms (cache miss)
3072 http fetch GET 200 https://registry.npmjs.org/rollup/-/rollup-2.79.1.tgz 11835ms (cache miss)
3073 http fetch GET 200 https://registry.npmjs.org/ajv-keywords/-/ajv-keywords-5.1.0.tgz 10852ms (cache miss)
3074 http fetch GET 200 https://registry.npmjs.org/svgo/-/svgo-2.8.0.tgz 10788ms (cache miss)
3075 http fetch GET 200 https://registry.npmjs.org/ajv-keywords/-/ajv-keywords-5.1.0.tgz 10863ms (cache miss)
3076 http fetch GET 200 https://registry.npmjs.org/regenerate-unicode-properties/-/regenerate-unicode-properties-10.1.0.tgz 11881ms (cache miss)
3077 http fetch GET 200 https://registry.npmjs.org/ajv-keywords/-/ajv-keywords-5.1.0.tgz 10831ms (cache miss)
3078 http fetch GET 200 https://registry.npmjs.org/ajv-keywords/-/ajv-keywords-5.1.0.tgz 10818ms (cache miss)
3079 http fetch GET 200 https://registry.npmjs.org/ajv-keywords/-/ajv-keywords-5.1.0.tgz 10788ms (cache miss)
3080 http fetch GET 200 https://registry.npmjs.org/@babel/core/-/core-7.20.5.tgz 11155ms (cache miss)
3081 http fetch GET 200 https://registry.npmjs.org/webpack 9896ms (cache miss)
3082 silly packumentCache corgi:https://registry.npmjs.org/webpack set size:undefined disposed:false
3083 http fetch GET 200 https://registry.npmjs.org/aria-query/-/aria-query-5.1.3.tgz 10978ms (cache miss)
3084 http fetch GET 200 https://registry.npmjs.org/reactstrap/-/reactstrap-9.1.5.tgz 12256ms (cache miss)
3085 http fetch GET 200 https://registry.npmjs.org/@types/node/-/node-18.11.10.tgz 11603ms (cache miss)
3086 http fetch GET 200 https://registry.npmjs.org/aria-query/-/aria-query-5.1.3.tgz 11007ms (cache miss)
3087 http fetch GET 200 https://registry.npmjs.org/resolve/-/resolve-2.0.0-next.4.tgz 11106ms (cache miss)
3088 http fetch GET 200 https://registry.npmjs.org/rollup 10166ms (cache miss)
3089 silly packumentCache corgi:https://registry.npmjs.org/rollup set size:undefined disposed:false
3090 http fetch GET 200 https://registry.npmjs.org/css-tree/-/css-tree-1.1.3.tgz 11310ms (cache miss)
3091 http fetch GET 200 https://registry.npmjs.org/tailwindcss/-/tailwindcss-3.2.4.tgz 12474ms (cache miss)
3092 silly packumentCache corgi:https://registry.npmjs.org/@testing-library%2fjest-dom cache-miss
3093 http fetch GET 200 https://registry.npmjs.org/@babel/types/-/types-7.20.5.tgz 11668ms (cache miss)
3094 http fetch GET 200 https://registry.npmjs.org/css-tree/-/css-tree-1.1.3.tgz 11216ms (cache miss)
3095 http fetch GET 200 https://registry.npmjs.org/@popperjs/core/-/core-2.11.6.tgz 12527ms (cache miss)
3096 http fetch GET 200 https://registry.npmjs.org/@testing-library%2fjest-dom 895ms (cache miss)
3097 silly packumentCache corgi:https://registry.npmjs.org/@testing-library%2fjest-dom set size:undefined disposed:false
3098 silly packumentCache corgi:https://registry.npmjs.org/@typescript-eslint%2feslint-plugin cache-miss
3099 silly packumentCache corgi:https://registry.npmjs.org/@typescript-eslint%2ftypescript-estree cache-miss
3100 silly packumentCache corgi:https://registry.npmjs.org/@typescript-eslint%2futils cache-miss
3101 silly packumentCache corgi:https://registry.npmjs.org/css-loader cache-miss
3102 silly packumentCache corgi:https://registry.npmjs.org/fork-ts-checker-webpack-plugin cache-miss
3103 silly packumentCache corgi:https://registry.npmjs.org/jest-snapshot cache-miss
3104 silly packumentCache corgi:https://registry.npmjs.org/postcss-loader cache-miss
3105 silly packumentCache corgi:https://registry.npmjs.org/react-scripts cache-miss
3106 http fetch GET 200 https://registry.npmjs.org/postcss-loader 173ms (cache miss)
3107 silly packumentCache corgi:https://registry.npmjs.org/postcss-loader set size:undefined disposed:false
3108 http fetch GET 200 https://registry.npmjs.org/css-loader 204ms (cache miss)
3109 silly packumentCache corgi:https://registry.npmjs.org/css-loader set size:undefined disposed:false
3110 http fetch GET 200 https://registry.npmjs.org/react-scripts 237ms (cache miss)
3111 silly packumentCache corgi:https://registry.npmjs.org/react-scripts set size:undefined disposed:false
3112 http fetch GET 200 https://registry.npmjs.org/jest-snapshot 304ms (cache miss)
3113 silly packumentCache corgi:https://registry.npmjs.org/jest-snapshot set size:undefined disposed:false
3114 http fetch GET 200 https://registry.npmjs.org/@typescript-eslint/scope-manager/-/scope-manager-5.45.0.tgz 13048ms (cache miss)
3115 http fetch GET 200 https://registry.npmjs.org/fork-ts-checker-webpack-plugin 338ms (cache miss)
3116 silly packumentCache corgi:https://registry.npmjs.org/fork-ts-checker-webpack-plugin set size:undefined disposed:false
3117 http fetch GET 200 https://registry.npmjs.org/@babel/runtime-corejs3/-/runtime-corejs3-7.20.6.tgz 13008ms (cache miss)
3118 http fetch GET 200 https://registry.npmjs.org/eslint/-/eslint-8.29.0.tgz 13481ms (cache miss)
3119 http fetch GET 200 https://registry.npmjs.org/@typescript-eslint/eslint-plugin/-/eslint-plugin-5.45.0.tgz 13359ms (cache miss)
3120 http fetch GET 200 https://registry.npmjs.org/jsdom/-/jsdom-16.7.0.tgz 13800ms (cache miss)
3121 http fetch GET 200 https://registry.npmjs.org/ajv/-/ajv-8.11.2.tgz 13205ms (cache miss)
3122 http fetch GET 200 https://registry.npmjs.org/ajv/-/ajv-8.11.2.tgz 13204ms (cache miss)
3123 http fetch GET 200 https://registry.npmjs.org/ajv/-/ajv-8.11.2.tgz 13206ms (cache miss)
3124 http fetch GET 200 https://registry.npmjs.org/ajv/-/ajv-8.11.2.tgz 13167ms (cache miss)
3125 http fetch GET 200 https://registry.npmjs.org/bootstrap/-/bootstrap-5.2.3.tgz 13741ms (cache miss)
3126 http fetch GET 200 https://registry.npmjs.org/ajv/-/ajv-8.11.2.tgz 13096ms (cache miss)
3127 http fetch GET 200 https://registry.npmjs.org/ajv/-/ajv-8.11.2.tgz 13058ms (cache miss)
3128 http fetch GET 200 https://registry.npmjs.org/ajv/-/ajv-8.11.2.tgz 13077ms (cache miss)
3129 http fetch GET 200 https://registry.npmjs.org/@typescript-eslint%2futils 966ms (cache miss)
3130 silly packumentCache corgi:https://registry.npmjs.org/@typescript-eslint%2futils set size:undefined disposed:false
3131 http fetch GET 200 https://registry.npmjs.org/webpack/-/webpack-5.75.0.tgz 14764ms (cache miss)
3132 http fetch GET 200 https://registry.npmjs.org/caniuse-lite/-/caniuse-lite-1.0.30001436.tgz 14198ms (cache miss)
3133 http fetch GET 200 https://registry.npmjs.org/lodash/-/lodash-4.17.21.tgz 14543ms (cache miss)
3134 http fetch GET 200 https://registry.npmjs.org/@typescript-eslint%2ftypescript-estree 1467ms (cache miss)
3135 silly packumentCache corgi:https://registry.npmjs.org/@typescript-eslint%2ftypescript-estree set size:undefined disposed:false
3136 http fetch GET 200 https://registry.npmjs.org/@typescript-eslint%2feslint-plugin 1743ms (cache miss)
3137 silly packumentCache corgi:https://registry.npmjs.org/@typescript-eslint%2feslint-plugin set size:undefined disposed:false
3138 silly packumentCache corgi:https://registry.npmjs.org/@babel%2fcore cache-miss
3139 silly packumentCache corgi:https://registry.npmjs.org/@babel%2feslint-parser cache-miss
3140 silly packumentCache corgi:https://registry.npmjs.org/@babel%2fhelper-compilation-targets cache-miss
3141 silly packumentCache corgi:https://registry.npmjs.org/@babel%2fhelper-define-polyfill-provider cache-miss
3142 silly packumentCache corgi:https://registry.npmjs.org/@babel%2fplugin-transform-runtime cache-miss
3143 silly packumentCache corgi:https://registry.npmjs.org/@babel%2fpreset-env cache-miss
3144 silly packumentCache corgi:https://registry.npmjs.org/babel-plugin-polyfill-corejs2 cache-miss
3145 silly packumentCache corgi:https://registry.npmjs.org/eslint-plugin-jsx-a11y cache-miss
3146 silly packumentCache corgi:https://registry.npmjs.org/eslint-plugin-react cache-miss
3147 silly packumentCache corgi:https://registry.npmjs.org/istanbul-lib-instrument cache-miss
3148 silly packumentCache corgi:https://registry.npmjs.org/make-dir cache-miss
3149 http fetch GET 200 https://registry.npmjs.org/make-dir 96ms (cache miss)
3150 silly packumentCache corgi:https://registry.npmjs.org/make-dir set size:undefined disposed:false
3151 http fetch GET 200 https://registry.npmjs.org/@babel%2fhelper-define-polyfill-provider 111ms (cache miss)
3152 silly packumentCache corgi:https://registry.npmjs.org/@babel%2fhelper-define-polyfill-provider set size:undefined disposed:false
3153 http fetch GET 200 https://registry.npmjs.org/eslint-plugin-jsx-a11y 111ms (cache miss)
3154 silly packumentCache corgi:https://registry.npmjs.org/eslint-plugin-jsx-a11y set size:undefined disposed:false
3155 http fetch GET 200 https://registry.npmjs.org/babel-plugin-polyfill-corejs2 116ms (cache miss)
3156 silly packumentCache corgi:https://registry.npmjs.org/babel-plugin-polyfill-corejs2 set size:undefined disposed:false
3157 http fetch GET 200 https://registry.npmjs.org/@babel%2fhelper-compilation-targets 125ms (cache miss)
3158 silly packumentCache corgi:https://registry.npmjs.org/@babel%2fhelper-compilation-targets set size:undefined disposed:false
3159 http fetch GET 200 https://registry.npmjs.org/istanbul-lib-instrument 126ms (cache miss)
3160 silly packumentCache corgi:https://registry.npmjs.org/istanbul-lib-instrument set size:undefined disposed:false
3161 http fetch GET 200 https://registry.npmjs.org/@babel%2feslint-parser 139ms (cache miss)
3162 silly packumentCache corgi:https://registry.npmjs.org/@babel%2feslint-parser set size:undefined disposed:false
3163 http fetch GET 200 https://registry.npmjs.org/@babel%2fplugin-transform-runtime 155ms (cache miss)
3164 silly packumentCache corgi:https://registry.npmjs.org/@babel%2fplugin-transform-runtime set size:undefined disposed:false
3165 http fetch GET 200 https://registry.npmjs.org/@babel%2fcore 173ms (cache miss)
3166 silly packumentCache corgi:https://registry.npmjs.org/@babel%2fcore set size:undefined disposed:false
3167 http fetch GET 200 https://registry.npmjs.org/eslint-plugin-react 183ms (cache miss)
3168 silly packumentCache corgi:https://registry.npmjs.org/eslint-plugin-react set size:undefined disposed:false
3169 http fetch GET 200 https://registry.npmjs.org/@babel%2fpreset-env 212ms (cache miss)
3170 silly packumentCache corgi:https://registry.npmjs.org/@babel%2fpreset-env set size:undefined disposed:false
3171 http fetch GET 200 https://registry.npmjs.org/es-abstract/-/es-abstract-1.20.4.tgz 15514ms (cache miss)
3172 silly packumentCache corgi:https://registry.npmjs.org/@testing-library%2fdom cache-miss
3173 silly packumentCache corgi:https://registry.npmjs.org/@testing-library%2freact cache-miss
3174 silly packumentCache corgi:https://registry.npmjs.org/@testing-library%2fuser-event cache-miss
3175 silly packumentCache corgi:https://registry.npmjs.org/aria-query cache-miss
3176 silly packumentCache corgi:https://registry.npmjs.org/babel-plugin-macros cache-miss
3177 silly packumentCache corgi:https://registry.npmjs.org/babel-preset-react-app cache-miss
3178 silly packumentCache corgi:https://registry.npmjs.org/dom-helpers cache-miss
3179 silly packumentCache corgi:https://registry.npmjs.org/react-transition-group cache-miss
3180 silly packumentCache corgi:https://registry.npmjs.org/reactstrap cache-miss
3181 silly packumentCache corgi:https://registry.npmjs.org/regenerator-transform cache-miss
3182 silly packumentCache corgi:https://registry.npmjs.org/workbox-build cache-miss
3183 http fetch GET 200 https://registry.npmjs.org/babel-plugin-macros 118ms (cache miss)
3184 silly packumentCache corgi:https://registry.npmjs.org/babel-plugin-macros set size:undefined disposed:false
3185 http fetch GET 200 https://registry.npmjs.org/regenerator-transform 118ms (cache miss)
3186 silly packumentCache corgi:https://registry.npmjs.org/regenerator-transform set size:undefined disposed:false
3187 http fetch GET 200 https://registry.npmjs.org/aria-query 126ms (cache miss)
3188 silly packumentCache corgi:https://registry.npmjs.org/aria-query set size:undefined disposed:false
3189 http fetch GET 200 https://registry.npmjs.org/react-transition-group 128ms (cache miss)
3190 silly packumentCache corgi:https://registry.npmjs.org/react-transition-group set size:undefined disposed:false
3191 http fetch GET 200 https://registry.npmjs.org/babel-preset-react-app 132ms (cache miss)
3192 silly packumentCache corgi:https://registry.npmjs.org/babel-preset-react-app set size:undefined disposed:false
3193 http fetch GET 200 https://registry.npmjs.org/dom-helpers 146ms (cache miss)
3194 silly packumentCache corgi:https://registry.npmjs.org/dom-helpers set size:undefined disposed:false
3195 http fetch GET 200 https://registry.npmjs.org/workbox-build 155ms (cache miss)
3196 silly packumentCache corgi:https://registry.npmjs.org/workbox-build set size:undefined disposed:false
3197 http fetch GET 200 https://registry.npmjs.org/@testing-library%2freact 167ms (cache miss)
3198 silly packumentCache corgi:https://registry.npmjs.org/@testing-library%2freact set size:undefined disposed:false
3199 http fetch GET 200 https://registry.npmjs.org/reactstrap 175ms (cache miss)
3200 silly packumentCache corgi:https://registry.npmjs.org/reactstrap set size:undefined disposed:false
3201 http fetch GET 200 https://registry.npmjs.org/@testing-library%2fuser-event 190ms (cache miss)
3202 silly packumentCache corgi:https://registry.npmjs.org/@testing-library%2fuser-event set size:undefined disposed:false
3203 http fetch GET 200 https://registry.npmjs.org/@testing-library%2fdom 204ms (cache miss)
3204 silly packumentCache corgi:https://registry.npmjs.org/@testing-library%2fdom set size:undefined disposed:false
3205 silly packumentCache corgi:https://registry.npmjs.org/@babel%2fhelper-module-transforms cache-miss
3206 silly packumentCache corgi:https://registry.npmjs.org/@babel%2fhelper-replace-supers cache-miss
3207 silly packumentCache corgi:https://registry.npmjs.org/@babel%2fhelper-wrap-function cache-miss
3208 http fetch GET 200 https://registry.npmjs.org/@babel%2fhelper-module-transforms 251ms (cache miss)
3209 silly packumentCache corgi:https://registry.npmjs.org/@babel%2fhelper-module-transforms set size:undefined disposed:false
3210 http fetch GET 200 https://registry.npmjs.org/@babel%2fhelper-replace-supers 261ms (cache miss)
3211 silly packumentCache corgi:https://registry.npmjs.org/@babel%2fhelper-replace-supers set size:undefined disposed:false
3212 http fetch GET 200 https://registry.npmjs.org/@babel%2fhelper-wrap-function 275ms (cache miss)
3213 silly packumentCache corgi:https://registry.npmjs.org/@babel%2fhelper-wrap-function set size:undefined disposed:false
3214 silly packumentCache corgi:https://registry.npmjs.org/@istanbuljs%2fload-nyc-config cache-miss
3215 http fetch GET 200 https://registry.npmjs.org/@istanbuljs%2fload-nyc-config 82ms (cache miss)
3216 silly packumentCache corgi:https://registry.npmjs.org/@istanbuljs%2fload-nyc-config set size:undefined disposed:false
3217 silly packumentCache corgi:https://registry.npmjs.org/@eslint%2feslintrc cache-miss
3218 silly packumentCache corgi:https://registry.npmjs.org/eslint cache-miss
3219 http fetch GET 200 https://registry.npmjs.org/@eslint%2feslintrc 78ms (cache miss)
3220 silly packumentCache corgi:https://registry.npmjs.org/@eslint%2feslintrc set size:undefined disposed:false
3221 http fetch GET 200 https://registry.npmjs.org/eslint 114ms (cache miss)
3222 silly packumentCache corgi:https://registry.npmjs.org/eslint set size:undefined disposed:false
3223 silly packumentCache corgi:https://registry.npmjs.org/http-proxy-agent cache-miss
3224 http fetch GET 200 https://registry.npmjs.org/http-proxy-agent 50ms (cache miss)
3225 silly packumentCache corgi:https://registry.npmjs.org/http-proxy-agent set size:undefined disposed:false
3226 silly packumentCache corgi:https://registry.npmjs.org/ajv-keywords cache-miss
3227 silly packumentCache corgi:https://registry.npmjs.org/schema-utils cache-miss
3228 http fetch GET 200 https://registry.npmjs.org/ajv-keywords 77ms (cache miss)
3229 silly packumentCache corgi:https://registry.npmjs.org/ajv-keywords set size:undefined disposed:false
3230 http fetch GET 200 https://registry.npmjs.org/schema-utils 100ms (cache miss)
3231 silly packumentCache corgi:https://registry.npmjs.org/schema-utils set size:undefined disposed:false
3232 silly packumentCache corgi:https://registry.npmjs.org/ajv-formats cache-miss
3233 silly packumentCache corgi:https://registry.npmjs.org/@apideck%2fbetter-ajv-errors cache-miss
3234 http fetch GET 200 https://registry.npmjs.org/ajv-formats 79ms (cache miss)
3235 silly packumentCache corgi:https://registry.npmjs.org/ajv-formats set size:undefined disposed:false
3236 http fetch GET 200 https://registry.npmjs.org/@apideck%2fbetter-ajv-errors 104ms (cache miss)
3237 silly packumentCache corgi:https://registry.npmjs.org/@apideck%2fbetter-ajv-errors set size:undefined disposed:false
3238 silly packumentCache corgi:https://registry.npmjs.org/jsdom cache-miss
3239 http fetch GET 200 https://registry.npmjs.org/jsdom 66ms (cache miss)
3240 silly packumentCache corgi:https://registry.npmjs.org/jsdom set size:undefined disposed:false
3241 silly packumentCache corgi:https://registry.npmjs.org/chokidar cache-miss
3242 http fetch GET 200 https://registry.npmjs.org/chokidar 62ms (cache miss)
3243 silly packumentCache corgi:https://registry.npmjs.org/chokidar set size:undefined disposed:false
3244 silly packumentCache corgi:https://registry.npmjs.org/execa cache-miss
3245 silly packumentCache corgi:https://registry.npmjs.org/react-dev-utils cache-miss
3246 http fetch GET 200 https://registry.npmjs.org/execa 57ms (cache miss)
3247 silly packumentCache corgi:https://registry.npmjs.org/execa set size:undefined disposed:false
3248 http fetch GET 200 https://registry.npmjs.org/react-dev-utils 90ms (cache miss)
3249 silly packumentCache corgi:https://registry.npmjs.org/react-dev-utils set size:undefined disposed:false
3250 silly packumentCache corgi:https://registry.npmjs.org/@surma%2frollup-plugin-off-main-thread cache-miss
3251 http fetch GET 200 https://registry.npmjs.org/core-js-pure/-/core-js-pure-3.26.1.tgz 17080ms (cache miss)
3252 http fetch GET 200 https://registry.npmjs.org/core-js/-/core-js-3.26.1.tgz 17088ms (cache miss)
3253 http fetch GET 200 https://registry.npmjs.org/@surma%2frollup-plugin-off-main-thread 226ms (cache miss)
3254 silly packumentCache corgi:https://registry.npmjs.org/@surma%2frollup-plugin-off-main-thread set size:undefined disposed:false
3255 silly packumentCache corgi:https://registry.npmjs.org/@humanwhocodes%2fconfig-array cache-miss
3256 silly packumentCache corgi:https://registry.npmjs.org/eslint-plugin-import cache-miss
3257 silly packumentCache corgi:https://registry.npmjs.org/glob cache-miss
3258 silly packumentCache corgi:https://registry.npmjs.org/jake cache-miss
3259 silly packumentCache corgi:https://registry.npmjs.org/recursive-readdir cache-miss
3260 silly packumentCache corgi:https://registry.npmjs.org/test-exclude cache-miss
3261 http fetch GET 200 https://registry.npmjs.org/typescript/-/typescript-4.9.5.tgz 17767ms (cache miss)
3262 info run core-js@3.26.1 postinstall node_modules/core-js node -e "try{require('./postinstall')}catch(e){}"
3263 http fetch GET 200 https://registry.npmjs.org/recursive-readdir 131ms (cache miss)
3264 silly packumentCache corgi:https://registry.npmjs.org/recursive-readdir set size:undefined disposed:false
3265 http fetch GET 200 https://registry.npmjs.org/test-exclude 137ms (cache miss)
3266 silly packumentCache corgi:https://registry.npmjs.org/test-exclude set size:undefined disposed:false
3267 http fetch GET 200 https://registry.npmjs.org/@humanwhocodes%2fconfig-array 144ms (cache miss)
3268 silly packumentCache corgi:https://registry.npmjs.org/@humanwhocodes%2fconfig-array set size:undefined disposed:false
3269 http fetch GET 200 https://registry.npmjs.org/jake 144ms (cache miss)
3270 silly packumentCache corgi:https://registry.npmjs.org/jake set size:undefined disposed:false
3271 http fetch GET 200 https://registry.npmjs.org/glob 151ms (cache miss)
3272 silly packumentCache corgi:https://registry.npmjs.org/glob set size:undefined disposed:false
3273 http fetch GET 200 https://registry.npmjs.org/eslint-plugin-import 170ms (cache miss)
3274 silly packumentCache corgi:https://registry.npmjs.org/eslint-plugin-import set size:undefined disposed:false
3275 info run core-js@3.26.1 postinstall { code: 0, signal: null }
3276 info run core-js-pure@3.26.1 postinstall node_modules/core-js-pure node -e "try{require('./postinstall')}catch(e){}"
3277 silly packumentCache corgi:https://registry.npmjs.org/filelist cache-miss
3278 info run core-js-pure@3.26.1 postinstall { code: 0, signal: null }
3279 http fetch GET 200 https://registry.npmjs.org/filelist 515ms (cache miss)
3280 silly packumentCache corgi:https://registry.npmjs.org/filelist set size:undefined disposed:false
3281 silly packumentCache corgi:https://registry.npmjs.org/flat-cache cache-miss
3282 http fetch GET 200 https://registry.npmjs.org/flat-cache 290ms (cache miss)
3283 silly packumentCache corgi:https://registry.npmjs.org/flat-cache set size:undefined disposed:false
3284 silly packumentCache corgi:https://registry.npmjs.org/http-proxy cache-miss
3285 http fetch GET 200 https://registry.npmjs.org/http-proxy 55ms (cache miss)
3286 silly packumentCache corgi:https://registry.npmjs.org/http-proxy set size:undefined disposed:false
3287 silly packumentCache corgi:https://registry.npmjs.org/tsconfig-paths cache-miss
3288 http fetch GET 200 https://registry.npmjs.org/tsconfig-paths 48ms (cache miss)
3289 silly packumentCache corgi:https://registry.npmjs.org/tsconfig-paths set size:undefined disposed:false
3290 silly packumentCache corgi:https://registry.npmjs.org/loader-utils cache-miss
3291 http fetch GET 200 https://registry.npmjs.org/loader-utils 49ms (cache miss)
3292 silly packumentCache corgi:https://registry.npmjs.org/loader-utils set size:undefined disposed:false
3293 silly packumentCache corgi:https://registry.npmjs.org/eslint-plugin-flowtype cache-miss
3294 silly packumentCache corgi:https://registry.npmjs.org/html-webpack-plugin cache-miss
3295 silly packumentCache corgi:https://registry.npmjs.org/pretty-error cache-miss
3296 silly packumentCache corgi:https://registry.npmjs.org/renderkid cache-miss
3297 silly packumentCache corgi:https://registry.npmjs.org/whatwg-url cache-miss
3298 http fetch GET 200 https://registry.npmjs.org/renderkid 60ms (cache miss)
3299 silly packumentCache corgi:https://registry.npmjs.org/renderkid set size:undefined disposed:false
3300 http fetch GET 200 https://registry.npmjs.org/whatwg-url 61ms (cache miss)
3301 silly packumentCache corgi:https://registry.npmjs.org/whatwg-url set size:undefined disposed:false
3302 http fetch GET 200 https://registry.npmjs.org/pretty-error 70ms (cache miss)
3303 silly packumentCache corgi:https://registry.npmjs.org/pretty-error set size:undefined disposed:false
3304 http fetch GET 200 https://registry.npmjs.org/html-webpack-plugin 73ms (cache miss)
3305 silly packumentCache corgi:https://registry.npmjs.org/html-webpack-plugin set size:undefined disposed:false
3306 http fetch GET 200 https://registry.npmjs.org/eslint-plugin-flowtype 83ms (cache miss)
3307 silly packumentCache corgi:https://registry.npmjs.org/eslint-plugin-flowtype set size:undefined disposed:false
3308 silly packumentCache corgi:https://registry.npmjs.org/@jest%2fcore cache-miss
3309 silly packumentCache corgi:https://registry.npmjs.org/@jest%2ftransform cache-miss
3310 silly packumentCache corgi:https://registry.npmjs.org/jest-message-util cache-miss
3311 silly packumentCache corgi:https://registry.npmjs.org/eslint-webpack-plugin cache-miss
3312 silly packumentCache corgi:https://registry.npmjs.org/fast-glob cache-miss
3313 silly packumentCache corgi:https://registry.npmjs.org/jest-config cache-miss
3314 silly packumentCache corgi:https://registry.npmjs.org/jest-haste-map cache-miss
3315 silly packumentCache corgi:https://registry.npmjs.org/tailwindcss cache-miss
3316 http fetch GET 200 https://registry.npmjs.org/eslint-webpack-plugin 54ms (cache miss)
3317 silly packumentCache corgi:https://registry.npmjs.org/eslint-webpack-plugin set size:undefined disposed:false
3318 http fetch GET 200 https://registry.npmjs.org/jest-message-util 81ms (cache miss)
3319 silly packumentCache corgi:https://registry.npmjs.org/jest-message-util set size:undefined disposed:false
3320 http fetch GET 200 https://registry.npmjs.org/jest-haste-map 92ms (cache miss)
3321 silly packumentCache corgi:https://registry.npmjs.org/jest-haste-map set size:undefined disposed:false
3322 http fetch GET 200 https://registry.npmjs.org/fast-glob 112ms (cache miss)
3323 silly packumentCache corgi:https://registry.npmjs.org/fast-glob set size:undefined disposed:false
3324 http fetch GET 200 https://registry.npmjs.org/jest-config 117ms (cache miss)
3325 silly packumentCache corgi:https://registry.npmjs.org/jest-config set size:undefined disposed:false
3326 http fetch GET 200 https://registry.npmjs.org/@jest%2fcore 138ms (cache miss)
3327 silly packumentCache corgi:https://registry.npmjs.org/@jest%2fcore set size:undefined disposed:false
3328 http fetch GET 200 https://registry.npmjs.org/@jest%2ftransform 143ms (cache miss)
3329 silly packumentCache corgi:https://registry.npmjs.org/@jest%2ftransform set size:undefined disposed:false
3330 http fetch GET 200 https://registry.npmjs.org/tailwindcss 181ms (cache miss)
3331 silly packumentCache corgi:https://registry.npmjs.org/tailwindcss set size:undefined disposed:false
3332 silly packumentCache corgi:https://registry.npmjs.org/selfsigned cache-miss
3333 http fetch GET 200 https://registry.npmjs.org/selfsigned 45ms (cache miss)
3334 silly packumentCache corgi:https://registry.npmjs.org/selfsigned set size:undefined disposed:false
3335 silly packumentCache corgi:https://registry.npmjs.org/css-select cache-miss
3336 http fetch GET 200 https://registry.npmjs.org/css-select 39ms (cache miss)
3337 silly packumentCache corgi:https://registry.npmjs.org/css-select set size:undefined disposed:false
3338 silly packumentCache corgi:https://registry.npmjs.org/compression cache-miss
3339 http fetch GET 200 https://registry.npmjs.org/compression 49ms (cache miss)
3340 silly packumentCache corgi:https://registry.npmjs.org/compression set size:undefined disposed:false
3341 silly packumentCache corgi:https://registry.npmjs.org/@rollup%2fpluginutils cache-miss
3342 silly packumentCache corgi:https://registry.npmjs.org/jest-util cache-miss
3343 silly packumentCache corgi:https://registry.npmjs.org/anymatch cache-miss
3344 silly packumentCache corgi:https://registry.npmjs.org/readdirp cache-miss
3345 http fetch GET 200 https://registry.npmjs.org/anymatch 48ms (cache miss)
3346 silly packumentCache corgi:https://registry.npmjs.org/anymatch set size:undefined disposed:false
3347 http fetch GET 200 https://registry.npmjs.org/jest-util 58ms (cache miss)
3348 silly packumentCache corgi:https://registry.npmjs.org/jest-util set size:undefined disposed:false
3349 http fetch GET 200 https://registry.npmjs.org/readdirp 71ms (cache miss)
3350 silly packumentCache corgi:https://registry.npmjs.org/readdirp set size:undefined disposed:false
3351 http fetch GET 200 https://registry.npmjs.org/@rollup%2fpluginutils 75ms (cache miss)
3352 silly packumentCache corgi:https://registry.npmjs.org/@rollup%2fpluginutils set size:undefined disposed:false
3353 silly packumentCache corgi:https://registry.npmjs.org/@csstools%2fpostcss-cascade-layers cache-miss
3354 silly packumentCache corgi:https://registry.npmjs.org/@csstools%2fpostcss-color-function cache-miss
3355 silly packumentCache corgi:https://registry.npmjs.org/@csstools%2fpostcss-font-format-keywords cache-miss
3356 silly packumentCache corgi:https://registry.npmjs.org/@csstools%2fpostcss-hwb-function cache-miss
3357 silly packumentCache corgi:https://registry.npmjs.org/@csstools%2fpostcss-ic-unit cache-miss
3358 silly packumentCache corgi:https://registry.npmjs.org/@csstools%2fpostcss-is-pseudo-class cache-miss
3359 silly packumentCache corgi:https://registry.npmjs.org/@csstools%2fpostcss-nested-calc cache-miss
3360 silly packumentCache corgi:https://registry.npmjs.org/@csstools%2fpostcss-normalize-display-values cache-miss
3361 silly packumentCache corgi:https://registry.npmjs.org/@csstools%2fpostcss-oklab-function cache-miss
3362 silly packumentCache corgi:https://registry.npmjs.org/@csstools%2fpostcss-progressive-custom-properties cache-miss
3363 silly packumentCache corgi:https://registry.npmjs.org/@csstools%2fpostcss-stepped-value-functions cache-miss
3364 silly packumentCache corgi:https://registry.npmjs.org/@csstools%2fpostcss-text-decoration-shorthand cache-miss
3365 silly packumentCache corgi:https://registry.npmjs.org/@csstools%2fpostcss-trigonometric-functions cache-miss
3366 silly packumentCache corgi:https://registry.npmjs.org/@csstools%2fpostcss-unset-value cache-miss
3367 silly packumentCache corgi:https://registry.npmjs.org/@csstools%2fselector-specificity cache-miss
3368 silly packumentCache corgi:https://registry.npmjs.org/autoprefixer cache-miss
3369 silly packumentCache corgi:https://registry.npmjs.org/css-blank-pseudo cache-miss
3370 silly packumentCache corgi:https://registry.npmjs.org/css-declaration-sorter cache-miss
3371 silly packumentCache corgi:https://registry.npmjs.org/css-has-pseudo cache-miss
3372 silly packumentCache corgi:https://registry.npmjs.org/css-minimizer-webpack-plugin cache-miss
3373 silly packumentCache corgi:https://registry.npmjs.org/css-prefers-color-scheme cache-miss
3374 silly packumentCache corgi:https://registry.npmjs.org/cssnano cache-miss
3375 silly packumentCache corgi:https://registry.npmjs.org/cssnano-preset-default cache-miss
3376 silly packumentCache corgi:https://registry.npmjs.org/cssnano-utils cache-miss
3377 silly packumentCache corgi:https://registry.npmjs.org/icss-utils cache-miss
3378 silly packumentCache corgi:https://registry.npmjs.org/postcss-attribute-case-insensitive cache-miss
3379 silly packumentCache corgi:https://registry.npmjs.org/postcss-browser-comments cache-miss
3380 silly packumentCache corgi:https://registry.npmjs.org/postcss-calc cache-miss
3381 silly packumentCache corgi:https://registry.npmjs.org/postcss-clamp cache-miss
3382 silly packumentCache corgi:https://registry.npmjs.org/postcss-color-functional-notation cache-miss
3383 silly packumentCache corgi:https://registry.npmjs.org/postcss-color-hex-alpha cache-miss
3384 silly packumentCache corgi:https://registry.npmjs.org/postcss-color-rebeccapurple cache-miss
3385 silly packumentCache corgi:https://registry.npmjs.org/postcss-colormin cache-miss
3386 silly packumentCache corgi:https://registry.npmjs.org/postcss-convert-values cache-miss
3387 silly packumentCache corgi:https://registry.npmjs.org/postcss-custom-media cache-miss
3388 silly packumentCache corgi:https://registry.npmjs.org/postcss-custom-properties cache-miss
3389 silly packumentCache corgi:https://registry.npmjs.org/postcss-custom-selectors cache-miss
3390 silly packumentCache corgi:https://registry.npmjs.org/postcss-dir-pseudo-class cache-miss
3391 silly packumentCache corgi:https://registry.npmjs.org/postcss-discard-comments cache-miss
3392 silly packumentCache corgi:https://registry.npmjs.org/postcss-discard-duplicates cache-miss
3393 silly packumentCache corgi:https://registry.npmjs.org/postcss-discard-empty cache-miss
3394 silly packumentCache corgi:https://registry.npmjs.org/postcss-discard-overridden cache-miss
3395 silly packumentCache corgi:https://registry.npmjs.org/postcss-double-position-gradients cache-miss
3396 silly packumentCache corgi:https://registry.npmjs.org/postcss-env-function cache-miss
3397 silly packumentCache corgi:https://registry.npmjs.org/postcss-flexbugs-fixes cache-miss
3398 silly packumentCache corgi:https://registry.npmjs.org/postcss-focus-visible cache-miss
3399 silly packumentCache corgi:https://registry.npmjs.org/postcss-focus-within cache-miss
3400 silly packumentCache corgi:https://registry.npmjs.org/postcss-font-variant cache-miss
3401 silly packumentCache corgi:https://registry.npmjs.org/postcss-gap-properties cache-miss
3402 silly packumentCache corgi:https://registry.npmjs.org/postcss-image-set-function cache-miss
3403 silly packumentCache corgi:https://registry.npmjs.org/postcss-import cache-miss
3404 silly packumentCache corgi:https://registry.npmjs.org/postcss-initial cache-miss
3405 silly packumentCache corgi:https://registry.npmjs.org/postcss-js cache-miss
3406 silly packumentCache corgi:https://registry.npmjs.org/postcss-lab-function cache-miss
3407 silly packumentCache corgi:https://registry.npmjs.org/postcss-load-config cache-miss
3408 silly packumentCache corgi:https://registry.npmjs.org/postcss-logical cache-miss
3409 silly packumentCache corgi:https://registry.npmjs.org/postcss-media-minmax cache-miss
3410 silly packumentCache corgi:https://registry.npmjs.org/postcss-merge-longhand cache-miss
3411 silly packumentCache corgi:https://registry.npmjs.org/postcss-merge-rules cache-miss
3412 silly packumentCache corgi:https://registry.npmjs.org/postcss-minify-font-values cache-miss
3413 silly packumentCache corgi:https://registry.npmjs.org/postcss-minify-gradients cache-miss
3414 silly packumentCache corgi:https://registry.npmjs.org/postcss-minify-params cache-miss
3415 silly packumentCache corgi:https://registry.npmjs.org/postcss-minify-selectors cache-miss
3416 silly packumentCache corgi:https://registry.npmjs.org/postcss-modules-extract-imports cache-miss
3417 silly packumentCache corgi:https://registry.npmjs.org/postcss-modules-local-by-default cache-miss
3418 silly packumentCache corgi:https://registry.npmjs.org/postcss-modules-scope cache-miss
3419 silly packumentCache corgi:https://registry.npmjs.org/postcss-modules-values cache-miss
3420 silly packumentCache corgi:https://registry.npmjs.org/postcss-nested cache-miss
3421 silly packumentCache corgi:https://registry.npmjs.org/postcss-nesting cache-miss
3422 silly packumentCache corgi:https://registry.npmjs.org/postcss-normalize cache-miss
3423 silly packumentCache corgi:https://registry.npmjs.org/postcss-normalize-charset cache-miss
3424 silly packumentCache corgi:https://registry.npmjs.org/postcss-normalize-display-values cache-miss
3425 silly packumentCache corgi:https://registry.npmjs.org/postcss-normalize-positions cache-miss
3426 silly packumentCache corgi:https://registry.npmjs.org/postcss-normalize-repeat-style cache-miss
3427 silly packumentCache corgi:https://registry.npmjs.org/postcss-normalize-string cache-miss
3428 silly packumentCache corgi:https://registry.npmjs.org/postcss-normalize-timing-functions cache-miss
3429 silly packumentCache corgi:https://registry.npmjs.org/postcss-normalize-unicode cache-miss
3430 silly packumentCache corgi:https://registry.npmjs.org/postcss-normalize-url cache-miss
3431 silly packumentCache corgi:https://registry.npmjs.org/postcss-normalize-whitespace cache-miss
3432 silly packumentCache corgi:https://registry.npmjs.org/postcss-ordered-values cache-miss
3433 silly packumentCache corgi:https://registry.npmjs.org/postcss-overflow-shorthand cache-miss
3434 silly packumentCache corgi:https://registry.npmjs.org/postcss-page-break cache-miss
3435 silly packumentCache corgi:https://registry.npmjs.org/postcss-place cache-miss
3436 silly packumentCache corgi:https://registry.npmjs.org/postcss-preset-env cache-miss
3437 silly packumentCache corgi:https://registry.npmjs.org/postcss-pseudo-class-any-link cache-miss
3438 silly packumentCache corgi:https://registry.npmjs.org/postcss-reduce-initial cache-miss
3439 silly packumentCache corgi:https://registry.npmjs.org/postcss-reduce-transforms cache-miss
3440 silly packumentCache corgi:https://registry.npmjs.org/postcss-replace-overflow-wrap cache-miss
3441 silly packumentCache corgi:https://registry.npmjs.org/postcss-selector-not cache-miss
3442 silly packumentCache corgi:https://registry.npmjs.org/postcss-svgo cache-miss
3443 silly packumentCache corgi:https://registry.npmjs.org/postcss-unique-selectors cache-miss
3444 silly packumentCache corgi:https://registry.npmjs.org/stylehacks cache-miss
3445 silly packumentCache corgi:https://registry.npmjs.org/resolve-url-loader cache-miss
3446 http fetch GET 200 https://registry.npmjs.org/@csstools%2fpostcss-cascade-layers 489ms (cache miss)
3447 silly packumentCache corgi:https://registry.npmjs.org/@csstools%2fpostcss-cascade-layers set size:undefined disposed:false
3448 http fetch GET 200 https://registry.npmjs.org/@csstools%2fpostcss-normalize-display-values 493ms (cache miss)
3449 silly packumentCache corgi:https://registry.npmjs.org/@csstools%2fpostcss-normalize-display-values set size:undefined disposed:false
3450 http fetch GET 200 https://registry.npmjs.org/@csstools%2fpostcss-is-pseudo-class 495ms (cache miss)
3451 silly packumentCache corgi:https://registry.npmjs.org/@csstools%2fpostcss-is-pseudo-class set size:undefined disposed:false
3452 http fetch GET 200 https://registry.npmjs.org/@csstools%2fpostcss-text-decoration-shorthand 492ms (cache miss)
3453 silly packumentCache corgi:https://registry.npmjs.org/@csstools%2fpostcss-text-decoration-shorthand set size:undefined disposed:false
3454 http fetch GET 200 https://registry.npmjs.org/@csstools%2fpostcss-color-function 500ms (cache miss)
3455 silly packumentCache corgi:https://registry.npmjs.org/@csstools%2fpostcss-color-function set size:undefined disposed:false
3456 http fetch GET 200 https://registry.npmjs.org/@csstools%2fpostcss-font-format-keywords 502ms (cache miss)
3457 silly packumentCache corgi:https://registry.npmjs.org/@csstools%2fpostcss-font-format-keywords set size:undefined disposed:false
3458 http fetch GET 200 https://registry.npmjs.org/@csstools%2fpostcss-hwb-function 503ms (cache miss)
3459 silly packumentCache corgi:https://registry.npmjs.org/@csstools%2fpostcss-hwb-function set size:undefined disposed:false
3460 http fetch GET 200 https://registry.npmjs.org/@csstools%2fselector-specificity 497ms (cache miss)
3461 silly packumentCache corgi:https://registry.npmjs.org/@csstools%2fselector-specificity set size:undefined disposed:false
3462 http fetch GET 200 https://registry.npmjs.org/@csstools%2fpostcss-stepped-value-functions 501ms (cache miss)
3463 silly packumentCache corgi:https://registry.npmjs.org/@csstools%2fpostcss-stepped-value-functions set size:undefined disposed:false
3464 http fetch GET 200 https://registry.npmjs.org/@csstools%2fpostcss-progressive-custom-properties 503ms (cache miss)
3465 silly packumentCache corgi:https://registry.npmjs.org/@csstools%2fpostcss-progressive-custom-properties set size:undefined disposed:false
3466 http fetch GET 200 https://registry.npmjs.org/@csstools%2fpostcss-nested-calc 516ms (cache miss)
3467 silly packumentCache corgi:https://registry.npmjs.org/@csstools%2fpostcss-nested-calc set size:undefined disposed:false
3468 http fetch GET 200 https://registry.npmjs.org/@csstools%2fpostcss-trigonometric-functions 511ms (cache miss)
3469 silly packumentCache corgi:https://registry.npmjs.org/@csstools%2fpostcss-trigonometric-functions set size:undefined disposed:false
3470 http fetch GET 200 https://registry.npmjs.org/@csstools%2fpostcss-ic-unit 518ms (cache miss)
3471 silly packumentCache corgi:https://registry.npmjs.org/@csstools%2fpostcss-ic-unit set size:undefined disposed:false
3472 http fetch GET 200 https://registry.npmjs.org/@csstools%2fpostcss-oklab-function 525ms (cache miss)
3473 silly packumentCache corgi:https://registry.npmjs.org/@csstools%2fpostcss-oklab-function set size:undefined disposed:false
3474 http fetch GET 200 https://registry.npmjs.org/@csstools%2fpostcss-unset-value 547ms (cache miss)
3475 silly packumentCache corgi:https://registry.npmjs.org/@csstools%2fpostcss-unset-value set size:undefined disposed:false
3476 http fetch GET 200 https://registry.npmjs.org/css-blank-pseudo 559ms (cache miss)
3477 silly packumentCache corgi:https://registry.npmjs.org/css-blank-pseudo set size:undefined disposed:false
3478 http fetch GET 200 https://registry.npmjs.org/icss-utils 562ms (cache miss)
3479 silly packumentCache corgi:https://registry.npmjs.org/icss-utils set size:undefined disposed:false
3480 http fetch GET 200 https://registry.npmjs.org/css-prefers-color-scheme 569ms (cache miss)
3481 silly packumentCache corgi:https://registry.npmjs.org/css-prefers-color-scheme set size:undefined disposed:false
3482 http fetch GET 200 https://registry.npmjs.org/postcss-browser-comments 568ms (cache miss)
3483 silly packumentCache corgi:https://registry.npmjs.org/postcss-browser-comments set size:undefined disposed:false
3484 http fetch GET 200 https://registry.npmjs.org/css-has-pseudo 584ms (cache miss)
3485 silly packumentCache corgi:https://registry.npmjs.org/css-has-pseudo set size:undefined disposed:false
3486 http fetch GET 200 https://registry.npmjs.org/css-declaration-sorter 595ms (cache miss)
3487 silly packumentCache corgi:https://registry.npmjs.org/css-declaration-sorter set size:undefined disposed:false
3488 http fetch GET 200 https://registry.npmjs.org/postcss-attribute-case-insensitive 595ms (cache miss)
3489 silly packumentCache corgi:https://registry.npmjs.org/postcss-attribute-case-insensitive set size:undefined disposed:false
3490 http fetch GET 200 https://registry.npmjs.org/cssnano-utils 605ms (cache miss)
3491 silly packumentCache corgi:https://registry.npmjs.org/cssnano-utils set size:undefined disposed:false
3492 http fetch GET 200 https://registry.npmjs.org/postcss-clamp 609ms (cache miss)
3493 silly packumentCache corgi:https://registry.npmjs.org/postcss-clamp set size:undefined disposed:false
3494 http fetch GET 200 https://registry.npmjs.org/css-minimizer-webpack-plugin 634ms (cache miss)
3495 silly packumentCache corgi:https://registry.npmjs.org/css-minimizer-webpack-plugin set size:undefined disposed:false
3496 http fetch GET 200 https://registry.npmjs.org/postcss-calc 636ms (cache miss)
3497 silly packumentCache corgi:https://registry.npmjs.org/postcss-calc set size:undefined disposed:false
3498 http fetch GET 200 https://registry.npmjs.org/postcss-color-hex-alpha 658ms (cache miss)
3499 silly packumentCache corgi:https://registry.npmjs.org/postcss-color-hex-alpha set size:undefined disposed:false
3500 http fetch GET 200 https://registry.npmjs.org/postcss-color-rebeccapurple 673ms (cache miss)
3501 silly packumentCache corgi:https://registry.npmjs.org/postcss-color-rebeccapurple set size:undefined disposed:false
3502 http fetch GET 200 https://registry.npmjs.org/cssnano-preset-default 694ms (cache miss)
3503 silly packumentCache corgi:https://registry.npmjs.org/cssnano-preset-default set size:undefined disposed:false
3504 http fetch GET 200 https://registry.npmjs.org/postcss-custom-media 691ms (cache miss)
3505 silly packumentCache corgi:https://registry.npmjs.org/postcss-custom-media set size:undefined disposed:false
3506 http fetch GET 200 https://registry.npmjs.org/postcss-dir-pseudo-class 692ms (cache miss)
3507 silly packumentCache corgi:https://registry.npmjs.org/postcss-dir-pseudo-class set size:undefined disposed:false
3508 http fetch GET 200 https://registry.npmjs.org/postcss-colormin 706ms (cache miss)
3509 silly packumentCache corgi:https://registry.npmjs.org/postcss-colormin set size:undefined disposed:false
3510 http fetch GET 200 https://registry.npmjs.org/postcss-color-functional-notation 715ms (cache miss)
3511 silly packumentCache corgi:https://registry.npmjs.org/postcss-color-functional-notation set size:undefined disposed:false
3512 http fetch GET 200 https://registry.npmjs.org/cssnano 731ms (cache miss)
3513 silly packumentCache corgi:https://registry.npmjs.org/cssnano set size:undefined disposed:false
3514 http fetch GET 200 https://registry.npmjs.org/postcss-convert-values 736ms (cache miss)
3515 silly packumentCache corgi:https://registry.npmjs.org/postcss-convert-values set size:undefined disposed:false
3516 http fetch GET 200 https://registry.npmjs.org/postcss-custom-selectors 741ms (cache miss)
3517 silly packumentCache corgi:https://registry.npmjs.org/postcss-custom-selectors set size:undefined disposed:false
3518 http fetch GET 200 https://registry.npmjs.org/postcss-flexbugs-fixes 732ms (cache miss)
3519 silly packumentCache corgi:https://registry.npmjs.org/postcss-flexbugs-fixes set size:undefined disposed:false
3520 http fetch GET 200 https://registry.npmjs.org/postcss-focus-within 733ms (cache miss)
3521 silly packumentCache corgi:https://registry.npmjs.org/postcss-focus-within set size:undefined disposed:false
3522 http fetch GET 200 https://registry.npmjs.org/postcss-env-function 738ms (cache miss)
3523 silly packumentCache corgi:https://registry.npmjs.org/postcss-env-function set size:undefined disposed:false
3524 http fetch GET 200 https://registry.npmjs.org/postcss-focus-visible 738ms (cache miss)
3525 silly packumentCache corgi:https://registry.npmjs.org/postcss-focus-visible set size:undefined disposed:false
3526 http fetch GET 200 https://registry.npmjs.org/postcss-font-variant 737ms (cache miss)
3527 silly packumentCache corgi:https://registry.npmjs.org/postcss-font-variant set size:undefined disposed:false
3528 http fetch GET 200 https://registry.npmjs.org/postcss-discard-duplicates 761ms (cache miss)
3529 silly packumentCache corgi:https://registry.npmjs.org/postcss-discard-duplicates set size:undefined disposed:false
3530 http fetch GET 200 https://registry.npmjs.org/postcss-double-position-gradients 757ms (cache miss)
3531 silly packumentCache corgi:https://registry.npmjs.org/postcss-double-position-gradients set size:undefined disposed:false
3532 http fetch GET 200 https://registry.npmjs.org/postcss-gap-properties 753ms (cache miss)
3533 silly packumentCache corgi:https://registry.npmjs.org/postcss-gap-properties set size:undefined disposed:false
3534 http fetch GET 200 https://registry.npmjs.org/postcss-discard-comments 771ms (cache miss)
3535 silly packumentCache corgi:https://registry.npmjs.org/postcss-discard-comments set size:undefined disposed:false
3536 http fetch GET 200 https://registry.npmjs.org/postcss-discard-overridden 767ms (cache miss)
3537 silly packumentCache corgi:https://registry.npmjs.org/postcss-discard-overridden set size:undefined disposed:false
3538 http fetch GET 200 https://registry.npmjs.org/postcss-discard-empty 779ms (cache miss)
3539 silly packumentCache corgi:https://registry.npmjs.org/postcss-discard-empty set size:undefined disposed:false
3540 http fetch GET 200 https://registry.npmjs.org/postcss-initial 769ms (cache miss)
3541 silly packumentCache corgi:https://registry.npmjs.org/postcss-initial set size:undefined disposed:false
3542 http fetch GET 200 https://registry.npmjs.org/postcss-js 768ms (cache miss)
3543 silly packumentCache corgi:https://registry.npmjs.org/postcss-js set size:undefined disposed:false
3544 http fetch GET 200 https://registry.npmjs.org/postcss-image-set-function 776ms (cache miss)
3545 silly packumentCache corgi:https://registry.npmjs.org/postcss-image-set-function set size:undefined disposed:false
3546 http fetch GET 200 https://registry.npmjs.org/postcss-media-minmax 772ms (cache miss)
3547 silly packumentCache corgi:https://registry.npmjs.org/postcss-media-minmax set size:undefined disposed:false
3548 http fetch GET 200 https://registry.npmjs.org/postcss-load-config 779ms (cache miss)
3549 silly packumentCache corgi:https://registry.npmjs.org/postcss-load-config set size:undefined disposed:false
3550 http fetch GET 200 https://registry.npmjs.org/postcss-import 783ms (cache miss)
3551 silly packumentCache corgi:https://registry.npmjs.org/postcss-import set size:undefined disposed:false
3552 http fetch GET 200 https://registry.npmjs.org/postcss-logical 784ms (cache miss)
3553 silly packumentCache corgi:https://registry.npmjs.org/postcss-logical set size:undefined disposed:false
3554 http fetch GET 200 https://registry.npmjs.org/autoprefixer 818ms (cache miss)
3555 silly packumentCache corgi:https://registry.npmjs.org/autoprefixer set size:undefined disposed:false
3556 http fetch GET 200 https://registry.npmjs.org/postcss-custom-properties 841ms (cache miss)
3557 silly packumentCache corgi:https://registry.npmjs.org/postcss-custom-properties set size:undefined disposed:false
3558 http fetch GET 200 https://registry.npmjs.org/postcss-lab-function 832ms (cache miss)
3559 silly packumentCache corgi:https://registry.npmjs.org/postcss-lab-function set size:undefined disposed:false
3560 http fetch GET 200 https://registry.npmjs.org/postcss-modules-extract-imports 828ms (cache miss)
3561 silly packumentCache corgi:https://registry.npmjs.org/postcss-modules-extract-imports set size:undefined disposed:false
3562 http fetch GET 200 https://registry.npmjs.org/postcss-minify-gradients 834ms (cache miss)
3563 silly packumentCache corgi:https://registry.npmjs.org/postcss-minify-gradients set size:undefined disposed:false
3564 http fetch GET 200 https://registry.npmjs.org/postcss-modules-local-by-default 827ms (cache miss)
3565 silly packumentCache corgi:https://registry.npmjs.org/postcss-modules-local-by-default set size:undefined disposed:false
3566 http fetch GET 200 https://registry.npmjs.org/postcss-modules-scope 926ms (cache miss)
3567 silly packumentCache corgi:https://registry.npmjs.org/postcss-modules-scope set size:undefined disposed:false
3568 http fetch GET 200 https://registry.npmjs.org/postcss-normalize 927ms (cache miss)
3569 silly packumentCache corgi:https://registry.npmjs.org/postcss-normalize set size:undefined disposed:false
3570 http fetch GET 200 https://registry.npmjs.org/postcss-modules-values 932ms (cache miss)
3571 silly packumentCache corgi:https://registry.npmjs.org/postcss-modules-values set size:undefined disposed:false
3572 http fetch GET 200 https://registry.npmjs.org/postcss-minify-params 946ms (cache miss)
3573 silly packumentCache corgi:https://registry.npmjs.org/postcss-minify-params set size:undefined disposed:false
3574 http fetch GET 200 https://registry.npmjs.org/postcss-minify-font-values 950ms (cache miss)
3575 silly packumentCache corgi:https://registry.npmjs.org/postcss-minify-font-values set size:undefined disposed:false
3576 http fetch GET 200 https://registry.npmjs.org/postcss-nested 939ms (cache miss)
3577 silly packumentCache corgi:https://registry.npmjs.org/postcss-nested set size:undefined disposed:false
3578 http fetch GET 200 https://registry.npmjs.org/postcss-minify-selectors 956ms (cache miss)
3579 silly packumentCache corgi:https://registry.npmjs.org/postcss-minify-selectors set size:undefined disposed:false
3580 http fetch GET 200 https://registry.npmjs.org/postcss-merge-rules 963ms (cache miss)
3581 silly packumentCache corgi:https://registry.npmjs.org/postcss-merge-rules set size:undefined disposed:false
3582 http fetch GET 200 https://registry.npmjs.org/postcss-normalize-charset 954ms (cache miss)
3583 silly packumentCache corgi:https://registry.npmjs.org/postcss-normalize-charset set size:undefined disposed:false
3584 http fetch GET 200 https://registry.npmjs.org/postcss-merge-longhand 974ms (cache miss)
3585 silly packumentCache corgi:https://registry.npmjs.org/postcss-merge-longhand set size:undefined disposed:false
3586 http fetch GET 200 https://registry.npmjs.org/postcss-nesting 961ms (cache miss)
3587 silly packumentCache corgi:https://registry.npmjs.org/postcss-nesting set size:undefined disposed:false
3588 http fetch GET 200 https://registry.npmjs.org/postcss-normalize-display-values 963ms (cache miss)
3589 silly packumentCache corgi:https://registry.npmjs.org/postcss-normalize-display-values set size:undefined disposed:false
3590 http fetch GET 200 https://registry.npmjs.org/postcss-normalize-positions 967ms (cache miss)
3591 silly packumentCache corgi:https://registry.npmjs.org/postcss-normalize-positions set size:undefined disposed:false
3592 http fetch GET 200 https://registry.npmjs.org/postcss-page-break 966ms (cache miss)
3593 silly packumentCache corgi:https://registry.npmjs.org/postcss-page-break set size:undefined disposed:false
3594 http fetch GET 200 https://registry.npmjs.org/postcss-normalize-string 975ms (cache miss)
3595 silly packumentCache corgi:https://registry.npmjs.org/postcss-normalize-string set size:undefined disposed:false
3596 http fetch GET 200 https://registry.npmjs.org/postcss-normalize-repeat-style 977ms (cache miss)
3597 silly packumentCache corgi:https://registry.npmjs.org/postcss-normalize-repeat-style set size:undefined disposed:false
3598 http fetch GET 200 https://registry.npmjs.org/postcss-overflow-shorthand 981ms (cache miss)
3599 silly packumentCache corgi:https://registry.npmjs.org/postcss-overflow-shorthand set size:undefined disposed:false
3600 http fetch GET 200 https://registry.npmjs.org/postcss-replace-overflow-wrap 978ms (cache miss)
3601 silly packumentCache corgi:https://registry.npmjs.org/postcss-replace-overflow-wrap set size:undefined disposed:false
3602 http fetch GET 200 https://registry.npmjs.org/postcss-place 984ms (cache miss)
3603 silly packumentCache corgi:https://registry.npmjs.org/postcss-place set size:undefined disposed:false
3604 http fetch GET 200 https://registry.npmjs.org/postcss-selector-not 983ms (cache miss)
3605 silly packumentCache corgi:https://registry.npmjs.org/postcss-selector-not set size:undefined disposed:false
3606 http fetch GET 200 https://registry.npmjs.org/postcss-normalize-url 995ms (cache miss)
3607 silly packumentCache corgi:https://registry.npmjs.org/postcss-normalize-url set size:undefined disposed:false
3608 http fetch GET 200 https://registry.npmjs.org/postcss-pseudo-class-any-link 996ms (cache miss)
3609 silly packumentCache corgi:https://registry.npmjs.org/postcss-pseudo-class-any-link set size:undefined disposed:false
3610 http fetch GET 200 https://registry.npmjs.org/postcss-normalize-whitespace 1013ms (cache miss)
3611 silly packumentCache corgi:https://registry.npmjs.org/postcss-normalize-whitespace set size:undefined disposed:false
3612 http fetch GET 200 https://registry.npmjs.org/postcss-normalize-timing-functions 1018ms (cache miss)
3613 silly packumentCache corgi:https://registry.npmjs.org/postcss-normalize-timing-functions set size:undefined disposed:false
3614 http fetch GET 200 https://registry.npmjs.org/postcss-normalize-unicode 1020ms (cache miss)
3615 silly packumentCache corgi:https://registry.npmjs.org/postcss-normalize-unicode set size:undefined disposed:false
3616 http fetch GET 200 https://registry.npmjs.org/postcss-ordered-values 1020ms (cache miss)
3617 silly packumentCache corgi:https://registry.npmjs.org/postcss-ordered-values set size:undefined disposed:false
3618 http fetch GET 200 https://registry.npmjs.org/postcss-svgo 1015ms (cache miss)
3619 silly packumentCache corgi:https://registry.npmjs.org/postcss-svgo set size:undefined disposed:false
3620 http fetch GET 200 https://registry.npmjs.org/postcss-reduce-initial 1021ms (cache miss)
3621 silly packumentCache corgi:https://registry.npmjs.org/postcss-reduce-initial set size:undefined disposed:false
3622 http fetch GET 200 https://registry.npmjs.org/postcss-reduce-transforms 1022ms (cache miss)
3623 silly packumentCache corgi:https://registry.npmjs.org/postcss-reduce-transforms set size:undefined disposed:false
3624 http fetch GET 200 https://registry.npmjs.org/postcss-unique-selectors 1024ms (cache miss)
3625 silly packumentCache corgi:https://registry.npmjs.org/postcss-unique-selectors set size:undefined disposed:false
3626 http fetch GET 200 https://registry.npmjs.org/resolve-url-loader 1025ms (cache miss)
3627 silly packumentCache corgi:https://registry.npmjs.org/resolve-url-loader set size:undefined disposed:false
3628 http fetch GET 200 https://registry.npmjs.org/stylehacks 1043ms (cache miss)
3629 silly packumentCache corgi:https://registry.npmjs.org/stylehacks set size:undefined disposed:false
3630 http fetch GET 200 https://registry.npmjs.org/postcss-preset-env 1063ms (cache miss)
3631 silly packumentCache corgi:https://registry.npmjs.org/postcss-preset-env set size:undefined disposed:false
3632 silly packumentCache corgi:https://registry.npmjs.org/@rollup%2fplugin-babel cache-miss
3633 silly packumentCache corgi:https://registry.npmjs.org/@rollup%2fplugin-node-resolve cache-miss
3634 silly packumentCache corgi:https://registry.npmjs.org/@rollup%2fplugin-replace cache-miss
3635 silly packumentCache corgi:https://registry.npmjs.org/rollup-plugin-terser cache-miss
3636 http fetch GET 200 https://registry.npmjs.org/rollup-plugin-terser 102ms (cache miss)
3637 silly packumentCache corgi:https://registry.npmjs.org/rollup-plugin-terser set size:undefined disposed:false
3638 http fetch GET 200 https://registry.npmjs.org/@rollup%2fplugin-babel 143ms (cache miss)
3639 silly packumentCache corgi:https://registry.npmjs.org/@rollup%2fplugin-babel set size:undefined disposed:false
3640 http fetch GET 200 https://registry.npmjs.org/@rollup%2fplugin-replace 149ms (cache miss)
3641 silly packumentCache corgi:https://registry.npmjs.org/@rollup%2fplugin-replace set size:undefined disposed:false
3642 http fetch GET 200 https://registry.npmjs.org/@rollup%2fplugin-node-resolve 156ms (cache miss)
3643 silly packumentCache corgi:https://registry.npmjs.org/@rollup%2fplugin-node-resolve set size:undefined disposed:false
3644 silly packumentCache corgi:https://registry.npmjs.org/terser-webpack-plugin cache-miss
3645 http fetch GET 200 https://registry.npmjs.org/terser-webpack-plugin 54ms (cache miss)
3646 silly packumentCache corgi:https://registry.npmjs.org/terser-webpack-plugin set size:undefined disposed:false
3647 silly packumentCache corgi:https://registry.npmjs.org/@pmmmwh%2freact-refresh-webpack-plugin cache-miss
3648 silly packumentCache corgi:https://registry.npmjs.org/babel-loader cache-miss
3649 silly packumentCache corgi:https://registry.npmjs.org/file-loader cache-miss
3650 silly packumentCache corgi:https://registry.npmjs.org/mini-css-extract-plugin cache-miss
3651 silly packumentCache corgi:https://registry.npmjs.org/sass-loader cache-miss
3652 silly packumentCache corgi:https://registry.npmjs.org/source-map-loader cache-miss
3653 silly packumentCache corgi:https://registry.npmjs.org/style-loader cache-miss
3654 silly packumentCache corgi:https://registry.npmjs.org/webpack-manifest-plugin cache-miss
3655 silly packumentCache corgi:https://registry.npmjs.org/workbox-webpack-plugin cache-miss
3656 http fetch GET 200 https://registry.npmjs.org/webpack-manifest-plugin 238ms (cache miss)
3657 silly packumentCache corgi:https://registry.npmjs.org/webpack-manifest-plugin set size:undefined disposed:false
3658 http fetch GET 200 https://registry.npmjs.org/file-loader 276ms (cache miss)
3659 silly packumentCache corgi:https://registry.npmjs.org/file-loader set size:undefined disposed:false
3660 http fetch GET 200 https://registry.npmjs.org/source-map-loader 283ms (cache miss)
3661 silly packumentCache corgi:https://registry.npmjs.org/source-map-loader set size:undefined disposed:false
3662 http fetch GET 200 https://registry.npmjs.org/style-loader 291ms (cache miss)
3663 silly packumentCache corgi:https://registry.npmjs.org/style-loader set size:undefined disposed:false
3664 http fetch GET 200 https://registry.npmjs.org/babel-loader 299ms (cache miss)
3665 silly packumentCache corgi:https://registry.npmjs.org/babel-loader set size:undefined disposed:false
3666 http fetch GET 200 https://registry.npmjs.org/sass-loader 330ms (cache miss)
3667 silly packumentCache corgi:https://registry.npmjs.org/sass-loader set size:undefined disposed:false
3668 http fetch GET 200 https://registry.npmjs.org/workbox-webpack-plugin 350ms (cache miss)
3669 silly packumentCache corgi:https://registry.npmjs.org/workbox-webpack-plugin set size:undefined disposed:false
3670 http fetch GET 200 https://registry.npmjs.org/mini-css-extract-plugin 369ms (cache miss)
3671 silly packumentCache corgi:https://registry.npmjs.org/mini-css-extract-plugin set size:undefined disposed:false
3672 http fetch GET 200 https://registry.npmjs.org/@pmmmwh%2freact-refresh-webpack-plugin 383ms (cache miss)
3673 silly packumentCache corgi:https://registry.npmjs.org/@pmmmwh%2freact-refresh-webpack-plugin set size:undefined disposed:false
3674 silly packumentCache corgi:https://registry.npmjs.org/optionator cache-miss
3675 http fetch GET 200 https://registry.npmjs.org/optionator 49ms (cache miss)
3676 silly packumentCache corgi:https://registry.npmjs.org/optionator set size:undefined disposed:false
3677 silly packumentCache corgi:https://registry.npmjs.org/cosmiconfig cache-miss
3678 http fetch GET 200 https://registry.npmjs.org/cosmiconfig 50ms (cache miss)
3679 silly packumentCache corgi:https://registry.npmjs.org/cosmiconfig set size:undefined disposed:false
3680 silly packumentCache corgi:https://registry.npmjs.org/jest-environment-jsdom cache-miss
3681 http fetch GET 200 https://registry.npmjs.org/jest-environment-jsdom 56ms (cache miss)
3682 silly packumentCache corgi:https://registry.npmjs.org/jest-environment-jsdom set size:undefined disposed:false
3683 silly packumentCache corgi:https://registry.npmjs.org/@svgr%2fplugin-svgo cache-miss
3684 http fetch GET 200 https://registry.npmjs.org/@svgr%2fplugin-svgo 65ms (cache miss)
3685 silly packumentCache corgi:https://registry.npmjs.org/@svgr%2fplugin-svgo set size:undefined disposed:false
3686 silly packumentCache corgi:https://registry.npmjs.org/jest-runner cache-miss
3687 http fetch GET 200 https://registry.npmjs.org/jest-runner 146ms (cache miss)
3688 silly packumentCache corgi:https://registry.npmjs.org/jest-runner set size:undefined disposed:false
3689 silly packumentCache corgi:https://registry.npmjs.org/@svgr%2fwebpack cache-miss
3690 http fetch GET 200 https://registry.npmjs.org/@svgr%2fwebpack 71ms (cache miss)
3691 silly packumentCache corgi:https://registry.npmjs.org/@svgr%2fwebpack set size:undefined disposed:false
3692 silly packumentCache corgi:https://registry.npmjs.org/jest-cli cache-miss
3693 http fetch GET 200 https://registry.npmjs.org/jest-cli 208ms (cache miss)
3694 silly packumentCache corgi:https://registry.npmjs.org/jest-cli set size:undefined disposed:false
3695 silly packumentCache corgi:https://registry.npmjs.org/jest cache-miss
3696 http fetch GET 200 https://registry.npmjs.org/jest 118ms (cache miss)
3697 silly packumentCache corgi:https://registry.npmjs.org/jest set size:undefined disposed:false
3698 silly packumentCache corgi:https://registry.npmjs.org/jest-watch-typeahead cache-miss
3699 http fetch GET 200 https://registry.npmjs.org/jest-watch-typeahead 57ms (cache miss)
3700 silly packumentCache corgi:https://registry.npmjs.org/jest-watch-typeahead set size:undefined disposed:false
3701 silly ADD node_modules/yocto-queue
3702 silly ADD node_modules/yargs-parser
3703 silly ADD node_modules/yargs
3704 silly ADD node_modules/yaml
3705 silly ADD node_modules/yallist
3706 silly ADD node_modules/y18n
3707 silly ADD node_modules/xtend
3708 silly ADD node_modules/xmlchars
3709 silly ADD node_modules/xml-name-validator
3710 silly ADD node_modules/ws
3711 silly ADD node_modules/write-file-atomic
3712 silly ADD node_modules/wrappy
3713 silly ADD node_modules/wrap-ansi
3714 silly ADD node_modules/wrap-ansi/node_modules/color-name
3715 silly ADD node_modules/wrap-ansi/node_modules/color-convert
3716 silly ADD node_modules/wrap-ansi/node_modules/ansi-styles
3717 silly ADD node_modules/workbox-window
3718 silly ADD node_modules/workbox-webpack-plugin
3719 silly ADD node_modules/workbox-webpack-plugin/node_modules/webpack-sources
3720 silly ADD node_modules/workbox-webpack-plugin/node_modules/source-map
3721 silly ADD node_modules/workbox-sw
3722 silly ADD node_modules/workbox-streams
3723 silly ADD node_modules/workbox-strategies
3724 silly ADD node_modules/workbox-routing
3725 silly ADD node_modules/workbox-recipes
3726 silly ADD node_modules/workbox-range-requests
3727 silly ADD node_modules/workbox-precaching
3728 silly ADD node_modules/workbox-navigation-preload
3729 silly ADD node_modules/workbox-google-analytics
3730 silly ADD node_modules/workbox-expiration
3731 silly ADD node_modules/workbox-core
3732 silly ADD node_modules/workbox-cacheable-response
3733 silly ADD node_modules/workbox-build
3734 silly ADD node_modules/workbox-build/node_modules/whatwg-url
3735 silly ADD node_modules/workbox-build/node_modules/webidl-conversions
3736 silly ADD node_modules/workbox-build/node_modules/tr46
3737 silly ADD node_modules/workbox-build/node_modules/source-map
3738 silly ADD node_modules/workbox-build/node_modules/json-schema-traverse
3739 silly ADD node_modules/workbox-build/node_modules/fs-extra
3740 silly ADD node_modules/workbox-build/node_modules/ajv
3741 silly ADD node_modules/workbox-build/node_modules/@apideck/better-ajv-errors
3742 silly ADD node_modules/workbox-broadcast-update
3743 silly ADD node_modules/workbox-background-sync
3744 silly ADD node_modules/word-wrap
3745 silly ADD node_modules/which-typed-array
3746 silly ADD node_modules/which-collection
3747 silly ADD node_modules/which-boxed-primitive
3748 silly ADD node_modules/which
3749 silly ADD node_modules/whatwg-url
3750 silly ADD node_modules/whatwg-mimetype
3751 silly ADD node_modules/whatwg-fetch
3752 silly ADD node_modules/whatwg-encoding
3753 silly ADD node_modules/whatwg-encoding/node_modules/iconv-lite
3754 silly ADD node_modules/websocket-extensions
3755 silly ADD node_modules/websocket-driver
3756 silly ADD node_modules/webpack-sources
3757 silly ADD node_modules/webpack-manifest-plugin
3758 silly ADD node_modules/webpack-manifest-plugin/node_modules/webpack-sources
3759 silly ADD node_modules/webpack-manifest-plugin/node_modules/source-map
3760 silly ADD node_modules/webpack-dev-server
3761 silly ADD node_modules/webpack-dev-server/node_modules/ws
3762 silly ADD node_modules/webpack-dev-server/node_modules/schema-utils
3763 silly ADD node_modules/webpack-dev-server/node_modules/json-schema-traverse
3764 silly ADD node_modules/webpack-dev-server/node_modules/ajv-keywords
3765 silly ADD node_modules/webpack-dev-server/node_modules/ajv
3766 silly ADD node_modules/webpack-dev-middleware
3767 silly ADD node_modules/webpack-dev-middleware/node_modules/schema-utils
3768 silly ADD node_modules/webpack-dev-middleware/node_modules/json-schema-traverse
3769 silly ADD node_modules/webpack-dev-middleware/node_modules/ajv-keywords
3770 silly ADD node_modules/webpack-dev-middleware/node_modules/ajv
3771 silly ADD node_modules/webpack
3772 silly ADD node_modules/webpack/node_modules/estraverse
3773 silly ADD node_modules/webpack/node_modules/eslint-scope
3774 silly ADD node_modules/webpack/node_modules/@types/estree
3775 silly ADD node_modules/webidl-conversions
3776 silly ADD node_modules/web-vitals
3777 silly ADD node_modules/wbuf
3778 silly ADD node_modules/watchpack
3779 silly ADD node_modules/warning
3780 silly ADD node_modules/walker
3781 silly ADD node_modules/w3c-xmlserializer
3782 silly ADD node_modules/w3c-hr-time
3783 silly ADD node_modules/vary
3784 silly ADD node_modules/v8-to-istanbul
3785 silly ADD node_modules/uuid
3786 silly ADD node_modules/utils-merge
3787 silly ADD node_modules/utila
3788 silly ADD node_modules/util.promisify
3789 silly ADD node_modules/util-deprecate
3790 silly ADD node_modules/url-parse
3791 silly ADD node_modules/uri-js
3792 silly ADD node_modules/update-browserslist-db
3793 silly ADD node_modules/upath
3794 silly ADD node_modules/unquote
3795 silly ADD node_modules/unpipe
3796 silly ADD node_modules/universalify
3797 silly ADD node_modules/unique-string
3798 silly ADD node_modules/unicode-property-aliases-ecmascript
3799 silly ADD node_modules/unicode-match-property-value-ecmascript
3800 silly ADD node_modules/unicode-match-property-ecmascript
3801 silly ADD node_modules/unicode-canonical-property-names-ecmascript
3802 silly ADD node_modules/unbox-primitive
3803 silly ADD node_modules/typescript
3804 silly ADD node_modules/typedarray-to-buffer
3805 silly ADD node_modules/type-is
3806 silly ADD node_modules/type-fest
3807 silly ADD node_modules/type-detect
3808 silly ADD node_modules/type-check
3809 silly ADD node_modules/tsutils
3810 silly ADD node_modules/tsutils/node_modules/tslib
3811 silly ADD node_modules/tslib
3812 silly ADD node_modules/tsconfig-paths
3813 silly ADD node_modules/tsconfig-paths/node_modules/strip-bom
3814 silly ADD node_modules/tsconfig-paths/node_modules/json5
3815 silly ADD node_modules/tryer
3816 silly ADD node_modules/tr46
3817 silly ADD node_modules/tough-cookie
3818 silly ADD node_modules/tough-cookie/node_modules/universalify
3819 silly ADD node_modules/toidentifier
3820 silly ADD node_modules/to-regex-range
3821 silly ADD node_modules/to-fast-properties
3822 silly ADD node_modules/tmpl
3823 silly ADD node_modules/thunky
3824 silly ADD node_modules/throat
3825 silly ADD node_modules/text-table
3826 silly ADD node_modules/test-exclude
3827 silly ADD node_modules/terser-webpack-plugin
3828 silly ADD node_modules/terser
3829 silly ADD node_modules/terser/node_modules/commander
3830 silly ADD node_modules/terminal-link
3831 silly ADD node_modules/tempy
3832 silly ADD node_modules/tempy/node_modules/type-fest
3833 silly ADD node_modules/temp-dir
3834 silly ADD node_modules/tapable
3835 silly ADD node_modules/tailwindcss
3836 silly ADD node_modules/tailwindcss/node_modules/color-name
3837 silly ADD node_modules/symbol-tree
3838 silly ADD node_modules/svgo
3839 silly ADD node_modules/svgo/node_modules/nth-check
3840 silly ADD node_modules/svgo/node_modules/domutils
3841 silly ADD node_modules/svgo/node_modules/domutils/node_modules/domelementtype
3842 silly ADD node_modules/svgo/node_modules/dom-serializer
3843 silly ADD node_modules/svgo/node_modules/css-what
3844 silly ADD node_modules/svgo/node_modules/css-select
3845 silly ADD node_modules/svg-parser
3846 silly ADD node_modules/supports-preserve-symlinks-flag
3847 silly ADD node_modules/supports-hyperlinks
3848 silly ADD node_modules/supports-hyperlinks/node_modules/supports-color
3849 silly ADD node_modules/supports-hyperlinks/node_modules/has-flag
3850 silly ADD node_modules/supports-color
3851 silly ADD node_modules/stylehacks
3852 silly ADD node_modules/style-loader
3853 silly ADD node_modules/strip-json-comments
3854 silly ADD node_modules/strip-indent
3855 silly ADD node_modules/strip-final-newline
3856 silly ADD node_modules/strip-comments
3857 silly ADD node_modules/strip-bom
3858 silly ADD node_modules/strip-ansi
3859 silly ADD node_modules/stringify-object
3860 silly ADD node_modules/string.prototype.trimstart
3861 silly ADD node_modules/string.prototype.trimend
3862 silly ADD node_modules/string.prototype.matchall
3863 silly ADD node_modules/string-width
3864 silly ADD node_modules/string-width/node_modules/emoji-regex
3865 silly ADD node_modules/string-natural-compare
3866 silly ADD node_modules/string-length
3867 silly ADD node_modules/string_decoder
3868 silly ADD node_modules/statuses
3869 silly ADD node_modules/stackframe
3870 silly ADD node_modules/stack-utils
3871 silly ADD node_modules/stack-utils/node_modules/escape-string-regexp
3872 silly ADD node_modules/stable
3873 silly ADD node_modules/sprintf-js
3874 silly ADD node_modules/spdy-transport
3875 silly ADD node_modules/spdy
3876 silly ADD node_modules/sourcemap-codec
3877 silly ADD node_modules/source-map-support
3878 silly ADD node_modules/source-map-support/node_modules/source-map
3879 silly ADD node_modules/source-map-loader
3880 silly ADD node_modules/source-map-js
3881 silly ADD node_modules/source-map
3882 silly ADD node_modules/source-list-map
3883 silly ADD node_modules/sockjs
3884 silly ADD node_modules/slash
3885 silly ADD node_modules/sisteransi
3886 silly ADD node_modules/signal-exit
3887 silly ADD node_modules/side-channel
3888 silly ADD node_modules/shell-quote
3889 silly ADD node_modules/shebang-regex
3890 silly ADD node_modules/shebang-command
3891 silly ADD node_modules/setprototypeof
3892 silly ADD node_modules/serve-static
3893 silly ADD node_modules/serve-index
3894 silly ADD node_modules/serve-index/node_modules/statuses
3895 silly ADD node_modules/serve-index/node_modules/setprototypeof
3896 silly ADD node_modules/serve-index/node_modules/ms
3897 silly ADD node_modules/serve-index/node_modules/inherits
3898 silly ADD node_modules/serve-index/node_modules/http-errors
3899 silly ADD node_modules/serve-index/node_modules/depd
3900 silly ADD node_modules/serve-index/node_modules/debug
3901 silly ADD node_modules/serialize-javascript
3902 silly ADD node_modules/send
3903 silly ADD node_modules/send/node_modules/ms
3904 silly ADD node_modules/send/node_modules/debug
3905 silly ADD node_modules/send/node_modules/debug/node_modules/ms
3906 silly ADD node_modules/semver
3907 silly ADD node_modules/selfsigned
3908 silly ADD node_modules/select-hose
3909 silly ADD node_modules/schema-utils
3910 silly ADD node_modules/scheduler
3911 silly ADD node_modules/saxes
3912 silly ADD node_modules/sax
3913 silly ADD node_modules/sass-loader
3914 silly ADD node_modules/sanitize.css
3915 silly ADD node_modules/safer-buffer
3916 silly ADD node_modules/safe-regex-test
3917 silly ADD node_modules/safe-buffer
3918 silly ADD node_modules/run-parallel
3919 silly ADD node_modules/rollup-plugin-terser
3920 silly ADD node_modules/rollup-plugin-terser/node_modules/supports-color
3921 silly ADD node_modules/rollup-plugin-terser/node_modules/serialize-javascript
3922 silly ADD node_modules/rollup-plugin-terser/node_modules/jest-worker
3923 silly ADD node_modules/rollup-plugin-terser/node_modules/has-flag
3924 silly ADD node_modules/rollup
3925 silly ADD node_modules/rimraf
3926 silly ADD node_modules/reusify
3927 silly ADD node_modules/retry
3928 silly ADD node_modules/resolve.exports
3929 silly ADD node_modules/resolve-url-loader
3930 silly ADD node_modules/resolve-url-loader/node_modules/source-map
3931 silly ADD node_modules/resolve-url-loader/node_modules/postcss
3932 silly ADD node_modules/resolve-url-loader/node_modules/picocolors
3933 silly ADD node_modules/resolve-from
3934 silly ADD node_modules/resolve-cwd
3935 silly ADD node_modules/resolve
3936 silly ADD node_modules/requires-port
3937 silly ADD node_modules/require-from-string
3938 silly ADD node_modules/require-directory
3939 silly ADD node_modules/renderkid
3940 silly ADD node_modules/relateurl
3941 silly ADD node_modules/regjsparser
3942 silly ADD node_modules/regjsparser/node_modules/jsesc
3943 silly ADD node_modules/regjsgen
3944 silly ADD node_modules/regexpu-core
3945 silly ADD node_modules/regexpp
3946 silly ADD node_modules/regexp.prototype.flags
3947 silly ADD node_modules/regex-parser
3948 silly ADD node_modules/regenerator-transform
3949 silly ADD node_modules/regenerator-runtime
3950 silly ADD node_modules/regenerate-unicode-properties
3951 silly ADD node_modules/regenerate
3952 silly ADD node_modules/redent
3953 silly ADD node_modules/recursive-readdir
3954 silly ADD node_modules/readdirp
3955 silly ADD node_modules/readable-stream
3956 silly ADD node_modules/read-cache
3957 silly ADD node_modules/reactstrap
3958 silly ADD node_modules/react-transition-group
3959 silly ADD node_modules/react-scripts
3960 silly ADD node_modules/react-refresh
3961 silly ADD node_modules/react-popper
3962 silly ADD node_modules/react-is
3963 silly ADD node_modules/react-fast-compare
3964 silly ADD node_modules/react-error-overlay
3965 silly ADD node_modules/react-dom
3966 silly ADD node_modules/react-dev-utils
3967 silly ADD node_modules/react-dev-utils/node_modules/supports-color
3968 silly ADD node_modules/react-dev-utils/node_modules/loader-utils
3969 silly ADD node_modules/react-dev-utils/node_modules/has-flag
3970 silly ADD node_modules/react-dev-utils/node_modules/escape-string-regexp
3971 silly ADD node_modules/react-dev-utils/node_modules/color-name
3972 silly ADD node_modules/react-dev-utils/node_modules/color-convert
3973 silly ADD node_modules/react-dev-utils/node_modules/chalk
3974 silly ADD node_modules/react-dev-utils/node_modules/ansi-styles
3975 silly ADD node_modules/react-app-polyfill
3976 silly ADD node_modules/react
3977 silly ADD node_modules/raw-body
3978 silly ADD node_modules/raw-body/node_modules/iconv-lite
3979 silly ADD node_modules/raw-body/node_modules/bytes
3980 silly ADD node_modules/range-parser
3981 silly ADD node_modules/randombytes
3982 silly ADD node_modules/raf
3983 silly ADD node_modules/quick-lru
3984 silly ADD node_modules/queue-microtask
3985 silly ADD node_modules/querystringify
3986 silly ADD node_modules/qs
3987 silly ADD node_modules/q
3988 silly ADD node_modules/punycode
3989 silly ADD node_modules/psl
3990 silly ADD node_modules/proxy-from-env
3991 silly ADD node_modules/proxy-addr
3992 silly ADD node_modules/proxy-addr/node_modules/ipaddr.js
3993 silly ADD node_modules/prop-types
3994 silly ADD node_modules/prop-types/node_modules/react-is
3995 silly ADD node_modules/prompts
3996 silly ADD node_modules/promise
3997 silly ADD node_modules/process-nextick-args
3998 silly ADD node_modules/pretty-format
3999 silly ADD node_modules/pretty-format/node_modules/ansi-styles
4000 silly ADD node_modules/pretty-error
4001 silly ADD node_modules/pretty-bytes
4002 silly ADD node_modules/prelude-ls
4003 silly ADD node_modules/postcss-value-parser
4004 silly ADD node_modules/postcss-unique-selectors
4005 silly ADD node_modules/postcss-svgo
4006 silly ADD node_modules/postcss-svgo/node_modules/svgo
4007 silly ADD node_modules/postcss-svgo/node_modules/source-map
4008 silly ADD node_modules/postcss-svgo/node_modules/mdn-data
4009 silly ADD node_modules/postcss-svgo/node_modules/css-tree
4010 silly ADD node_modules/postcss-svgo/node_modules/commander
4011 silly ADD node_modules/postcss-selector-parser
4012 silly ADD node_modules/postcss-selector-not
4013 silly ADD node_modules/postcss-replace-overflow-wrap
4014 silly ADD node_modules/postcss-reduce-transforms
4015 silly ADD node_modules/postcss-reduce-initial
4016 silly ADD node_modules/postcss-pseudo-class-any-link
4017 silly ADD node_modules/postcss-preset-env
4018 silly ADD node_modules/postcss-place
4019 silly ADD node_modules/postcss-page-break
4020 silly ADD node_modules/postcss-overflow-shorthand
4021 silly ADD node_modules/postcss-ordered-values
4022 silly ADD node_modules/postcss-opacity-percentage
4023 silly ADD node_modules/postcss-normalize-whitespace
4024 silly ADD node_modules/postcss-normalize-url
4025 silly ADD node_modules/postcss-normalize-unicode
4026 silly ADD node_modules/postcss-normalize-timing-functions
4027 silly ADD node_modules/postcss-normalize-string
4028 silly ADD node_modules/postcss-normalize-repeat-style
4029 silly ADD node_modules/postcss-normalize-positions
4030 silly ADD node_modules/postcss-normalize-display-values
4031 silly ADD node_modules/postcss-normalize-charset
4032 silly ADD node_modules/postcss-normalize
4033 silly ADD node_modules/postcss-nesting
4034 silly ADD node_modules/postcss-nested
4035 silly ADD node_modules/postcss-modules-values
4036 silly ADD node_modules/postcss-modules-scope
4037 silly ADD node_modules/postcss-modules-local-by-default
4038 silly ADD node_modules/postcss-modules-extract-imports
4039 silly ADD node_modules/postcss-minify-selectors
4040 silly ADD node_modules/postcss-minify-params
4041 silly ADD node_modules/postcss-minify-gradients
4042 silly ADD node_modules/postcss-minify-font-values
4043 silly ADD node_modules/postcss-merge-rules
4044 silly ADD node_modules/postcss-merge-longhand
4045 silly ADD node_modules/postcss-media-minmax
4046 silly ADD node_modules/postcss-logical
4047 silly ADD node_modules/postcss-loader
4048 silly ADD node_modules/postcss-load-config
4049 silly ADD node_modules/postcss-lab-function
4050 silly ADD node_modules/postcss-js
4051 silly ADD node_modules/postcss-initial
4052 silly ADD node_modules/postcss-import
4053 silly ADD node_modules/postcss-image-set-function
4054 silly ADD node_modules/postcss-gap-properties
4055 silly ADD node_modules/postcss-font-variant
4056 silly ADD node_modules/postcss-focus-within
4057 silly ADD node_modules/postcss-focus-visible
4058 silly ADD node_modules/postcss-flexbugs-fixes
4059 silly ADD node_modules/postcss-env-function
4060 silly ADD node_modules/postcss-double-position-gradients
4061 silly ADD node_modules/postcss-discard-overridden
4062 silly ADD node_modules/postcss-discard-empty
4063 silly ADD node_modules/postcss-discard-duplicates
4064 silly ADD node_modules/postcss-discard-comments
4065 silly ADD node_modules/postcss-dir-pseudo-class
4066 silly ADD node_modules/postcss-custom-selectors
4067 silly ADD node_modules/postcss-custom-properties
4068 silly ADD node_modules/postcss-custom-media
4069 silly ADD node_modules/postcss-convert-values
4070 silly ADD node_modules/postcss-colormin
4071 silly ADD node_modules/postcss-color-rebeccapurple
4072 silly ADD node_modules/postcss-color-hex-alpha
4073 silly ADD node_modules/postcss-color-functional-notation
4074 silly ADD node_modules/postcss-clamp
4075 silly ADD node_modules/postcss-calc
4076 silly ADD node_modules/postcss-browser-comments
4077 silly ADD node_modules/postcss-attribute-case-insensitive
4078 silly ADD node_modules/postcss
4079 silly ADD node_modules/pkg-up
4080 silly ADD node_modules/pkg-up/node_modules/path-exists
4081 silly ADD node_modules/pkg-up/node_modules/p-locate
4082 silly ADD node_modules/pkg-up/node_modules/p-limit
4083 silly ADD node_modules/pkg-up/node_modules/locate-path
4084 silly ADD node_modules/pkg-up/node_modules/find-up
4085 silly ADD node_modules/pkg-dir
4086 silly ADD node_modules/pkg-dir/node_modules/p-locate
4087 silly ADD node_modules/pkg-dir/node_modules/p-limit
4088 silly ADD node_modules/pkg-dir/node_modules/locate-path
4089 silly ADD node_modules/pkg-dir/node_modules/find-up
4090 silly ADD node_modules/pirates
4091 silly ADD node_modules/pify
4092 silly ADD node_modules/picomatch
4093 silly ADD node_modules/picocolors
4094 silly ADD node_modules/performance-now
4095 silly ADD node_modules/path-type
4096 silly ADD node_modules/path-to-regexp
4097 silly ADD node_modules/path-parse
4098 silly ADD node_modules/path-key
4099 silly ADD node_modules/path-is-absolute
4100 silly ADD node_modules/path-exists
4101 silly ADD node_modules/pascal-case
4102 silly ADD node_modules/parseurl
4103 silly ADD node_modules/parse5
4104 silly ADD node_modules/parse-json
4105 silly ADD node_modules/parent-module
4106 silly ADD node_modules/param-case
4107 silly ADD node_modules/p-try
4108 silly ADD node_modules/p-retry
4109 silly ADD node_modules/p-locate
4110 silly ADD node_modules/p-limit
4111 silly ADD node_modules/optionator
4112 silly ADD node_modules/open
4113 silly ADD node_modules/onetime
4114 silly ADD node_modules/once
4115 silly ADD node_modules/on-headers
4116 silly ADD node_modules/on-finished
4117 silly ADD node_modules/obuf
4118 silly ADD node_modules/object.values
4119 silly ADD node_modules/object.hasown
4120 silly ADD node_modules/object.getownpropertydescriptors
4121 silly ADD node_modules/object.fromentries
4122 silly ADD node_modules/object.entries
4123 silly ADD node_modules/object.assign
4124 silly ADD node_modules/object-keys
4125 silly ADD node_modules/object-is
4126 silly ADD node_modules/object-inspect
4127 silly ADD node_modules/object-hash
4128 silly ADD node_modules/object-assign
4129 silly ADD node_modules/nwsapi
4130 silly ADD node_modules/nth-check
4131 silly ADD node_modules/npm-run-path
4132 silly ADD node_modules/normalize-url
4133 silly ADD node_modules/normalize-range
4134 silly ADD node_modules/normalize-path
4135 silly ADD node_modules/node-releases
4136 silly ADD node_modules/node-int64
4137 silly ADD node_modules/node-forge
4138 silly ADD node_modules/no-case
4139 silly ADD node_modules/neo-async
4140 silly ADD node_modules/negotiator
4141 silly ADD node_modules/natural-compare-lite
4142 silly ADD node_modules/natural-compare
4143 silly ADD node_modules/nanoid
4144 silly ADD node_modules/multicast-dns
4145 silly ADD node_modules/ms
4146 silly ADD node_modules/mkdirp
4147 silly ADD node_modules/minimist
4148 silly ADD node_modules/minimatch
4149 silly ADD node_modules/minimalistic-assert
4150 silly ADD node_modules/mini-css-extract-plugin
4151 silly ADD node_modules/mini-css-extract-plugin/node_modules/schema-utils
4152 silly ADD node_modules/mini-css-extract-plugin/node_modules/json-schema-traverse
4153 silly ADD node_modules/mini-css-extract-plugin/node_modules/ajv-keywords
4154 silly ADD node_modules/mini-css-extract-plugin/node_modules/ajv
4155 silly ADD node_modules/min-indent
4156 silly ADD node_modules/mimic-fn
4157 silly ADD node_modules/mime-types
4158 silly ADD node_modules/mime-db
4159 silly ADD node_modules/mime
4160 silly ADD node_modules/micromatch
4161 silly ADD node_modules/methods
4162 silly ADD node_modules/merge2
4163 silly ADD node_modules/merge-stream
4164 silly ADD node_modules/merge-descriptors
4165 silly ADD node_modules/memfs
4166 silly ADD node_modules/media-typer
4167 silly ADD node_modules/mdn-data
4168 silly ADD node_modules/makeerror
4169 silly ADD node_modules/make-dir
4170 silly ADD node_modules/make-dir/node_modules/semver
4171 silly ADD node_modules/magic-string
4172 silly ADD node_modules/lz-string
4173 silly ADD node_modules/lru-cache
4174 silly ADD node_modules/lower-case
4175 silly ADD node_modules/loose-envify
4176 silly ADD node_modules/lodash.uniq
4177 silly ADD node_modules/lodash.sortby
4178 silly ADD node_modules/lodash.merge
4179 silly ADD node_modules/lodash.memoize
4180 silly ADD node_modules/lodash.debounce
4181 silly ADD node_modules/lodash
4182 silly ADD node_modules/locate-path
4183 silly ADD node_modules/loader-utils
4184 silly ADD node_modules/loader-runner
4185 silly ADD node_modules/lines-and-columns
4186 silly ADD node_modules/lilconfig
4187 silly ADD node_modules/levn
4188 silly ADD node_modules/leven
4189 silly ADD node_modules/language-tags
4190 silly ADD node_modules/language-subtag-registry
4191 silly ADD node_modules/klona
4192 silly ADD node_modules/kleur
4193 silly ADD node_modules/kind-of
4194 silly ADD node_modules/jsx-ast-utils
4195 silly ADD node_modules/jsonpointer
4196 silly ADD node_modules/jsonfile
4197 silly ADD node_modules/json5
4198 silly ADD node_modules/json-stable-stringify-without-jsonify
4199 silly ADD node_modules/json-schema-traverse
4200 silly ADD node_modules/json-schema
4201 silly ADD node_modules/json-parse-even-better-errors
4202 silly ADD node_modules/jsesc
4203 silly ADD node_modules/jsdom
4204 silly ADD node_modules/js-yaml
4205 silly ADD node_modules/js-tokens
4206 silly ADD node_modules/js-sdsl
4207 silly ADD node_modules/jest-worker
4208 silly ADD node_modules/jest-worker/node_modules/supports-color
4209 silly ADD node_modules/jest-worker/node_modules/has-flag
4210 silly ADD node_modules/jest-watcher
4211 silly ADD node_modules/jest-watcher/node_modules/supports-color
4212 silly ADD node_modules/jest-watcher/node_modules/has-flag
4213 silly ADD node_modules/jest-watcher/node_modules/color-name
4214 silly ADD node_modules/jest-watcher/node_modules/color-convert
4215 silly ADD node_modules/jest-watcher/node_modules/chalk
4216 silly ADD node_modules/jest-watcher/node_modules/ansi-styles
4217 silly ADD node_modules/jest-watch-typeahead
4218 silly ADD node_modules/jest-watch-typeahead/node_modules/supports-color
4219 silly ADD node_modules/jest-watch-typeahead/node_modules/strip-ansi
4220 silly ADD node_modules/jest-watch-typeahead/node_modules/strip-ansi/node_modules/ansi-regex
4221 silly ADD node_modules/jest-watch-typeahead/node_modules/string-length
4222 silly ADD node_modules/jest-watch-typeahead/node_modules/string-length/node_modules/char-regex
4223 silly ADD node_modules/jest-watch-typeahead/node_modules/slash
4224 silly ADD node_modules/jest-watch-typeahead/node_modules/react-is
4225 silly ADD node_modules/jest-watch-typeahead/node_modules/pretty-format
4226 silly ADD node_modules/jest-watch-typeahead/node_modules/pretty-format/node_modules/ansi-styles
4227 silly ADD node_modules/jest-watch-typeahead/node_modules/jest-watcher
4228 silly ADD node_modules/jest-watch-typeahead/node_modules/jest-watcher/node_modules/strip-ansi
4229 silly ADD node_modules/jest-watch-typeahead/node_modules/jest-watcher/node_modules/string-length
4230 silly ADD node_modules/jest-watch-typeahead/node_modules/jest-util
4231 silly ADD node_modules/jest-watch-typeahead/node_modules/jest-regex-util
4232 silly ADD node_modules/jest-watch-typeahead/node_modules/jest-message-util
4233 silly ADD node_modules/jest-watch-typeahead/node_modules/jest-message-util/node_modules/slash
4234 silly ADD node_modules/jest-watch-typeahead/node_modules/has-flag
4235 silly ADD node_modules/jest-watch-typeahead/node_modules/emittery
4236 silly ADD node_modules/jest-watch-typeahead/node_modules/color-name
4237 silly ADD node_modules/jest-watch-typeahead/node_modules/color-convert
4238 silly ADD node_modules/jest-watch-typeahead/node_modules/chalk
4239 silly ADD node_modules/jest-watch-typeahead/node_modules/ansi-styles
4240 silly ADD node_modules/jest-watch-typeahead/node_modules/@types/yargs
4241 silly ADD node_modules/jest-watch-typeahead/node_modules/@jest/types
4242 silly ADD node_modules/jest-watch-typeahead/node_modules/@jest/test-result
4243 silly ADD node_modules/jest-watch-typeahead/node_modules/@jest/console
4244 silly ADD node_modules/jest-watch-typeahead/node_modules/@jest/console/node_modules/slash
4245 silly ADD node_modules/jest-validate
4246 silly ADD node_modules/jest-validate/node_modules/supports-color
4247 silly ADD node_modules/jest-validate/node_modules/has-flag
4248 silly ADD node_modules/jest-validate/node_modules/color-name
4249 silly ADD node_modules/jest-validate/node_modules/color-convert
4250 silly ADD node_modules/jest-validate/node_modules/chalk
4251 silly ADD node_modules/jest-validate/node_modules/ansi-styles
4252 silly ADD node_modules/jest-util
4253 silly ADD node_modules/jest-util/node_modules/supports-color
4254 silly ADD node_modules/jest-util/node_modules/has-flag
4255 silly ADD node_modules/jest-util/node_modules/color-name
4256 silly ADD node_modules/jest-util/node_modules/color-convert
4257 silly ADD node_modules/jest-util/node_modules/chalk
4258 silly ADD node_modules/jest-util/node_modules/ansi-styles
4259 silly ADD node_modules/jest-snapshot
4260 silly ADD node_modules/jest-snapshot/node_modules/supports-color
4261 silly ADD node_modules/jest-snapshot/node_modules/has-flag
4262 silly ADD node_modules/jest-snapshot/node_modules/color-name
4263 silly ADD node_modules/jest-snapshot/node_modules/color-convert
4264 silly ADD node_modules/jest-snapshot/node_modules/chalk
4265 silly ADD node_modules/jest-snapshot/node_modules/ansi-styles
4266 silly ADD node_modules/jest-serializer
4267 silly ADD node_modules/jest-runtime
4268 silly ADD node_modules/jest-runtime/node_modules/supports-color
4269 silly ADD node_modules/jest-runtime/node_modules/has-flag
4270 silly ADD node_modules/jest-runtime/node_modules/color-name
4271 silly ADD node_modules/jest-runtime/node_modules/color-convert
4272 silly ADD node_modules/jest-runtime/node_modules/chalk
4273 silly ADD node_modules/jest-runtime/node_modules/ansi-styles
4274 silly ADD node_modules/jest-runner
4275 silly ADD node_modules/jest-runner/node_modules/supports-color
4276 silly ADD node_modules/jest-runner/node_modules/has-flag
4277 silly ADD node_modules/jest-runner/node_modules/color-name
4278 silly ADD node_modules/jest-runner/node_modules/color-convert
4279 silly ADD node_modules/jest-runner/node_modules/chalk
4280 silly ADD node_modules/jest-runner/node_modules/ansi-styles
4281 silly ADD node_modules/jest-resolve-dependencies
4282 silly ADD node_modules/jest-resolve
4283 silly ADD node_modules/jest-resolve/node_modules/supports-color
4284 silly ADD node_modules/jest-resolve/node_modules/has-flag
4285 silly ADD node_modules/jest-resolve/node_modules/color-name
4286 silly ADD node_modules/jest-resolve/node_modules/color-convert
4287 silly ADD node_modules/jest-resolve/node_modules/chalk
4288 silly ADD node_modules/jest-resolve/node_modules/ansi-styles
4289 silly ADD node_modules/jest-regex-util
4290 silly ADD node_modules/jest-pnp-resolver
4291 silly ADD node_modules/jest-mock
4292 silly ADD node_modules/jest-message-util
4293 silly ADD node_modules/jest-message-util/node_modules/supports-color
4294 silly ADD node_modules/jest-message-util/node_modules/has-flag
4295 silly ADD node_modules/jest-message-util/node_modules/color-name
4296 silly ADD node_modules/jest-message-util/node_modules/color-convert
4297 silly ADD node_modules/jest-message-util/node_modules/chalk
4298 silly ADD node_modules/jest-message-util/node_modules/ansi-styles
4299 silly ADD node_modules/jest-matcher-utils
4300 silly ADD node_modules/jest-matcher-utils/node_modules/supports-color
4301 silly ADD node_modules/jest-matcher-utils/node_modules/has-flag
4302 silly ADD node_modules/jest-matcher-utils/node_modules/color-name
4303 silly ADD node_modules/jest-matcher-utils/node_modules/color-convert
4304 silly ADD node_modules/jest-matcher-utils/node_modules/chalk
4305 silly ADD node_modules/jest-matcher-utils/node_modules/ansi-styles
4306 silly ADD node_modules/jest-leak-detector
4307 silly ADD node_modules/jest-jasmine2
4308 silly ADD node_modules/jest-jasmine2/node_modules/supports-color
4309 silly ADD node_modules/jest-jasmine2/node_modules/has-flag
4310 silly ADD node_modules/jest-jasmine2/node_modules/color-name
4311 silly ADD node_modules/jest-jasmine2/node_modules/color-convert
4312 silly ADD node_modules/jest-jasmine2/node_modules/chalk
4313 silly ADD node_modules/jest-jasmine2/node_modules/ansi-styles
4314 silly ADD node_modules/jest-haste-map
4315 silly ADD node_modules/jest-get-type
4316 silly ADD node_modules/jest-environment-node
4317 silly ADD node_modules/jest-environment-jsdom
4318 silly ADD node_modules/jest-each
4319 silly ADD node_modules/jest-each/node_modules/supports-color
4320 silly ADD node_modules/jest-each/node_modules/has-flag
4321 silly ADD node_modules/jest-each/node_modules/color-name
4322 silly ADD node_modules/jest-each/node_modules/color-convert
4323 silly ADD node_modules/jest-each/node_modules/chalk
4324 silly ADD node_modules/jest-each/node_modules/ansi-styles
4325 silly ADD node_modules/jest-docblock
4326 silly ADD node_modules/jest-diff
4327 silly ADD node_modules/jest-diff/node_modules/supports-color
4328 silly ADD node_modules/jest-diff/node_modules/has-flag
4329 silly ADD node_modules/jest-diff/node_modules/color-name
4330 silly ADD node_modules/jest-diff/node_modules/color-convert
4331 silly ADD node_modules/jest-diff/node_modules/chalk
4332 silly ADD node_modules/jest-diff/node_modules/ansi-styles
4333 silly ADD node_modules/jest-config
4334 silly ADD node_modules/jest-config/node_modules/supports-color
4335 silly ADD node_modules/jest-config/node_modules/has-flag
4336 silly ADD node_modules/jest-config/node_modules/color-name
4337 silly ADD node_modules/jest-config/node_modules/color-convert
4338 silly ADD node_modules/jest-config/node_modules/chalk
4339 silly ADD node_modules/jest-config/node_modules/ansi-styles
4340 silly ADD node_modules/jest-cli
4341 silly ADD node_modules/jest-cli/node_modules/supports-color
4342 silly ADD node_modules/jest-cli/node_modules/has-flag
4343 silly ADD node_modules/jest-cli/node_modules/color-name
4344 silly ADD node_modules/jest-cli/node_modules/color-convert
4345 silly ADD node_modules/jest-cli/node_modules/chalk
4346 silly ADD node_modules/jest-cli/node_modules/ansi-styles
4347 silly ADD node_modules/jest-circus
4348 silly ADD node_modules/jest-circus/node_modules/supports-color
4349 silly ADD node_modules/jest-circus/node_modules/has-flag
4350 silly ADD node_modules/jest-circus/node_modules/color-name
4351 silly ADD node_modules/jest-circus/node_modules/color-convert
4352 silly ADD node_modules/jest-circus/node_modules/chalk
4353 silly ADD node_modules/jest-circus/node_modules/ansi-styles
4354 silly ADD node_modules/jest-changed-files
4355 silly ADD node_modules/jest
4356 silly ADD node_modules/jake
4357 silly ADD node_modules/jake/node_modules/supports-color
4358 silly ADD node_modules/jake/node_modules/has-flag
4359 silly ADD node_modules/jake/node_modules/color-name
4360 silly ADD node_modules/jake/node_modules/color-convert
4361 silly ADD node_modules/jake/node_modules/chalk
4362 silly ADD node_modules/jake/node_modules/ansi-styles
4363 silly ADD node_modules/istanbul-reports
4364 silly ADD node_modules/istanbul-lib-source-maps
4365 silly ADD node_modules/istanbul-lib-source-maps/node_modules/source-map
4366 silly ADD node_modules/istanbul-lib-report
4367 silly ADD node_modules/istanbul-lib-report/node_modules/supports-color
4368 silly ADD node_modules/istanbul-lib-report/node_modules/has-flag
4369 silly ADD node_modules/istanbul-lib-instrument
4370 silly ADD node_modules/istanbul-lib-instrument/node_modules/semver
4371 silly ADD node_modules/istanbul-lib-coverage
4372 silly ADD node_modules/isexe
4373 silly ADD node_modules/isarray
4374 silly ADD node_modules/is-wsl
4375 silly ADD node_modules/is-weakset
4376 silly ADD node_modules/is-weakref
4377 silly ADD node_modules/is-weakmap
4378 silly ADD node_modules/is-typedarray
4379 silly ADD node_modules/is-typed-array
4380 silly ADD node_modules/is-symbol
4381 silly ADD node_modules/is-string
4382 silly ADD node_modules/is-stream
4383 silly ADD node_modules/is-shared-array-buffer
4384 silly ADD node_modules/is-set
4385 silly ADD node_modules/is-root
4386 silly ADD node_modules/is-regexp
4387 silly ADD node_modules/is-regex
4388 silly ADD node_modules/is-potential-custom-element-name
4389 silly ADD node_modules/is-plain-obj
4390 silly ADD node_modules/is-path-inside
4391 silly ADD node_modules/is-obj
4392 silly ADD node_modules/is-number-object
4393 silly ADD node_modules/is-number
4394 silly ADD node_modules/is-negative-zero
4395 silly ADD node_modules/is-module
4396 silly ADD node_modules/is-map
4397 silly ADD node_modules/is-glob
4398 silly ADD node_modules/is-generator-fn
4399 silly ADD node_modules/is-fullwidth-code-point
4400 silly ADD node_modules/is-extglob
4401 silly ADD node_modules/is-docker
4402 silly ADD node_modules/is-date-object
4403 silly ADD node_modules/is-core-module
4404 silly ADD node_modules/is-callable
4405 silly ADD node_modules/is-boolean-object
4406 silly ADD node_modules/is-binary-path
4407 silly ADD node_modules/is-bigint
4408 silly ADD node_modules/is-arrayish
4409 silly ADD node_modules/is-arguments
4410 silly ADD node_modules/ipaddr.js
4411 silly ADD node_modules/internal-slot
4412 silly ADD node_modules/ini
4413 silly ADD node_modules/inherits
4414 silly ADD node_modules/inflight
4415 silly ADD node_modules/indent-string
4416 silly ADD node_modules/imurmurhash
4417 silly ADD node_modules/import-local
4418 silly ADD node_modules/import-fresh
4419 silly ADD node_modules/import-fresh/node_modules/resolve-from
4420 silly ADD node_modules/immer
4421 silly ADD node_modules/ignore
4422 silly ADD node_modules/identity-obj-proxy
4423 silly ADD node_modules/idb
4424 silly ADD node_modules/icss-utils
4425 silly ADD node_modules/iconv-lite
4426 silly ADD node_modules/human-signals
4427 silly ADD node_modules/https-proxy-agent
4428 silly ADD node_modules/http-proxy-middleware
4429 silly ADD node_modules/http-proxy-agent
4430 silly ADD node_modules/http-proxy
4431 silly ADD node_modules/http-parser-js
4432 silly ADD node_modules/http-errors
4433 silly ADD node_modules/http-deceiver
4434 silly ADD node_modules/htmlparser2
4435 silly ADD node_modules/html-webpack-plugin
4436 silly ADD node_modules/html-minifier-terser
4437 silly ADD node_modules/html-escaper
4438 silly ADD node_modules/html-entities
4439 silly ADD node_modules/html-encoding-sniffer
4440 silly ADD node_modules/hpack.js
4441 silly ADD node_modules/hpack.js/node_modules/string_decoder
4442 silly ADD node_modules/hpack.js/node_modules/safe-buffer
4443 silly ADD node_modules/hpack.js/node_modules/readable-stream
4444 silly ADD node_modules/hoopy
4445 silly ADD node_modules/he
4446 silly ADD node_modules/has-tostringtag
4447 silly ADD node_modules/has-symbols
4448 silly ADD node_modules/has-property-descriptors
4449 silly ADD node_modules/has-flag
4450 silly ADD node_modules/has-bigints
4451 silly ADD node_modules/has
4452 silly ADD node_modules/harmony-reflect
4453 silly ADD node_modules/handle-thing
4454 silly ADD node_modules/gzip-size
4455 silly ADD node_modules/grapheme-splitter
4456 silly ADD node_modules/graceful-fs
4457 silly ADD node_modules/gopd
4458 silly ADD node_modules/globby
4459 silly ADD node_modules/globals
4460 silly ADD node_modules/global-prefix
4461 silly ADD node_modules/global-prefix/node_modules/which
4462 silly ADD node_modules/global-modules
4463 silly ADD node_modules/glob-to-regexp
4464 silly ADD node_modules/glob-parent
4465 silly ADD node_modules/glob
4466 silly ADD node_modules/get-symbol-description
4467 silly ADD node_modules/get-stream
4468 silly ADD node_modules/get-package-type
4469 silly ADD node_modules/get-own-enumerable-property-symbols
4470 silly ADD node_modules/get-intrinsic
4471 silly ADD node_modules/get-caller-file
4472 silly ADD node_modules/gensync
4473 silly ADD node_modules/functions-have-names
4474 silly ADD node_modules/function.prototype.name
4475 silly ADD node_modules/function-bind
4476 silly ADD
4477 silly ADD node_modules/fs.realpath
4478 silly ADD node_modules/fs-monkey
4479 silly ADD node_modules/fs-extra
4480 silly ADD node_modules/fresh
4481 silly ADD node_modules/fraction.js
4482 silly ADD node_modules/forwarded
4483 silly ADD node_modules/form-data
4484 silly ADD node_modules/fork-ts-checker-webpack-plugin
4485 silly ADD node_modules/fork-ts-checker-webpack-plugin/node_modules/tapable
4486 silly ADD node_modules/fork-ts-checker-webpack-plugin/node_modules/supports-color
4487 silly ADD node_modules/fork-ts-checker-webpack-plugin/node_modules/schema-utils
4488 silly ADD node_modules/fork-ts-checker-webpack-plugin/node_modules/has-flag
4489 silly ADD node_modules/fork-ts-checker-webpack-plugin/node_modules/fs-extra
4490 silly ADD node_modules/fork-ts-checker-webpack-plugin/node_modules/cosmiconfig
4491 silly ADD node_modules/fork-ts-checker-webpack-plugin/node_modules/color-name
4492 silly ADD node_modules/fork-ts-checker-webpack-plugin/node_modules/color-convert
4493 silly ADD node_modules/fork-ts-checker-webpack-plugin/node_modules/chalk
4494 silly ADD node_modules/fork-ts-checker-webpack-plugin/node_modules/ansi-styles
4495 silly ADD node_modules/for-each
4496 silly ADD node_modules/follow-redirects
4497 silly ADD node_modules/flatted
4498 silly ADD node_modules/flat-cache
4499 silly ADD node_modules/find-up
4500 silly ADD node_modules/find-cache-dir
4501 silly ADD node_modules/finalhandler
4502 silly ADD node_modules/finalhandler/node_modules/ms
4503 silly ADD node_modules/finalhandler/node_modules/debug
4504 silly ADD node_modules/fill-range
4505 silly ADD node_modules/filesize
4506 silly ADD node_modules/filelist
4507 silly ADD node_modules/filelist/node_modules/minimatch
4508 silly ADD node_modules/filelist/node_modules/brace-expansion
4509 silly ADD node_modules/file-loader
4510 silly ADD node_modules/file-entry-cache
4511 silly ADD node_modules/fb-watchman
4512 silly ADD node_modules/faye-websocket
4513 silly ADD node_modules/fastq
4514 silly ADD node_modules/fast-levenshtein
4515 silly ADD node_modules/fast-json-stable-stringify
4516 silly ADD node_modules/fast-glob
4517 silly ADD node_modules/fast-glob/node_modules/glob-parent
4518 silly ADD node_modules/fast-deep-equal
4519 silly ADD node_modules/express
4520 silly ADD node_modules/express/node_modules/ms
4521 silly ADD node_modules/express/node_modules/debug
4522 silly ADD node_modules/express/node_modules/array-flatten
4523 silly ADD node_modules/expect
4524 silly ADD node_modules/exit
4525 silly ADD node_modules/execa
4526 silly ADD node_modules/events
4527 silly ADD node_modules/eventemitter3
4528 silly ADD node_modules/etag
4529 silly ADD node_modules/esutils
4530 silly ADD node_modules/estree-walker
4531 silly ADD node_modules/estraverse
4532 silly ADD node_modules/esrecurse
4533 silly ADD node_modules/esquery
4534 silly ADD node_modules/esprima
4535 silly ADD node_modules/espree
4536 silly ADD node_modules/eslint-webpack-plugin
4537 silly ADD node_modules/eslint-webpack-plugin/node_modules/supports-color
4538 silly ADD node_modules/eslint-webpack-plugin/node_modules/schema-utils
4539 silly ADD node_modules/eslint-webpack-plugin/node_modules/json-schema-traverse
4540 silly ADD node_modules/eslint-webpack-plugin/node_modules/jest-worker
4541 silly ADD node_modules/eslint-webpack-plugin/node_modules/has-flag
4542 silly ADD node_modules/eslint-webpack-plugin/node_modules/ajv-keywords
4543 silly ADD node_modules/eslint-webpack-plugin/node_modules/ajv
4544 silly ADD node_modules/eslint-visitor-keys
4545 silly ADD node_modules/eslint-utils
4546 silly ADD node_modules/eslint-utils/node_modules/eslint-visitor-keys
4547 silly ADD node_modules/eslint-scope
4548 silly ADD node_modules/eslint-plugin-testing-library
4549 silly ADD node_modules/eslint-plugin-react-hooks
4550 silly ADD node_modules/eslint-plugin-react
4551 silly ADD node_modules/eslint-plugin-react/node_modules/semver
4552 silly ADD node_modules/eslint-plugin-react/node_modules/resolve
4553 silly ADD node_modules/eslint-plugin-react/node_modules/doctrine
4554 silly ADD node_modules/eslint-plugin-jsx-a11y
4555 silly ADD node_modules/eslint-plugin-jsx-a11y/node_modules/semver
4556 silly ADD node_modules/eslint-plugin-jest
4557 silly ADD node_modules/eslint-plugin-import
4558 silly ADD node_modules/eslint-plugin-import/node_modules/ms
4559 silly ADD node_modules/eslint-plugin-import/node_modules/doctrine
4560 silly ADD node_modules/eslint-plugin-import/node_modules/debug
4561 silly ADD node_modules/eslint-plugin-flowtype
4562 silly ADD node_modules/eslint-module-utils
4563 silly ADD node_modules/eslint-module-utils/node_modules/debug
4564 silly ADD node_modules/eslint-import-resolver-node
4565 silly ADD node_modules/eslint-import-resolver-node/node_modules/debug
4566 silly ADD node_modules/eslint-config-react-app
4567 silly ADD node_modules/eslint
4568 silly ADD node_modules/eslint/node_modules/type-fest
4569 silly ADD node_modules/eslint/node_modules/supports-color
4570 silly ADD node_modules/eslint/node_modules/js-yaml
4571 silly ADD node_modules/eslint/node_modules/has-flag
4572 silly ADD node_modules/eslint/node_modules/globals
4573 silly ADD node_modules/eslint/node_modules/escape-string-regexp
4574 silly ADD node_modules/eslint/node_modules/color-name
4575 silly ADD node_modules/eslint/node_modules/color-convert
4576 silly ADD node_modules/eslint/node_modules/chalk
4577 silly ADD node_modules/eslint/node_modules/argparse
4578 silly ADD node_modules/eslint/node_modules/ansi-styles
4579 silly ADD node_modules/escodegen
4580 silly ADD node_modules/escodegen/node_modules/type-check
4581 silly ADD node_modules/escodegen/node_modules/source-map
4582 silly ADD node_modules/escodegen/node_modules/prelude-ls
4583 silly ADD node_modules/escodegen/node_modules/optionator
4584 silly ADD node_modules/escodegen/node_modules/levn
4585 silly ADD node_modules/escape-string-regexp
4586 silly ADD node_modules/escape-html
4587 silly ADD node_modules/escalade
4588 silly ADD node_modules/es-to-primitive
4589 silly ADD node_modules/es-shim-unscopables
4590 silly ADD node_modules/es-module-lexer
4591 silly ADD node_modules/es-get-iterator
4592 silly ADD node_modules/es-get-iterator/node_modules/isarray
4593 silly ADD node_modules/es-array-method-boxes-properly
4594 silly ADD node_modules/es-abstract
4595 silly ADD node_modules/error-stack-parser
4596 silly ADD node_modules/error-ex
4597 silly ADD node_modules/entities
4598 silly ADD node_modules/enhanced-resolve
4599 silly ADD node_modules/encodeurl
4600 silly ADD node_modules/emojis-list
4601 silly ADD node_modules/emoji-regex
4602 silly ADD node_modules/emittery
4603 silly ADD node_modules/electron-to-chromium
4604 silly ADD node_modules/ejs
4605 silly ADD node_modules/ee-first
4606 silly ADD node_modules/duplexer
4607 silly ADD node_modules/dotenv-expand
4608 silly ADD node_modules/dotenv
4609 silly ADD node_modules/dot-case
4610 silly ADD node_modules/domutils
4611 silly ADD node_modules/domhandler
4612 silly ADD node_modules/domexception
4613 silly ADD node_modules/domexception/node_modules/webidl-conversions
4614 silly ADD node_modules/domelementtype
4615 silly ADD node_modules/dom-serializer
4616 silly ADD node_modules/dom-helpers
4617 silly ADD node_modules/dom-converter
4618 silly ADD node_modules/dom-accessibility-api
4619 silly ADD node_modules/doctrine
4620 silly ADD node_modules/dns-packet
4621 silly ADD node_modules/dns-equal
4622 silly ADD node_modules/dlv
4623 silly ADD node_modules/dir-glob
4624 silly ADD node_modules/diff-sequences
4625 silly ADD node_modules/didyoumean
4626 silly ADD node_modules/detective
4627 silly ADD node_modules/detect-port-alt
4628 silly ADD node_modules/detect-port-alt/node_modules/ms
4629 silly ADD node_modules/detect-port-alt/node_modules/debug
4630 silly ADD node_modules/detect-node
4631 silly ADD node_modules/detect-newline
4632 silly ADD node_modules/destroy
4633 silly ADD node_modules/depd
4634 silly ADD node_modules/delayed-stream
4635 silly ADD node_modules/defined
4636 silly ADD node_modules/define-properties
4637 silly ADD node_modules/define-lazy-prop
4638 silly ADD node_modules/default-gateway
4639 silly ADD node_modules/deepmerge
4640 silly ADD node_modules/deep-is
4641 silly ADD node_modules/deep-equal
4642 silly ADD node_modules/deep-equal/node_modules/isarray
4643 silly ADD node_modules/dedent
4644 silly ADD node_modules/decimal.js
4645 silly ADD node_modules/debug
4646 silly ADD node_modules/data-urls
4647 silly ADD node_modules/damerau-levenshtein
4648 silly ADD node_modules/csstype
4649 silly ADD node_modules/cssstyle
4650 silly ADD node_modules/cssstyle/node_modules/cssom
4651 silly ADD node_modules/cssom
4652 silly ADD node_modules/csso
4653 silly ADD node_modules/csso/node_modules/source-map
4654 silly ADD node_modules/csso/node_modules/mdn-data
4655 silly ADD node_modules/csso/node_modules/css-tree
4656 silly ADD node_modules/cssnano-utils
4657 silly ADD node_modules/cssnano-preset-default
4658 silly ADD node_modules/cssnano
4659 silly ADD node_modules/cssesc
4660 silly ADD node_modules/cssdb
4661 silly ADD node_modules/css.escape
4662 silly ADD node_modules/css-what
4663 silly ADD node_modules/css-tree
4664 silly ADD node_modules/css-tree/node_modules/source-map
4665 silly ADD node_modules/css-select-base-adapter
4666 silly ADD node_modules/css-select
4667 silly ADD node_modules/css-prefers-color-scheme
4668 silly ADD node_modules/css-minimizer-webpack-plugin
4669 silly ADD node_modules/css-minimizer-webpack-plugin/node_modules/source-map
4670 silly ADD node_modules/css-minimizer-webpack-plugin/node_modules/schema-utils
4671 silly ADD node_modules/css-minimizer-webpack-plugin/node_modules/json-schema-traverse
4672 silly ADD node_modules/css-minimizer-webpack-plugin/node_modules/ajv-keywords
4673 silly ADD node_modules/css-minimizer-webpack-plugin/node_modules/ajv
4674 silly ADD node_modules/css-loader
4675 silly ADD node_modules/css-has-pseudo
4676 silly ADD node_modules/css-declaration-sorter
4677 silly ADD node_modules/css-blank-pseudo
4678 silly ADD node_modules/crypto-random-string
4679 silly ADD node_modules/cross-spawn
4680 silly ADD node_modules/cosmiconfig
4681 silly ADD node_modules/core-util-is
4682 silly ADD node_modules/core-js-pure
4683 silly ADD node_modules/core-js-compat
4684 silly ADD node_modules/core-js
4685 silly ADD node_modules/cookie-signature
4686 silly ADD node_modules/cookie
4687 silly ADD node_modules/convert-source-map
4688 silly ADD node_modules/content-type
4689 silly ADD node_modules/content-disposition
4690 silly ADD node_modules/connect-history-api-fallback
4691 silly ADD node_modules/confusing-browser-globals
4692 silly ADD node_modules/concat-map
4693 silly ADD node_modules/compression
4694 silly ADD node_modules/compression/node_modules/safe-buffer
4695 silly ADD node_modules/compression/node_modules/ms
4696 silly ADD node_modules/compression/node_modules/debug
4697 silly ADD node_modules/compressible
4698 silly ADD node_modules/commondir
4699 silly ADD node_modules/common-tags
4700 silly ADD node_modules/common-path-prefix
4701 silly ADD node_modules/commander
4702 silly ADD node_modules/combined-stream
4703 silly ADD node_modules/colorette
4704 silly ADD node_modules/colord
4705 silly ADD node_modules/color-name
4706 silly ADD node_modules/color-convert
4707 silly ADD node_modules/collect-v8-coverage
4708 silly ADD node_modules/coa
4709 silly ADD node_modules/co
4710 silly ADD node_modules/cliui
4711 silly ADD node_modules/clean-css
4712 silly ADD node_modules/clean-css/node_modules/source-map
4713 silly ADD node_modules/classnames
4714 silly ADD node_modules/cjs-module-lexer
4715 silly ADD node_modules/ci-info
4716 silly ADD node_modules/chrome-trace-event
4717 silly ADD node_modules/chokidar
4718 silly ADD node_modules/chokidar/node_modules/glob-parent
4719 silly ADD node_modules/check-types
4720 silly ADD node_modules/char-regex
4721 silly ADD node_modules/chalk
4722 silly ADD node_modules/case-sensitive-paths-webpack-plugin
4723 silly ADD node_modules/caniuse-lite
4724 silly ADD node_modules/caniuse-api
4725 silly ADD node_modules/camelcase-css
4726 silly ADD node_modules/camelcase
4727 silly ADD node_modules/camel-case
4728 silly ADD node_modules/callsites
4729 silly ADD node_modules/call-bind
4730 silly ADD node_modules/bytes
4731 silly ADD node_modules/builtin-modules
4732 silly ADD node_modules/buffer-from
4733 silly ADD node_modules/bser
4734 silly ADD node_modules/browserslist
4735 silly ADD node_modules/browser-process-hrtime
4736 silly ADD node_modules/braces
4737 silly ADD node_modules/brace-expansion
4738 silly ADD node_modules/bootstrap
4739 silly ADD node_modules/boolbase
4740 silly ADD node_modules/bonjour-service
4741 silly ADD node_modules/body-parser
4742 silly ADD node_modules/body-parser/node_modules/ms
4743 silly ADD node_modules/body-parser/node_modules/iconv-lite
4744 silly ADD node_modules/body-parser/node_modules/debug
4745 silly ADD node_modules/body-parser/node_modules/bytes
4746 silly ADD node_modules/bluebird
4747 silly ADD node_modules/binary-extensions
4748 silly ADD node_modules/big.js
4749 silly ADD node_modules/bfj
4750 silly ADD node_modules/batch
4751 silly ADD node_modules/balanced-match
4752 silly ADD node_modules/babel-preset-react-app
4753 silly ADD node_modules/babel-preset-jest
4754 silly ADD node_modules/babel-preset-current-node-syntax
4755 silly ADD node_modules/babel-plugin-transform-react-remove-prop-types
4756 silly ADD node_modules/babel-plugin-polyfill-regenerator
4757 silly ADD node_modules/babel-plugin-polyfill-corejs3
4758 silly ADD node_modules/babel-plugin-polyfill-corejs2
4759 silly ADD node_modules/babel-plugin-polyfill-corejs2/node_modules/semver
4760 silly ADD node_modules/babel-plugin-named-asset-import
4761 silly ADD node_modules/babel-plugin-macros
4762 silly ADD node_modules/babel-plugin-jest-hoist
4763 silly ADD node_modules/babel-plugin-istanbul
4764 silly ADD node_modules/babel-loader
4765 silly ADD node_modules/babel-loader/node_modules/schema-utils
4766 silly ADD node_modules/babel-jest
4767 silly ADD node_modules/babel-jest/node_modules/supports-color
4768 silly ADD node_modules/babel-jest/node_modules/has-flag
4769 silly ADD node_modules/babel-jest/node_modules/color-name
4770 silly ADD node_modules/babel-jest/node_modules/color-convert
4771 silly ADD node_modules/babel-jest/node_modules/chalk
4772 silly ADD node_modules/babel-jest/node_modules/ansi-styles
4773 silly ADD node_modules/axobject-query
4774 silly ADD node_modules/axios
4775 silly ADD node_modules/axios/node_modules/form-data
4776 silly ADD node_modules/axe-core
4777 silly ADD node_modules/available-typed-arrays
4778 silly ADD node_modules/autoprefixer
4779 silly ADD node_modules/at-least-node
4780 silly ADD node_modules/asynckit
4781 silly ADD node_modules/async
4782 silly ADD node_modules/ast-types-flow
4783 silly ADD node_modules/asap
4784 silly ADD node_modules/array.prototype.tosorted
4785 silly ADD node_modules/array.prototype.reduce
4786 silly ADD node_modules/array.prototype.flatmap
4787 silly ADD node_modules/array.prototype.flat
4788 silly ADD node_modules/array-union
4789 silly ADD node_modules/array-includes
4790 silly ADD node_modules/array-flatten
4791 silly ADD node_modules/aria-query
4792 silly ADD node_modules/argparse
4793 silly ADD node_modules/arg
4794 silly ADD node_modules/anymatch
4795 silly ADD node_modules/ansi-styles
4796 silly ADD node_modules/ansi-regex
4797 silly ADD node_modules/ansi-html-community
4798 silly ADD node_modules/ansi-escapes
4799 silly ADD node_modules/ajv-keywords
4800 silly ADD node_modules/ajv-formats
4801 silly ADD node_modules/ajv-formats/node_modules/json-schema-traverse
4802 silly ADD node_modules/ajv-formats/node_modules/ajv
4803 silly ADD node_modules/ajv
4804 silly ADD node_modules/agent-base
4805 silly ADD node_modules/adjust-sourcemap-loader
4806 silly ADD node_modules/address
4807 silly ADD node_modules/acorn-walk
4808 silly ADD node_modules/acorn-node
4809 silly ADD node_modules/acorn-node/node_modules/acorn
4810 silly ADD node_modules/acorn-jsx
4811 silly ADD node_modules/acorn-import-assertions
4812 silly ADD node_modules/acorn-globals
4813 silly ADD node_modules/acorn-globals/node_modules/acorn
4814 silly ADD node_modules/acorn
4815 silly ADD node_modules/accepts
4816 silly ADD node_modules/abab
4817 silly ADD node_modules/@xtuc/long
4818 silly ADD node_modules/@xtuc/ieee754
4819 silly ADD node_modules/@webassemblyjs/wast-printer
4820 silly ADD node_modules/@webassemblyjs/wasm-parser
4821 silly ADD node_modules/@webassemblyjs/wasm-opt
4822 silly ADD node_modules/@webassemblyjs/wasm-gen
4823 silly ADD node_modules/@webassemblyjs/wasm-edit
4824 silly ADD node_modules/@webassemblyjs/utf8
4825 silly ADD node_modules/@webassemblyjs/leb128
4826 silly ADD node_modules/@webassemblyjs/ieee754
4827 silly ADD node_modules/@webassemblyjs/helper-wasm-section
4828 silly ADD node_modules/@webassemblyjs/helper-wasm-bytecode
4829 silly ADD node_modules/@webassemblyjs/helper-numbers
4830 silly ADD node_modules/@webassemblyjs/helper-buffer
4831 silly ADD node_modules/@webassemblyjs/helper-api-error
4832 silly ADD node_modules/@webassemblyjs/floating-point-hex-parser
4833 silly ADD node_modules/@webassemblyjs/ast
4834 silly ADD node_modules/@typescript-eslint/visitor-keys
4835 silly ADD node_modules/@typescript-eslint/utils
4836 silly ADD node_modules/@typescript-eslint/utils/node_modules/estraverse
4837 silly ADD node_modules/@typescript-eslint/utils/node_modules/eslint-scope
4838 silly ADD node_modules/@typescript-eslint/typescript-estree
4839 silly ADD node_modules/@typescript-eslint/types
4840 silly ADD node_modules/@typescript-eslint/type-utils
4841 silly ADD node_modules/@typescript-eslint/scope-manager
4842 silly ADD node_modules/@typescript-eslint/parser
4843 silly ADD node_modules/@typescript-eslint/experimental-utils
4844 silly ADD node_modules/@typescript-eslint/eslint-plugin
4845 silly ADD node_modules/@types/yargs-parser
4846 silly ADD node_modules/@types/yargs
4847 silly ADD node_modules/@types/ws
4848 silly ADD node_modules/@types/trusted-types
4849 silly ADD node_modules/@types/testing-library__jest-dom
4850 silly ADD node_modules/@types/stack-utils
4851 silly ADD node_modules/@types/sockjs
4852 silly ADD node_modules/@types/serve-static
4853 silly ADD node_modules/@types/serve-index
4854 silly ADD node_modules/@types/semver
4855 silly ADD node_modules/@types/scheduler
4856 silly ADD node_modules/@types/retry
4857 silly ADD node_modules/@types/resolve
4858 silly ADD node_modules/@types/react-dom
4859 silly ADD node_modules/@types/react
4860 silly ADD node_modules/@types/range-parser
4861 silly ADD node_modules/@types/qs
4862 silly ADD node_modules/@types/q
4863 silly ADD node_modules/@types/prop-types
4864 silly ADD node_modules/@types/prettier
4865 silly ADD node_modules/@types/parse-json
4866 silly ADD node_modules/@types/node
4867 silly ADD node_modules/@types/mime
4868 silly ADD node_modules/@types/json5
4869 silly ADD node_modules/@types/json-schema
4870 silly ADD node_modules/@types/jest
4871 silly ADD node_modules/@types/jest/node_modules/supports-color
4872 silly ADD node_modules/@types/jest/node_modules/react-is
4873 silly ADD node_modules/@types/jest/node_modules/pretty-format
4874 silly ADD node_modules/@types/jest/node_modules/pretty-format/node_modules/ansi-styles
4875 silly ADD node_modules/@types/jest/node_modules/jest-util
4876 silly ADD node_modules/@types/jest/node_modules/jest-message-util
4877 silly ADD node_modules/@types/jest/node_modules/jest-matcher-utils
4878 silly ADD node_modules/@types/jest/node_modules/jest-get-type
4879 silly ADD node_modules/@types/jest/node_modules/jest-diff
4880 silly ADD node_modules/@types/jest/node_modules/has-flag
4881 silly ADD node_modules/@types/jest/node_modules/expect
4882 silly ADD node_modules/@types/jest/node_modules/diff-sequences
4883 silly ADD node_modules/@types/jest/node_modules/color-name
4884 silly ADD node_modules/@types/jest/node_modules/color-convert
4885 silly ADD node_modules/@types/jest/node_modules/chalk
4886 silly ADD node_modules/@types/jest/node_modules/ansi-styles
4887 silly ADD node_modules/@types/jest/node_modules/@types/yargs
4888 silly ADD node_modules/@types/jest/node_modules/@jest/types
4889 silly ADD node_modules/@types/jest/node_modules/@jest/schemas
4890 silly ADD node_modules/@types/istanbul-reports
4891 silly ADD node_modules/@types/istanbul-lib-report
4892 silly ADD node_modules/@types/istanbul-lib-coverage
4893 silly ADD node_modules/@types/http-proxy
4894 silly ADD node_modules/@types/html-minifier-terser
4895 silly ADD node_modules/@types/graceful-fs
4896 silly ADD node_modules/@types/express-serve-static-core
4897 silly ADD node_modules/@types/express
4898 silly ADD node_modules/@types/estree
4899 silly ADD node_modules/@types/eslint-scope
4900 silly ADD node_modules/@types/eslint
4901 silly ADD node_modules/@types/connect-history-api-fallback
4902 silly ADD node_modules/@types/connect
4903 silly ADD node_modules/@types/bonjour
4904 silly ADD node_modules/@types/body-parser
4905 silly ADD node_modules/@types/babel__traverse
4906 silly ADD node_modules/@types/babel__template
4907 silly ADD node_modules/@types/babel__generator
4908 silly ADD node_modules/@types/babel__core
4909 silly ADD node_modules/@types/aria-query
4910 silly ADD node_modules/@trysound/sax
4911 silly ADD node_modules/@tootallnate/once
4912 silly ADD node_modules/@testing-library/user-event
4913 silly ADD node_modules/@testing-library/react
4914 silly ADD node_modules/@testing-library/jest-dom
4915 silly ADD node_modules/@testing-library/jest-dom/node_modules/supports-color
4916 silly ADD node_modules/@testing-library/jest-dom/node_modules/has-flag
4917 silly ADD node_modules/@testing-library/jest-dom/node_modules/color-name
4918 silly ADD node_modules/@testing-library/jest-dom/node_modules/color-convert
4919 silly ADD node_modules/@testing-library/jest-dom/node_modules/chalk
4920 silly ADD node_modules/@testing-library/jest-dom/node_modules/aria-query
4921 silly ADD node_modules/@testing-library/jest-dom/node_modules/ansi-styles
4922 silly ADD node_modules/@testing-library/dom
4923 silly ADD node_modules/@testing-library/dom/node_modules/supports-color
4924 silly ADD node_modules/@testing-library/dom/node_modules/has-flag
4925 silly ADD node_modules/@testing-library/dom/node_modules/color-name
4926 silly ADD node_modules/@testing-library/dom/node_modules/color-convert
4927 silly ADD node_modules/@testing-library/dom/node_modules/chalk
4928 silly ADD node_modules/@testing-library/dom/node_modules/aria-query
4929 silly ADD node_modules/@testing-library/dom/node_modules/ansi-styles
4930 silly ADD node_modules/@svgr/webpack
4931 silly ADD node_modules/@svgr/plugin-svgo
4932 silly ADD node_modules/@svgr/plugin-jsx
4933 silly ADD node_modules/@svgr/hast-util-to-babel-ast
4934 silly ADD node_modules/@svgr/core
4935 silly ADD node_modules/@svgr/babel-preset
4936 silly ADD node_modules/@svgr/babel-plugin-transform-svg-component
4937 silly ADD node_modules/@svgr/babel-plugin-transform-react-native-svg
4938 silly ADD node_modules/@svgr/babel-plugin-svg-em-dimensions
4939 silly ADD node_modules/@svgr/babel-plugin-svg-dynamic-title
4940 silly ADD node_modules/@svgr/babel-plugin-replace-jsx-attribute-value
4941 silly ADD node_modules/@svgr/babel-plugin-remove-jsx-empty-expression
4942 silly ADD node_modules/@svgr/babel-plugin-remove-jsx-attribute
4943 silly ADD node_modules/@svgr/babel-plugin-add-jsx-attribute
4944 silly ADD node_modules/@surma/rollup-plugin-off-main-thread
4945 silly ADD node_modules/@sinonjs/fake-timers
4946 silly ADD node_modules/@sinonjs/commons
4947 silly ADD node_modules/@sinclair/typebox
4948 silly ADD node_modules/@rushstack/eslint-patch
4949 silly ADD node_modules/@rollup/pluginutils
4950 silly ADD node_modules/@rollup/pluginutils/node_modules/@types/estree
4951 silly ADD node_modules/@rollup/plugin-replace
4952 silly ADD node_modules/@rollup/plugin-node-resolve
4953 silly ADD node_modules/@rollup/plugin-babel
4954 silly ADD node_modules/@popperjs/core
4955 silly ADD node_modules/@pmmmwh/react-refresh-webpack-plugin
4956 silly ADD node_modules/@nodelib/fs.walk
4957 silly ADD node_modules/@nodelib/fs.stat
4958 silly ADD node_modules/@nodelib/fs.scandir
4959 silly ADD node_modules/@nicolo-ribaudo/eslint-scope-5-internals
4960 silly ADD node_modules/@nicolo-ribaudo/eslint-scope-5-internals/node_modules/estraverse
4961 silly ADD node_modules/@nicolo-ribaudo/eslint-scope-5-internals/node_modules/eslint-scope
4962 silly ADD node_modules/@leichtgewicht/ip-codec
4963 silly ADD node_modules/@jridgewell/trace-mapping
4964 silly ADD node_modules/@jridgewell/sourcemap-codec
4965 silly ADD node_modules/@jridgewell/source-map
4966 silly ADD node_modules/@jridgewell/source-map/node_modules/@jridgewell/gen-mapping
4967 silly ADD node_modules/@jridgewell/set-array
4968 silly ADD node_modules/@jridgewell/resolve-uri
4969 silly ADD node_modules/@jridgewell/gen-mapping
4970 silly ADD node_modules/@jest/types
4971 silly ADD node_modules/@jest/types/node_modules/supports-color
4972 silly ADD node_modules/@jest/types/node_modules/has-flag
4973 silly ADD node_modules/@jest/types/node_modules/color-name
4974 silly ADD node_modules/@jest/types/node_modules/color-convert
4975 silly ADD node_modules/@jest/types/node_modules/chalk
4976 silly ADD node_modules/@jest/types/node_modules/ansi-styles
4977 silly ADD node_modules/@jest/transform
4978 silly ADD node_modules/@jest/transform/node_modules/supports-color
4979 silly ADD node_modules/@jest/transform/node_modules/source-map
4980 silly ADD node_modules/@jest/transform/node_modules/has-flag
4981 silly ADD node_modules/@jest/transform/node_modules/color-name
4982 silly ADD node_modules/@jest/transform/node_modules/color-convert
4983 silly ADD node_modules/@jest/transform/node_modules/chalk
4984 silly ADD node_modules/@jest/transform/node_modules/ansi-styles
4985 silly ADD node_modules/@jest/test-sequencer
4986 silly ADD node_modules/@jest/test-result
4987 silly ADD node_modules/@jest/source-map
4988 silly ADD node_modules/@jest/source-map/node_modules/source-map
4989 silly ADD node_modules/@jest/schemas
4990 silly ADD node_modules/@jest/reporters
4991 silly ADD node_modules/@jest/reporters/node_modules/supports-color
4992 silly ADD node_modules/@jest/reporters/node_modules/source-map
4993 silly ADD node_modules/@jest/reporters/node_modules/has-flag
4994 silly ADD node_modules/@jest/reporters/node_modules/color-name
4995 silly ADD node_modules/@jest/reporters/node_modules/color-convert
4996 silly ADD node_modules/@jest/reporters/node_modules/chalk
4997 silly ADD node_modules/@jest/reporters/node_modules/ansi-styles
4998 silly ADD node_modules/@jest/globals
4999 silly ADD node_modules/@jest/fake-timers
5000 silly ADD node_modules/@jest/expect-utils
5001 silly ADD node_modules/@jest/expect-utils/node_modules/jest-get-type
5002 silly ADD node_modules/@jest/environment
5003 silly ADD node_modules/@jest/core
5004 silly ADD node_modules/@jest/core/node_modules/supports-color
5005 silly ADD node_modules/@jest/core/node_modules/has-flag
5006 silly ADD node_modules/@jest/core/node_modules/color-name
5007 silly ADD node_modules/@jest/core/node_modules/color-convert
5008 silly ADD node_modules/@jest/core/node_modules/chalk
5009 silly ADD node_modules/@jest/core/node_modules/ansi-styles
5010 silly ADD node_modules/@jest/console
5011 silly ADD node_modules/@jest/console/node_modules/supports-color
5012 silly ADD node_modules/@jest/console/node_modules/has-flag
5013 silly ADD node_modules/@jest/console/node_modules/color-name
5014 silly ADD node_modules/@jest/console/node_modules/color-convert
5015 silly ADD node_modules/@jest/console/node_modules/chalk
5016 silly ADD node_modules/@jest/console/node_modules/ansi-styles
5017 silly ADD node_modules/@istanbuljs/schema
5018 silly ADD node_modules/@istanbuljs/load-nyc-config
5019 silly ADD node_modules/@istanbuljs/load-nyc-config/node_modules/p-locate
5020 silly ADD node_modules/@istanbuljs/load-nyc-config/node_modules/p-limit
5021 silly ADD node_modules/@istanbuljs/load-nyc-config/node_modules/locate-path
5022 silly ADD node_modules/@istanbuljs/load-nyc-config/node_modules/find-up
5023 silly ADD node_modules/@istanbuljs/load-nyc-config/node_modules/camelcase
5024 silly ADD node_modules/@humanwhocodes/object-schema
5025 silly ADD node_modules/@humanwhocodes/module-importer
5026 silly ADD node_modules/@humanwhocodes/config-array
5027 silly ADD node_modules/@eslint/eslintrc
5028 silly ADD node_modules/@eslint/eslintrc/node_modules/type-fest
5029 silly ADD node_modules/@eslint/eslintrc/node_modules/js-yaml
5030 silly ADD node_modules/@eslint/eslintrc/node_modules/globals
5031 silly ADD node_modules/@eslint/eslintrc/node_modules/argparse
5032 silly ADD node_modules/@csstools/selector-specificity
5033 silly ADD node_modules/@csstools/postcss-unset-value
5034 silly ADD node_modules/@csstools/postcss-trigonometric-functions
5035 silly ADD node_modules/@csstools/postcss-text-decoration-shorthand
5036 silly ADD node_modules/@csstools/postcss-stepped-value-functions
5037 silly ADD node_modules/@csstools/postcss-progressive-custom-properties
5038 silly ADD node_modules/@csstools/postcss-oklab-function
5039 silly ADD node_modules/@csstools/postcss-normalize-display-values
5040 silly ADD node_modules/@csstools/postcss-nested-calc
5041 silly ADD node_modules/@csstools/postcss-is-pseudo-class
5042 silly ADD node_modules/@csstools/postcss-ic-unit
5043 silly ADD node_modules/@csstools/postcss-hwb-function
5044 silly ADD node_modules/@csstools/postcss-font-format-keywords
5045 silly ADD node_modules/@csstools/postcss-color-function
5046 silly ADD node_modules/@csstools/postcss-cascade-layers
5047 silly ADD node_modules/@csstools/normalize.css
5048 silly ADD node_modules/@bcoe/v8-coverage
5049 silly ADD node_modules/@babel/types
5050 silly ADD node_modules/@babel/traverse
5051 silly ADD node_modules/@babel/template
5052 silly ADD node_modules/@babel/runtime-corejs3
5053 silly ADD node_modules/@babel/runtime
5054 silly ADD node_modules/@babel/preset-typescript
5055 silly ADD node_modules/@babel/preset-react
5056 silly ADD node_modules/@babel/preset-modules
5057 silly ADD node_modules/@babel/preset-env
5058 silly ADD node_modules/@babel/preset-env/node_modules/semver
5059 silly ADD node_modules/@babel/plugin-transform-unicode-regex
5060 silly ADD node_modules/@babel/plugin-transform-unicode-escapes
5061 silly ADD node_modules/@babel/plugin-transform-typescript
5062 silly ADD node_modules/@babel/plugin-transform-typeof-symbol
5063 silly ADD node_modules/@babel/plugin-transform-template-literals
5064 silly ADD node_modules/@babel/plugin-transform-sticky-regex
5065 silly ADD node_modules/@babel/plugin-transform-spread
5066 silly ADD node_modules/@babel/plugin-transform-shorthand-properties
5067 silly ADD node_modules/@babel/plugin-transform-runtime
5068 silly ADD node_modules/@babel/plugin-transform-runtime/node_modules/semver
5069 silly ADD node_modules/@babel/plugin-transform-reserved-words
5070 silly ADD node_modules/@babel/plugin-transform-regenerator
5071 silly ADD node_modules/@babel/plugin-transform-react-pure-annotations
5072 silly ADD node_modules/@babel/plugin-transform-react-jsx-development
5073 silly ADD node_modules/@babel/plugin-transform-react-jsx
5074 silly ADD node_modules/@babel/plugin-transform-react-display-name
5075 silly ADD node_modules/@babel/plugin-transform-react-constant-elements
5076 silly ADD node_modules/@babel/plugin-transform-property-literals
5077 silly ADD node_modules/@babel/plugin-transform-parameters
5078 silly ADD node_modules/@babel/plugin-transform-object-super
5079 silly ADD node_modules/@babel/plugin-transform-new-target
5080 silly ADD node_modules/@babel/plugin-transform-named-capturing-groups-regex
5081 silly ADD node_modules/@babel/plugin-transform-modules-umd
5082 silly ADD node_modules/@babel/plugin-transform-modules-systemjs
5083 silly ADD node_modules/@babel/plugin-transform-modules-commonjs
5084 silly ADD node_modules/@babel/plugin-transform-modules-amd
5085 silly ADD node_modules/@babel/plugin-transform-member-expression-literals
5086 silly ADD node_modules/@babel/plugin-transform-literals
5087 silly ADD node_modules/@babel/plugin-transform-function-name
5088 silly ADD node_modules/@babel/plugin-transform-for-of
5089 silly ADD node_modules/@babel/plugin-transform-flow-strip-types
5090 silly ADD node_modules/@babel/plugin-transform-exponentiation-operator
5091 silly ADD node_modules/@babel/plugin-transform-duplicate-keys
5092 silly ADD node_modules/@babel/plugin-transform-dotall-regex
5093 silly ADD node_modules/@babel/plugin-transform-destructuring
5094 silly ADD node_modules/@babel/plugin-transform-computed-properties
5095 silly ADD node_modules/@babel/plugin-transform-classes
5096 silly ADD node_modules/@babel/plugin-transform-block-scoping
5097 silly ADD node_modules/@babel/plugin-transform-block-scoped-functions
5098 silly ADD node_modules/@babel/plugin-transform-async-to-generator
5099 silly ADD node_modules/@babel/plugin-transform-arrow-functions
5100 silly ADD node_modules/@babel/plugin-syntax-typescript
5101 silly ADD node_modules/@babel/plugin-syntax-top-level-await
5102 silly ADD node_modules/@babel/plugin-syntax-private-property-in-object
5103 silly ADD node_modules/@babel/plugin-syntax-optional-chaining
5104 silly ADD node_modules/@babel/plugin-syntax-optional-catch-binding
5105 silly ADD node_modules/@babel/plugin-syntax-object-rest-spread
5106 silly ADD node_modules/@babel/plugin-syntax-numeric-separator
5107 silly ADD node_modules/@babel/plugin-syntax-nullish-coalescing-operator
5108 silly ADD node_modules/@babel/plugin-syntax-logical-assignment-operators
5109 silly ADD node_modules/@babel/plugin-syntax-jsx
5110 silly ADD node_modules/@babel/plugin-syntax-json-strings
5111 silly ADD node_modules/@babel/plugin-syntax-import-meta
5112 silly ADD node_modules/@babel/plugin-syntax-import-assertions
5113 silly ADD node_modules/@babel/plugin-syntax-flow
5114 silly ADD node_modules/@babel/plugin-syntax-export-namespace-from
5115 silly ADD node_modules/@babel/plugin-syntax-dynamic-import
5116 silly ADD node_modules/@babel/plugin-syntax-decorators
5117 silly ADD node_modules/@babel/plugin-syntax-class-static-block
5118 silly ADD node_modules/@babel/plugin-syntax-class-properties
5119 silly ADD node_modules/@babel/plugin-syntax-bigint
5120 silly ADD node_modules/@babel/plugin-syntax-async-generators
5121 silly ADD node_modules/@babel/plugin-proposal-unicode-property-regex
5122 silly ADD node_modules/@babel/plugin-proposal-private-property-in-object
5123 silly ADD node_modules/@babel/plugin-proposal-private-methods
5124 silly ADD node_modules/@babel/plugin-proposal-optional-chaining
5125 silly ADD node_modules/@babel/plugin-proposal-optional-catch-binding
5126 silly ADD node_modules/@babel/plugin-proposal-object-rest-spread
5127 silly ADD node_modules/@babel/plugin-proposal-numeric-separator
5128 silly ADD node_modules/@babel/plugin-proposal-nullish-coalescing-operator
5129 silly ADD node_modules/@babel/plugin-proposal-logical-assignment-operators
5130 silly ADD node_modules/@babel/plugin-proposal-json-strings
5131 silly ADD node_modules/@babel/plugin-proposal-export-namespace-from
5132 silly ADD node_modules/@babel/plugin-proposal-dynamic-import
5133 silly ADD node_modules/@babel/plugin-proposal-decorators
5134 silly ADD node_modules/@babel/plugin-proposal-class-static-block
5135 silly ADD node_modules/@babel/plugin-proposal-class-properties
5136 silly ADD node_modules/@babel/plugin-proposal-async-generator-functions
5137 silly ADD node_modules/@babel/plugin-bugfix-v8-spread-parameters-in-optional-chaining
5138 silly ADD node_modules/@babel/plugin-bugfix-safari-id-destructuring-collision-in-function-expression
5139 silly ADD node_modules/@babel/parser
5140 silly ADD node_modules/@babel/highlight
5141 silly ADD node_modules/@babel/helpers
5142 silly ADD node_modules/@babel/helper-wrap-function
5143 silly ADD node_modules/@babel/helper-validator-option
5144 silly ADD node_modules/@babel/helper-validator-identifier
5145 silly ADD node_modules/@babel/helper-string-parser
5146 silly ADD node_modules/@babel/helper-split-export-declaration
5147 silly ADD node_modules/@babel/helper-skip-transparent-expression-wrappers
5148 silly ADD node_modules/@babel/helper-simple-access
5149 silly ADD node_modules/@babel/helper-replace-supers
5150 silly ADD node_modules/@babel/helper-remap-async-to-generator
5151 silly ADD node_modules/@babel/helper-plugin-utils
5152 silly ADD node_modules/@babel/helper-optimise-call-expression
5153 silly ADD node_modules/@babel/helper-module-transforms
5154 silly ADD node_modules/@babel/helper-module-imports
5155 silly ADD node_modules/@babel/helper-member-expression-to-functions
5156 silly ADD node_modules/@babel/helper-hoist-variables
5157 silly ADD node_modules/@babel/helper-function-name
5158 silly ADD node_modules/@babel/helper-explode-assignable-expression
5159 silly ADD node_modules/@babel/helper-environment-visitor
5160 silly ADD node_modules/@babel/helper-define-polyfill-provider
5161 silly ADD node_modules/@babel/helper-define-polyfill-provider/node_modules/semver
5162 silly ADD node_modules/@babel/helper-create-regexp-features-plugin
5163 silly ADD node_modules/@babel/helper-create-class-features-plugin
5164 silly ADD node_modules/@babel/helper-compilation-targets
5165 silly ADD node_modules/@babel/helper-compilation-targets/node_modules/semver
5166 silly ADD node_modules/@babel/helper-builder-binary-assignment-operator-visitor
5167 silly ADD node_modules/@babel/helper-annotate-as-pure
5168 silly ADD node_modules/@babel/generator
5169 silly ADD node_modules/@babel/generator/node_modules/@jridgewell/gen-mapping
5170 silly ADD node_modules/@babel/eslint-parser
5171 silly ADD node_modules/@babel/eslint-parser/node_modules/semver
5172 silly ADD node_modules/@babel/eslint-parser/node_modules/eslint-visitor-keys
5173 silly ADD node_modules/@babel/core
5174 silly ADD node_modules/@babel/core/node_modules/semver
5175 silly ADD node_modules/@babel/compat-data
5176 silly ADD node_modules/@babel/code-frame
5177 silly ADD node_modules/@ampproject/remapping
5178 silly ADD node_modules/@adobe/css-tools
5179 verbose cwd /home/ubuntu/taski/frontend
5180 verbose os Linux 6.8.0-111-generic
5181 verbose node v18.20.8
5182 verbose npm  v10.8.2
5183 notice
5183 notice New [31mmajor[39m version of npm available! [31m10.8.2[39m -> [34m11.13.0[39m
5183 notice Changelog: [34mhttps://github.com/npm/cli/releases/tag/v11.13.0[39m
5183 notice To update run: [4mnpm install -g npm@11.13.0[24m
5183 notice  { force: true, [Symbol(proc-log.meta)]: true }
5184 verbose exit 0
5185 info ok
